folio_hash,estatus_pago,mes_ingreso_factura,tipo_suministro,region,tipo_dispositivo,coordinacion_administrativa,estado,municipio,fecha_instalacion,dias_pagar_junio,dias_pendientes,monto_reactivacion_mes_pausa,dias_mes,precio_unitario,precio_por_dia,dias_facturar,reactivacion_marzo,reactivacion_abril,reactivacion_mayo,reactivacion_junio,renta_junio_total,iva_16,total
F-0C8B02B1EB,AUTORIZADO,FEB-MAY_23,FASE INICIAL,1,Computadora de Escritorio Estandar,FEMDH,CIUDAD DE MEXICO,CUAUHTEMOC,24/04/2023,,,,30,$607.34,$20.24,30,$-,$-,$-,$-,$607.34,$97.17,$704.51
F-6ECAEFC2C3,DEVOLUCION (FRACCION DE SALIDA),FEB-MAY_23,FASE INICIAL,1,Computadora de Escritorio Estandar,FEMDH,CIUDAD DE MEXICO,CUAUHTEMOC,27/03/2023,,,,30,$607.34,$20.24,17,$-,$-,$-,$-,$344.16,$55.07,$399.22
F-9906FAE1FF,AUTORIZADO,FEB-MAY_23,FASE INICIAL,1,Computadora de Escritorio Estandar,SA_TLAX,TLAXCALA,TLAXCALA,17/05/2023,,,,30,$607.34,$20.24,30,$-,$-,$-,$-,$607.34,$97.17,$704.51
F-F28EB3A768,AUTORIZADO,FEB-MAY_23,FASE INICIAL,1,Computadora de Escritorio Estandar,FEMDH,CIUDAD DE MEXICO,CUAUHTEMOC,24/04/2023,,,,30,$607.34,$20.24,30,$-,$-,$-,$-,$607.34,$97.17,$704.51
F-6A48A6D6BE,DEVOLUCION (FRACCION DE SALIDA),FEB-MAY_23,FASE INICIAL,1,Computadora de Escritorio Estandar,DGSI,CIUDAD DE MEXICO,MIGUEL HIDALGO,31/03/2023,,,,30,$607.34,$20.24,30,$-,$-,$-,$-,$607.34,$97.17,$704.51
F-F4070412C8,PAUSADO (JUNIO 2026),SEP_COMP_24,BAJO DEMANDA,1,Teclado y raton inalambricos,CA_FEMDH,CIUDAD DE MEXICO,MIGUEL HIDALGO,13/03/2024,16,14,,30,$29.68,$0.99,16,$-,$-,$-,$-,$15.83,$2.53,$18.36
F-007971F1DD,AUTORIZADO,MARZO_25,,1,Computadora Portatil Estandar,INACIPE,CIUDAD DE MEXICO,TLALPAN,12/03/2025,,,,30,$664.99,$22.17,30,$-,$-,$-,$-,$664.99,$106.40,$771.39
F-F01FCB95C3,AUTORIZADO,JULIO_25,BAJO DEMANDA,1,Computadora Portatil Estandar,SA_PUE,PUEBLA,PUEBLA,11/06/2025,,,,30,$664.99,$22.17,30,$-,$-,$-,$-,$664.99,$106.40,$771.39
F-8B7B5453B9,AUTORIZADO,SEP_COMP_24,BAJO DEMANDA,2,Teclado y raton inalambricos,SA_MICH,MICHOACAN,APATZINGAN,13/05/2024,,,,30,$29.68,$0.99,30,$-,$-,$-,$-,$29.68,$4.75,$34.43
F-8DD77BB95C,DEVOLUCION (FRACCION DE SALIDA),FEB-MAY_23,FASE INICIAL,1,Computadora Portatil Estandar,FEMDH,CIUDAD DE MEXICO,CUAUHTEMOC,31/03/2023,,,,30,$664.99,$22.17,4,$-,$-,$-,$-,$88.67,$14.19,$102.85
F-B2395CC663,PAUSADO (JUNIO 2026),SEP_COMP_24,BAJO DEMANDA,2,Teclado y raton inalambricos,SA_TAB,TABASCO,CARDENAS,04/12/2023,19,11,,30,$29.68,$0.99,19,$-,$-,$-,$-,$18.80,$3.01,$21.80
F-8B56319073,AUTORIZADO,SEP_COMP_24,BAJO DEMANDA,1,Computadora Portatil Estandar,DGRHO,CIUDAD DE MEXICO,CUAUHTEMOC,08/01/2024,,,,30,$664.99,$22.17,30,$-,$-,$-,$-,$664.99,$106.40,$771.39
F-184F9A3628,AUTORIZADO,FEB-MAY_23,FASE INICIAL,1,Computadora de Escritorio Estandar,FEMCC,CIUDAD DE MEXICO,CUAUHTEMOC,31/03/2023,,,,30,$607.34,$20.24,30,$-,$-,$-,$-,$607.34,$97.17,$704.51
F-7AB5CC496C,AUTORIZADO,OCT_24,,1,Computadora de Escritorio Estandar,FEMDO,CIUDAD DE MEXICO,CUAUHTEMOC,14/12/2023,,,,30,$607.34,$20.24,30,$-,$-,$-,$-,$607.34,$97.17,$704.51
F-EF143672BF,PAUSADO (MAYO 2026),ENERO_25,,1,Monitor 24 pulgadas,FECOR,CIUDAD DE MEXICO,ALVARO OBREGON,22/01/2024,,11,,30,$91.12,$3.04,0,-,-,-,,$-,$-,$-
F-B471A00580,AUTORIZADO,FEB-MAY_23,FASE INICIAL,1,Computadora de Escritorio Estandar,SA_QROO,QUINTANA ROO,BENITO JUÁREZ,25/04/2023,,,,30,$607.34,$20.24,30,$-,$-,$-,$-,$607.34,$97.17,$704.51
F-E0B401665C,DEVOLUCION (FRACCION DE SALIDA)_se reactiva PAUSADO (MAYO 2026),NOV_24,,1,Memoria RAM Escritorio (16 GB),FEMDH,CIUDAD DE MEXICO,CUAUHTEMOC,24/09/2024,,4,$6.26,30,$48.53,$1.62,-,-,-,$6.26,$27.50,$33.76,$5.40,$39.16
F-9C18456417,AUTORIZADO (PAGO REACTIVADO)_mayo,,BAJO DEMANDA,1,Computadora Portatil Estandar,SA_EDOMEX,MEXICO,TOLUCA,30/08/2023,,5,$107.26,30,$664.99,$22.17,0,-,-,$107.26,$664.99,$772.25,$123.56,$895.81
F-0E9C40F9F2,AUTORIZADO,ENERO_25,,1,Teclado y raton inalambricos,SA_CDMX,CIUDAD DE MEXICO,XOCHIMILCO,08/05/2024,,,,30,$29.68,$0.99,30,$-,$-,$-,$-,$29.68,$4.75,$34.43
F-B54B6CF2CE,PAUSADO (MAYO 2026),AGOSTO_25,BAJO DEMANDA,1,Computadora de Escritorio Estandar,FEMDH,CIUDAD DE MEXICO,CUAUHTEMOC,08/07/2025,,9,,30,$607.34,$20.24,0,-,-,-,,$-,$-,$-
F-5F3BCE0388,AUTORIZADO (PAGO REACTIVADO)_abril,,BAJO DEMANDA,1,Computadora de Escritorio Estandar,FEMDH,CIUDAD DE MEXICO,CUAUHTEMOC,03/08/2023,,2,$40.49,30,$607.34,$20.24,0,-,$40.49,$607.34,$607.34,"$1,255.17",$200.83,"$1,456.00"
F-6492A7B438,AUTORIZADO,ENERO_25,,1,Computadora de Escritorio Estandar,CFIC,CIUDAD DE MEXICO,COYOACAN,12/09/2024,,,,30,$607.34,$20.24,30,$-,$-,$-,$-,$607.34,$97.17,$704.51
F-7063DCCF43,AUTORIZADO,FEB-MAY_23,FASE INICIAL,1,Computadora Portatil Estandar,PFM,CIUDAD DE MEXICO,MIGUEL HIDALGO,26/04/2023,,,,30,$664.99,$22.17,30,$-,$-,$-,$-,$664.99,$106.40,$771.39
F-2213C40878,DEVOLUCION (FRACCION DE SALIDA),FEB-MAY_23,FASE INICIAL,1,Computadora de Escritorio Estandar,DGSI,CIUDAD DE MEXICO,MIGUEL HIDALGO,30/03/2023,,,,30,$607.34,$20.24,30,$-,$-,$-,$-,$607.34,$97.17,$704.51
F-AFBED9BD03,AUTORIZADO,ENERO_25,,1,Computadora Portatil Estandar,CDMX,CIUDAD DE MEXICO,CUAUHTEMOC,10/06/2024,,,,30,$664.99,$22.17,30,$-,$-,$-,$-,$664.99,$106.40,$771.39
F-592F3E149E,AUTORIZADO,FEB-MAY_23,FASE INICIAL,1,Computadora de Escritorio Estandar,SA_JAL,JALISCO,GUADALAJARA,03/05/2023,,,,30,$607.34,$20.24,30,$-,$-,$-,$-,$607.34,$97.17,$704.51
F-D710982982,AUTORIZADO,MARZO_25,,1,Computadora Portatil Estandar,INACIPE,CIUDAD DE MEXICO,TLALPAN,11/03/2025,,,,30,$664.99,$22.17,30,$-,$-,$-,$-,$664.99,$106.40,$771.39
F-B7604812E8,AUTORIZADO,FEB-MAY_23,FASE INICIAL,3,Computadora de Escritorio Estandar,SA_BC,BAJA CALIFORNIA,TIJUANA,26/04/2023,,,,30,$607.34,$20.24,30,$-,$-,$-,$-,$607.34,$97.17,$704.51
F-1E7550D1F1,PAUSADO (MAYO 2026),OCT_24,,1,Computadora de Escritorio Estandar,FEMDH,CIUDAD DE MEXICO,CUAUHTEMOC,13/12/2023,,9,,30,$607.34,$20.24,0,-,-,-,,$-,$-,$-
F-7A45C8D7ED,AUTORIZADO,FEB-MAY_23,FASE INICIAL,1,Computadora de Escritorio Estandar,FEMDO,CIUDAD DE MEXICO,CUAUHTEMOC,30/03/2023,,,,30,$607.34,$20.24,30,$-,$-,$-,$-,$607.34,$97.17,$704.51
F-F7DF45227A,AUTORIZADO,FEB-MAY_23,FASE INICIAL,1,Computadora de Escritorio Estandar,SA_QRO,QUERETARO,QUERÉTARO,14/04/2023,,,,30,$607.34,$20.24,30,$-,$-,$-,$-,$607.34,$97.17,$704.51
F-2AA9E48C53,AUTORIZADO,SEP_COMP_24,BAJO DEMANDA,1,Teclado y raton inalambricos,SA_TLAX,TLAXCALA,TLAXCALA,15/12/2023,,,,30,$29.68,$0.99,30,$-,$-,$-,$-,$29.68,$4.75,$34.43
F-881959EC86,PAUSADO (JUNIO 2026),FEB-MAY_23,FASE INICIAL,1,Computadora de Escritorio Estandar,FECOR,CIUDAD DE MEXICO,CUAUHTÉMOC,22/03/2023,1,29,,30,$607.34,$20.24,1,$-,$-,$-,$-,$20.24,$3.24,$23.48
F-E8CCB2652C,AUTORIZADO,ABRIL_25,BAJO DEMANDA,1,Teclado y raton inalambricos,CFPF,CIUDAD DE MEXICO,CUAUHTEMOC,24/02/2025,,,,30,$29.68,$0.99,30,$-,$-,$-,$-,$29.68,$4.75,$34.43
F-1BC5BBB196,AUTORIZADO,SEP_COMP_24,BAJO DEMANDA,2,Teclado y raton inalambricos,SA_SON,SONORA,CABORCA,12/02/2024,,,,30,$29.68,$0.99,30,$-,$-,$-,$-,$29.68,$4.75,$34.43
F-F941BBFAA6,PAUSADO (JUNIO 2026),FEB-MAY_23,FASE INICIAL,1,Computadora de Escritorio Estandar,SA_SON,SONORA,HERMOSILLO,02/05/2023,20,10,,30,$607.34,$20.24,20,$-,$-,$-,$-,$404.89,$64.78,$469.68
F-CA3EBD4814,AUTORIZADO,SEP_COMP_24,BAJO DEMANDA,1,Monitor 24 pulgadas,SA_COAH,COAHUILA,TORREON,14/12/2023,,,,30,$91.12,$3.04,30,$-,$-,$-,$-,$91.12,$14.58,$105.70
F-E2CB034ABC,AUTORIZADO,FEB-MAY_23,FASE INICIAL,1,Computadora de Escritorio Estandar,CAOM,CIUDAD DE MEXICO,CUAUHTEMOC,21/03/2023,,,,30,$607.34,$20.24,30,$-,$-,$-,$-,$607.34,$97.17,$704.51
F-F9116F89EA,AUTORIZADO,ENERO_25,,1,Teclado y raton inalambricos,CFPF,CIUDAD DE MEXICO,CUAUHTEMOC,30/12/2024,,,,30,$29.68,$0.99,30,$-,$-,$-,$-,$29.68,$4.75,$34.43
F-4B5A98B51B,PAUSADO (JUNIO 2026),FEB-MAY_23,FASE INICIAL,1,Computadora de Escritorio Estandar,FEMDH,CIUDAD DE MEXICO,CUAUHTEMOC,17/03/2023,15,15,,30,$607.34,$20.24,15,$-,$-,$-,$-,$303.67,$48.59,$352.26
F-B964280B7F,AUTORIZADO,,"""776""_INICIAL",1,Computadora de Escritorio Estandar,SA_PUE,PUEBLA,PUEBLA,04/07/2023,,,,30,$607.34,$20.24,30,$-,$-,$-,$-,$607.34,$97.17,$704.51
F-3CA6B7DD7D,PAUSADO (JUNIO 2026),FEB-MAY_23,FASE INICIAL,1,Computadora de Escritorio Estandar,SA_SON,SONORA,HERMOSILLO,12/05/2023,20,10,,30,$607.34,$20.24,20,$-,$-,$-,$-,$404.89,$64.78,$469.68
F-C92739CEEF,AUTORIZADO,FEB-MAY_23,FASE INICIAL,1,Computadora de Escritorio Estandar,SA_EDOMEX,ESTADO DE MEXICO,TOLUCA,05/04/2023,,,,30,$607.34,$20.24,30,$-,$-,$-,$-,$607.34,$97.17,$704.51
F-2766A26D5D,AUTORIZADO,FEB-MAY_23,FASE INICIAL,3,Computadora de Escritorio Estandar,SA_BC,BAJA CALIFORNIA,TIJUANA,21/04/2023,,,,30,$607.34,$20.24,30,$-,$-,$-,$-,$607.34,$97.17,$704.51
F-33F7969061,AUTORIZADO,NOV_24,,1,Monitor 24 pulgadas,UEITICS,CIUDAD DE MEXICO,CUAUHTEMOC,25/07/2024,,,,30,$91.12,$3.04,30,$-,$-,$-,$-,$91.12,$14.58,$105.70
F-AA8DBCFF6A,AUTORIZADO,ENERO_25,,1,Computadora de Escritorio Estandar,FEMDO,CIUDAD DE MEXICO,CUAUHTEMOC,09/10/2023,,,,30,$607.34,$20.24,30,$-,$-,$-,$-,$607.34,$97.17,$704.51
F-CBBDFC483B,PAUSADO (MAYO 2026),FEB-MAY_23,FASE INICIAL,1,Computadora de Escritorio Estandar,FEMDH,CIUDAD DE MEXICO,CUAUHTEMOC,24/03/2023,,9,,30,$607.34,$20.24,0,-,-,-,,$-,$-,$-
F-3BC3239187,AUTORIZADO,SEP_COMP_24,BAJO DEMANDA,2,Monitor 24 pulgadas,SA_CHIS,CHIAPAS,TAPACHULA,16/04/2024,,,,30,$91.12,$3.04,30,$-,$-,$-,$-,$91.12,$14.58,$105.70
F-71EC4F0D42,AUTORIZADO,FEB-MAY_23,FASE INICIAL,1,Computadora de Escritorio Estandar,FEAI,CIUDAD DE MEXICO,ÁLVARO OBREGÓN,21/04/2023,,,,30,$607.34,$20.24,30,$-,$-,$-,$-,$607.34,$97.17,$704.51
F-E14209C67F,PAUSADO (ABRIL 2026),,"""776""_INICIAL",1,Computadora de Escritorio Estandar,FECOR,CIUDAD DE MEXICO,CUAUHTEMOC,23/06/2023,,2,,31,$607.34,$19.59,0,-,-,-,,$-,$-,$-
F-18272E954A,AUTORIZADO,ABRIL_25,BAJO DEMANDA,1,Computadora Portatil Estandar,INACIPE,CIUDAD DE MEXICO,TLALPAN,31/03/2025,,,,30,$664.99,$22.17,30,$-,$-,$-,$-,$664.99,$106.40,$771.39
F-BF847700F2,PAUSADO (MAYO 2026),NOV_24,,1,Teclado y raton inalambricos,FEMDH,CIUDAD DE MEXICO,CUAUHTEMOC,07/08/2024,,9,,30,$29.68,$0.99,0,-,-,-,,$-,$-,$-
F-9708769A28,AUTORIZADO,JUNIO_25,BAJO DEMANDA,1,Computadora de Escritorio Estandar,PFM,CIUDAD DE MEXICO,CUAUHTEMOC,09/04/2025,,,,30,$607.34,$20.24,30,$-,$-,$-,$-,$607.34,$97.17,$704.51
F-00BD313238,PAUSADO (MAYO 2026),SEP_COMP_24,BAJO DEMANDA,1,Computadora Portatil Estandar,FECOR,CIUDAD DE MEXICO,CUAUHTEMOC,29/09/2023,,11,,30,$664.99,$22.17,0,-,-,-,,$-,$-,$-
F-83C9CD8442,AUTORIZADO,FEB-MAY_23,FASE INICIAL,1,Computadora de Escritorio Estandar,FEAI,CIUDAD DE MEXICO,ALVARO OBREGON,21/04/2023,,,,30,$607.34,$20.24,30,$-,$-,$-,$-,$607.34,$97.17,$704.51
F-C5EBD5530F,DEVOLUCION (FRACCION DE SALIDA),SEP_COMP_24,BAJO DEMANDA,1,Monitor 24 pulgadas,CA_FEMDH,CIUDAD DE MEXICO,CUAUHTEMOC,13/03/2024,,,,30,$91.12,$3.04,4,$-,$-,$-,$-,$12.15,$1.94,$14.09
F-C6935E989A,AUTORIZADO,FEB-MAY_23,FASE INICIAL,1,Computadora de Escritorio Estandar,COPLADII,CIUDAD DE MEXICO,CUAUHTEMOC,24/03/2023,,,,30,$607.34,$20.24,30,$-,$-,$-,$-,$607.34,$97.17,$704.51
F-FAA2D3EDB4,AUTORIZADO,SEP_COMP_24,BAJO DEMANDA,1,Computadora Portatil Estandar,CDMX,CIUDAD DE MEXICO,MIGUEL HIDALGO,26/02/2024,,,,30,$664.99,$22.17,30,$-,$-,$-,$-,$664.99,$106.40,$771.39
F-DB5BD57919,AUTORIZADO,SEP_COMP_24,BAJO DEMANDA,1,Teclado y raton inalambricos,FEAIN,CIUDAD DE MEXICO,ALVARO OBREGON,09/05/2024,,,,30,$29.68,$0.99,30,$-,$-,$-,$-,$29.68,$4.75,$34.43
F-3FA1C30DE5,AUTORIZADO,FEB-MAY_23,FASE INICIAL,1,Computadora de Escritorio Estandar,CFSPC,CIUDAD DE MEXICO,CUAUHTÉMOC,13/04/2023,,,,30,$607.34,$20.24,30,$-,$-,$-,$-,$607.34,$97.17,$704.51
F-DF6F5731F7,DEVOLUCION (FRACCION DE SALIDA),FEB-MAY_23,FASE INICIAL,1,Computadora de Escritorio Estandar,FEMDH,CIUDAD DE MEXICO,CUAUHTÉMOC,24/03/2023,,,,30,$607.34,$20.24,17,$-,$-,$-,$-,$344.16,$55.07,$399.22
F-B2095329D8,AUTORIZADO,,BAJO DEMANDA,1,Computadora Portatil Estandar,SA_QRO,QUERETARO,QUERETARO,04/09/2023,,,,30,$664.99,$22.17,30,$-,$-,$-,$-,$664.99,$106.40,$771.39
F-BEFDE67FD9,AUTORIZADO (PAGO REACTIVADO)_mayo,SEP_COMP_24,BAJO DEMANDA,1,Teclado y raton inalambricos,SA_EDOMEX,MEXICO,TOLUCA,13/02/2024,,5,$4.79,30,$29.68,$0.99,0,-,-,$4.79,$29.68,$34.47,$5.51,$39.98
F-6F414622C5,AUTORIZADO,FEB-MAY_23,FASE INICIAL,1,Computadora de Escritorio Estandar,SA_QROO,QUINTANA ROO,BENITO JUÁREZ,21/04/2023,,,,30,$607.34,$20.24,30,$-,$-,$-,$-,$607.34,$97.17,$704.51
F-DB91360763,AUTORIZADO,FEB-MAY_23,FASE INICIAL,2,Computadora de Escritorio Estandar,SA_BC,BAJA CALIFORNIA,ENSENADA,28/04/2023,,,,30,$607.34,$20.24,30,$-,$-,$-,$-,$607.34,$97.17,$704.51
F-510B3ED7E9,AUTORIZADO,FEB-MAY_23,FASE INICIAL,2,Computadora Portatil Estandar,SA_CHIS,CHIAPAS,TAPACHULA,02/05/2023,,,,30,$664.99,$22.17,30,$-,$-,$-,$-,$664.99,$106.40,$771.39
F-C03C2E0E5D,PAUSADO (MAYO 2026),JUNIO_25,BAJO DEMANDA,1,Computadora Portatil Estandar,INACIPE,CIUDAD DE MEXICO,TLALPAN,02/05/2025,,12,,30,$664.99,$22.17,0,-,-,-,,$-,$-,$-
F-22D2B24922,PAUSADO (MAYO 2026),JULIO_25,BAJO DEMANDA,1,Computadora de Escritorio Estandar,FECOC,CIUDAD DE MEXICO,ALVARO OBREGON,27/12/2024,,10,,30,$607.34,$20.24,0,-,-,-,,$-,$-,$-
F-4C8E94CC9B,AUTORIZADO,ABRIL_25,BAJO DEMANDA,1,Computadora Portatil Estandar,INACIPE,CIUDAD DE MEXICO,TLALPAN,02/04/2025,,,,30,$664.99,$22.17,30,$-,$-,$-,$-,$664.99,$106.40,$771.39
F-FC582148BB,PAUSADO (JUNIO 2026),FEB-MAY_23,FASE INICIAL,1,Computadora de Escritorio Estandar,DGCRAM,CIUDAD DE MEXICO,MIGUEL HIDALGO,09/03/2023,30,0,,30,$607.34,$20.24,30,$-,$-,$-,$-,$607.34,$97.17,$704.51
F-286D148DCE,PAUSADO (JUNIO 2026),ENERO_2026,BAJO DEMANDA,1,Computadora Portatil Estandar,FEMDH,CIUDAD DE MEXICO,CUAUHTEMOC,11/12/2025,15,15,,30,$664.99,$22.17,15,$-,$-,$-,$-,$332.50,$53.20,$385.69
F-EE335ED70E,AUTORIZADO,FEB-MAY_23,FASE INICIAL,2,Computadora de Escritorio Estandar,SA_BC,BAJA CALIFORNIA,ENSENADA,25/04/2023,,,,30,$607.34,$20.24,30,$-,$-,$-,$-,$607.34,$97.17,$704.51
F-7576A56F4B,AUTORIZADO,FEB-MAY_23,FASE INICIAL,1,Computadora de Escritorio Estandar,SJAI,CIUDAD DE MEXICO,CUAUHTEMOC,24/03/2023,,,,30,$607.34,$20.24,30,$-,$-,$-,$-,$607.34,$97.17,$704.51
F-5916F9275F,AUTORIZADO,ENERO_25,,1,Computadora de Escritorio Estandar,CFIC,CIUDAD DE MEXICO,COYOACAN,12/09/2024,,,,30,$607.34,$20.24,30,$-,$-,$-,$-,$607.34,$97.17,$704.51
F-374B35405F,AUTORIZADO,FEB-MAY_23,FASE INICIAL,1,Computadora de Escritorio Estandar,SA_EDOMEX,ESTADO DE MEXICO,TOLUCA,03/04/2023,,,,30,$607.34,$20.24,30,$-,$-,$-,$-,$607.34,$97.17,$704.51
F-C837162BD8,AUTORIZADO,SEP_COMP_24,BAJO DEMANDA,1,Teclado y raton inalambricos,SA_PUE,PUEBLA,PUEBLA,08/12/2023,,,,30,$29.68,$0.99,30,$-,$-,$-,$-,$29.68,$4.75,$34.43
F-9F90239EAB,PAUSADO (JUNIO 2026),SEP_COMP_24,BAJO DEMANDA,1,Monitor 24 pulgadas,SA_SON,SONORA,HERMOSILLO,05/01/2024,20,10,,30,$91.12,$3.04,20,$-,$-,$-,$-,$60.75,$9.72,$70.47
F-93D6DCB167,AUTORIZADO,FEB-MAY_23,FASE INICIAL,1,Computadora de Escritorio Estandar,SA_QRO,QUERETARO,QUERÉTARO,05/04/2023,,,,30,$607.34,$20.24,30,$-,$-,$-,$-,$607.34,$97.17,$704.51
F-FF543EC5C5,AUTORIZADO,FEB-MAY_23,FASE INICIAL,1,Computadora Portatil Estandar,FEMDH,CIUDAD DE MEXICO,CUAUHTEMOC,31/03/2023,,,,30,$664.99,$22.17,30,$-,$-,$-,$-,$664.99,$106.40,$771.39
F-769EDA0627,AUTORIZADO,FEB-MAY_23,FASE INICIAL,1,Computadora de Escritorio Estandar,UDET,CIUDAD DE MEXICO,CUAUHTÉMOC,14/03/2023,,,,30,$607.34,$20.24,30,$-,$-,$-,$-,$607.34,$97.17,$704.51
F-3DC9FF254B,AUTORIZADO,SEP_COMP_24,BAJO DEMANDA,1,Monitor 24 pulgadas,SA_TAB,TABASCO,CENTRO,12/03/2024,,,,30,$91.12,$3.04,30,$-,$-,$-,$-,$91.12,$14.58,$105.70
F-34924C0617,AUTORIZADO,SEP_COMP_24,BAJO DEMANDA,1,Monitor 24 pulgadas,SA_EDOMEX,MEXICO,TLALNEPANTLA DE BAZ,18/01/2024,,,,30,$91.12,$3.04,30,$-,$-,$-,$-,$91.12,$14.58,$105.70
F-0643B7F991,PAUSADO (JUNIO 2026),,BAJO DEMANDA,1,Computadora Portatil Estandar,FECOR,CIUDAD DE MEXICO,CUAUHTEMOC,18/08/2023,19,11,,30,$664.99,$22.17,19,$-,$-,$-,$-,$421.16,$67.39,$488.55
F-A9628ABC7A,AUTORIZADO,FEB-MAY_23,FASE INICIAL,1,Computadora de Escritorio Estandar,SA_COL,COLIMA,COLIMA,04/05/2023,,,,30,$607.34,$20.24,30,$-,$-,$-,$-,$607.34,$97.17,$704.51
F-61C72CA08F,PAUSADO (JUNIO 2026),FEB-MAY_23,FASE INICIAL,1,Computadora Portatil Estandar,FEMDH,CIUDAD DE MEXICO,CUAUHTEMOC,31/03/2023,15,15,,30,$664.99,$22.17,15,$-,$-,$-,$-,$332.50,$53.20,$385.69
F-197661E331,DEVOLUCION (FRACCION DE SALIDA),FEBRERO_2026,BAJO DEMANDA,1,Computadora Portatil Estandar,URAMYDF,CIUDAD DE MEXICO,MIGUEL HIDALGO,16/02/2026,,,,30,$664.99,$22.17,11,$-,$-,$-,$-,$243.83,$39.01,$282.84
F-620246A71D,AUTORIZADO,FEB-MAY_23,FASE INICIAL,1,Computadora de Escritorio Estandar,SA_CDMX,CIUDAD DE MEXICO,CUAUHTÉMOC,15/03/2023,,,,30,$607.34,$20.24,30,$-,$-,$-,$-,$607.34,$97.17,$704.51
F-322054011F,AUTORIZADO,FEB-MAY_23,FASE INICIAL,1,Computadora de Escritorio Estandar,SA_SLP,SAN LUIS POTOSI,SAN LUIS POTOSI,05/05/2023,,,,30,$607.34,$20.24,30,$-,$-,$-,$-,$607.34,$97.17,$704.51
F-208778483D,AUTORIZADO,FEB-MAY_23,FASE INICIAL,1,Computadora de Escritorio Estandar,CGSP,MORELOS,CUERNAVACA,21/04/2023,,,,30,$607.34,$20.24,30,$-,$-,$-,$-,$607.34,$97.17,$704.51
F-D5E462FF09,AUTORIZADO,SEP_COMP_24,BAJO DEMANDA,1,Monitor 24 pulgadas,SA_HGO,HIDALGO,PACHUCA DE SOTO,12/12/2023,,,,30,$91.12,$3.04,30,$-,$-,$-,$-,$91.12,$14.58,$105.70
F-266AC37D65,AUTORIZADO,FEBRERO_25,,1,Monitor 24 pulgadas,SA_JAL,JALISCO,GUADALAJARA,24/12/2024,,,,30,$91.12,$3.04,30,$-,$-,$-,$-,$91.12,$14.58,$105.70
F-4027A3F389,PAUSADO (JUNIO 2026),FEB-MAY_23,FASE INICIAL,1,Computadora de Escritorio Estandar,DGRMSG,CIUDAD DE MEXICO,GUSTAVO A. MADERO,24/02/2023,26,4,,30,$607.34,$20.24,26,$-,$-,$-,$-,$526.36,$84.22,$610.58
F-1BF3A42D74,PAUSADO (JUNIO 2026),FEB-MAY_23,FASE INICIAL,1,Computadora de Escritorio Estandar,FECOR,CIUDAD DE MEXICO,CUAUHTÉMOC,21/03/2023,23,7,,30,$607.34,$20.24,23,$-,$-,$-,$-,$465.63,$74.50,$540.13
F-C0E5ED9F29,PAUSADO (JUNIO 2026),FEBRERO_25,,1,Monitor 24 pulgadas,CFPF,CIUDAD DE MEXICO,CUAUHTEMOC,10/01/2025,23,7,,30,$91.12,$3.04,23,$-,$-,$-,$-,$69.86,$11.18,$81.04
F-5B6467683C,PAUSADO (MAYO 2026),FEB-MAY_23,FASE INICIAL,1,Computadora Portatil Estandar,FEMDH,CIUDAD DE MEXICO,CUAUHTEMOC,29/03/2023,,8,,30,$664.99,$22.17,0,-,-,-,,$-,$-,$-
F-B431509618,AUTORIZADO,FEB-MAY_23,FASE INICIAL,1,Computadora Portatil Estandar,SA_VER,VERACRUZ,VERACRUZ,18/05/2023,,,,30,$664.99,$22.17,30,$-,$-,$-,$-,$664.99,$106.40,$771.39
F-C5F082D929,PAUSADO (MAYO 2026),,"""776""_INICIAL",1,Computadora de Escritorio Estandar,FEMDH,CIUDAD DE MEXICO,CUAUHTEMOC,24/03/2023,,9,,30,$607.34,$20.24,0,-,-,-,,$-,$-,$-
F-FEC4FC2620,AUTORIZADO,SEP_COMP_24,BAJO DEMANDA,1,Teclado y raton inalambricos,SA_TLAX,TLAXCALA,TLAXCALA,15/12/2023,,,,30,$29.68,$0.99,30,$-,$-,$-,$-,$29.68,$4.75,$34.43
F-E9B02A34E4,AUTORIZADO,FEB-MAY_23,FASE INICIAL,1,Computadora Portatil Estandar,CGSP,MORELOS,CUERNAVACA,21/04/2023,,,,30,$664.99,$22.17,30,$-,$-,$-,$-,$664.99,$106.40,$771.39
F-D0E1AC4FDE,DEVOLUCION (FRACCION DE SALIDA),FEB-MAY_23,FASE INICIAL,2,Computadora de Escritorio Estandar,SA_GRO,GUERRERO,ACAPULCO DE JUAREZ,08/05/2023,,,,30,$607.34,$20.24,26,$-,$-,$-,$-,$526.36,$84.22,$610.58
F-B76802E775,AUTORIZADO,FEB-MAY_23,FASE INICIAL,1,Computadora de Escritorio Estandar,FECOR,CIUDAD DE MEXICO,CUAUHTÉMOC,03/04/2023,,,,30,$607.34,$20.24,30,$-,$-,$-,$-,$607.34,$97.17,$704.51
F-B785A14880,AUTORIZADO,SEP_COMP_24,BAJO DEMANDA,1,Teclado y raton inalambricos,SA_NL,NUEVO LEON,GENERAL ESCOBEDO,11/01/2024,,,,30,$29.68,$0.99,30,$-,$-,$-,$-,$29.68,$4.75,$34.43
F-2D1AF9E8C7,AUTORIZADO,FEB-MAY_23,FASE INICIAL,1,Computadora de Escritorio Estandar,FEMDO,CIUDAD DE MEXICO,CUAUHTÉMOC,10/03/2023,,,,30,$607.34,$20.24,30,$-,$-,$-,$-,$607.34,$97.17,$704.51
F-5A925555B4,AUTORIZADO,ABRIL_25,BAJO DEMANDA,1,Teclado y raton inalambricos,CDMX,CIUDAD DE MEXICO,CUAUHTEMOC,29/01/2025,,,,30,$29.68,$0.99,30,$-,$-,$-,$-,$29.68,$4.75,$34.43
F-B80CDD4F7F,PAUSADO (JUNIO 2026),SEP_COMP_24,BAJO DEMANDA,1,Teclado y raton inalambricos,FEMDH,CIUDAD DE MEXICO,CUAUHTEMOC,19/12/2023,16,14,,30,$29.68,$0.99,16,$-,$-,$-,$-,$15.83,$2.53,$18.36
F-BAB1251D68,AUTORIZADO,FEB-MAY_23,FASE INICIAL,1,Computadora de Escritorio Estandar,DGSI,CIUDAD DE MEXICO,CUAUHTEMOC,11/04/2023,,,,30,$607.34,$20.24,30,$-,$-,$-,$-,$607.34,$97.17,$704.51
F-FCBA9ABCB9,AUTORIZADO,FEB-MAY_23,FASE INICIAL,1,Computadora de Escritorio Estandar,FEAI,CIUDAD DE MEXICO,ALVARO OBREGON,17/04/2023,,,,30,$607.34,$20.24,30,$-,$-,$-,$-,$607.34,$97.17,$704.51
F-04FB275032,AUTORIZADO,FEB-MAY_23,FASE INICIAL,3,Computadora de Escritorio Estandar,SA_BC,BAJA CALIFORNIA,TIJUANA,24/04/2023,,,,30,$607.34,$20.24,30,$-,$-,$-,$-,$607.34,$97.17,$704.51
F-C2875FA4B4,AUTORIZADO,OCT_24,,1,Computadora de Escritorio Estandar,FEMDH,CIUDAD DE MEXICO,CUAUHTEMOC,13/12/2023,,,,30,$607.34,$20.24,30,$-,$-,$-,$-,$607.34,$97.17,$704.51
F-06D0F070D6,AUTORIZADO,ABRIL_25,BAJO DEMANDA,1,Computadora de Escritorio Estandar,PFM,CIUDAD DE MEXICO,MIGUEL HIDALGO,30/01/2025,,,,30,$607.34,$20.24,30,$-,$-,$-,$-,$607.34,$97.17,$704.51
F-CF8DACCCC5,PAUSADO (JUNIO 2026),FEB-MAY_23,FASE INICIAL,1,Computadora de Escritorio Estandar,FEMDO,CIUDAD DE MEXICO,CUAUHTEMOC,07/03/2023,26,4,,30,$607.34,$20.24,26,$-,$-,$-,$-,$526.36,$84.22,$610.58
F-E99FDB1BA2,AUTORIZADO,FEB-MAY_23,FASE INICIAL,3,Computadora de Escritorio Estandar,SA_BC,BAJA CALIFORNIA,TIJUANA,02/05/2023,,,,30,$607.34,$20.24,30,$-,$-,$-,$-,$607.34,$97.17,$704.51
F-65505A790D,AUTORIZADO,FEB-MAY_23,FASE INICIAL,1,Computadora Portatil Estandar,FECOC,CIUDAD DE MEXICO,CUAUHTEMOC,30/03/2023,,,,30,$664.99,$22.17,30,$-,$-,$-,$-,$664.99,$106.40,$771.39
F-86876E0B73,AUTORIZADO,FEB-MAY_23,FASE INICIAL,1,Computadora de Escritorio Estandar,SA_NL,NUEVO LEON,GENERAL ESCOBEDO,27/04/2023,,,,30,$607.34,$20.24,30,$-,$-,$-,$-,$607.34,$97.17,$704.51
F-0691B13A00,AUTORIZADO,FEB-MAY_23,FASE INICIAL,1,Computadora de Escritorio Estandar,CECC,CIUDAD DE MEXICO,CUAUHTÉMOC,28/04/2023,,,,30,$607.34,$20.24,30,$-,$-,$-,$-,$607.34,$97.17,$704.51
F-0592A529DA,AUTORIZADO,FEB-MAY_23,FASE INICIAL,1,Computadora de Escritorio Estandar,SA_COAH,COAHUILA,TORREON,25/04/2023,,,,30,$607.34,$20.24,30,$-,$-,$-,$-,$607.34,$97.17,$704.51
F-5F977EC6A5,AUTORIZADO,FEB-MAY_23,FASE INICIAL,1,Computadora de Escritorio Estandar,SA_COAH,COAHUILA,TORREÓN,26/04/2023,,,,30,$607.34,$20.24,30,$-,$-,$-,$-,$607.34,$97.17,$704.51
F-0A2C3A7689,AUTORIZADO,FEB-MAY_23,FASE INICIAL,3,Computadora de Escritorio Estandar,SA_OAX,OAXACA,SALINA CRUZ,28/04/2023,,,,30,$607.34,$20.24,30,$-,$-,$-,$-,$607.34,$97.17,$704.51
F-9B880C7107,PAUSADO (JUNIO 2026),FEB-MAY_23,FASE INICIAL,1,Computadora de Escritorio Estandar,SA_SON,SONORA,HERMOSILLO,26/04/2023,20,10,,30,$607.34,$20.24,20,$-,$-,$-,$-,$404.89,$64.78,$469.68
F-FC726BACFE,PAUSADO (JUNIO 2026),SEP_COMP_24,BAJO DEMANDA,1,Teclado y raton inalambricos,FEMDH,CIUDAD DE MEXICO,CUAUHTEMOC,19/12/2023,16,14,,30,$29.68,$0.99,16,$-,$-,$-,$-,$15.83,$2.53,$18.36
F-9E2BB25D26,AUTORIZADO,ENERO_25,,1,Teclado y raton inalambricos,SA_CDMX,CIUDAD DE MEXICO,VENUSTIANO CARRANZA,08/05/2024,,,,30,$29.68,$0.99,30,$-,$-,$-,$-,$29.68,$4.75,$34.43
F-B3CB50DA43,AUTORIZADO,SEP_COMP_24,BAJO DEMANDA,2,Teclado y raton inalambricos,SA_SON,SONORA,NAVOJOA,09/01/2024,,,,30,$29.68,$0.99,30,$-,$-,$-,$-,$29.68,$4.75,$34.43
F-23BDB14DD4,AUTORIZADO,FEB-MAY_23,FASE INICIAL,1,Computadora Portatil Estandar,SA_SON,SONORA,HERMOSILLO,10/05/2023,,,,30,$664.99,$22.17,30,$-,$-,$-,$-,$664.99,$106.40,$771.39
F-9ADD22488A,AUTORIZADO,FEB-MAY_23,FASE INICIAL,1,Computadora de Escritorio Estandar,CAOF,CIUDAD DE MEXICO,CUAUHTEMOC,23/03/2023,,,,30,$607.34,$20.24,30,$-,$-,$-,$-,$607.34,$97.17,$704.51
F-AFD307FE3B,AUTORIZADO,FEB-MAY_23,FASE INICIAL,1,Computadora de Escritorio Estandar,PFM,CIUDAD DE MEXICO,MIGUEL HIDALGO,10/03/2023,,,,30,$607.34,$20.24,30,$-,$-,$-,$-,$607.34,$97.17,$704.51
F-15343035C7,AUTORIZADO,SEP_COMP_24,BAJO DEMANDA,1,Computadora Portatil Estandar,FECOR,CIUDAD DE MEXICO,CUAUHTEMOC,28/09/2023,,,,30,$664.99,$22.17,30,$-,$-,$-,$-,$664.99,$106.40,$771.39
F-2147EDA9B8,AUTORIZADO,FEB-MAY_23,FASE INICIAL,1,Computadora de Escritorio Estandar,FECOR,CIUDAD DE MEXICO,CUAUHTÉMOC,22/03/2023,,,,30,$607.34,$20.24,30,$-,$-,$-,$-,$607.34,$97.17,$704.51
F-51BC228F90,PAUSADO (MAYO 2026),JUNIO_25,BAJO DEMANDA,1,Computadora Portatil Estandar,INACIPE,CIUDAD DE MEXICO,TLALPAN,02/05/2025,,12,,30,$664.99,$22.17,0,-,-,-,,$-,$-,$-
F-F5B34842C2,PAUSADO (JUNIO 2026),SEP_COMP_24,BAJO DEMANDA,1,Teclado y raton inalambricos,CGSP,SONORA,HERMOSILLO,20/02/2024,20,10,,30,$29.68,$0.99,20,$-,$-,$-,$-,$19.79,$3.17,$22.95
F-DB20ACD272,AUTORIZADO,FEB-MAY_23,FASE INICIAL,2,Computadora de Escritorio Estandar,SA_CHIS,CHIAPAS,TAPACHULA,04/05/2023,,,,30,$607.34,$20.24,30,$-,$-,$-,$-,$607.34,$97.17,$704.51
F-D84A31AEA9,AUTORIZADO,FEB-MAY_23,FASE INICIAL,1,Computadora de Escritorio Estandar,SA_QROO,QUINTANA ROO,BENITO JUÁREZ,25/04/2023,,,,30,$607.34,$20.24,30,$-,$-,$-,$-,$607.34,$97.17,$704.51
F-DD5189EFF8,AUTORIZADO,FEB-MAY_23,FASE INICIAL,2,Computadora de Escritorio Estandar,SA_BC,BAJA CALIFORNIA,ENSENADA,26/04/2023,,,,30,$607.34,$20.24,30,$-,$-,$-,$-,$607.34,$97.17,$704.51
F-11574ADECE,PAUSADO (MAYO 2026),,BAJO DEMANDA,1,Computadora Portatil Estandar,SA_EDOMEX,MEXICO,TLALNEPANTLA DE BAZ,03/10/2023,,5,,30,$664.99,$22.17,0,-,-,-,,$-,$-,$-
F-55741FCDAA,AUTORIZADO,SEP_COMP_24,BAJO DEMANDA,1,Computadora Portatil Estandar,SA_COL,COLIMA,COLIMA,11/01/2024,,,,30,$664.99,$22.17,30,$-,$-,$-,$-,$664.99,$106.40,$771.39
F-8705687945,PAUSADO (JUNIO 2026),ENERO_25,,1,Monitor 24 pulgadas,FECOR,CIUDAD DE MEXICO,ALVARO OBREGON,22/01/2024,16,14,,30,$91.12,$3.04,16,$-,$-,$-,$-,$48.60,$7.78,$56.37
F-42FEB4CBF1,PAUSADO (MAYO 2026),OCT_24,,1,Computadora de Escritorio Estandar,FEMDH,CIUDAD DE MEXICO,CUAUHTEMOC,13/12/2023,,9,,30,$607.34,$20.24,0,-,-,-,,$-,$-,$-
F-665BB713C2,DEVOLUCION (FRACCION DE SALIDA),FEB-MAY_23,FASE INICIAL,3,Computadora de Escritorio Estandar,SA_GRO,GUERRERO,PUNGARABATO,29/05/2023,,,,30,$607.34,$20.24,26,$-,$-,$-,$-,$526.36,$84.22,$610.58
F-27B6C83765,AUTORIZADO,NOV_24,,2,Computadora de Escritorio Estandar,SA_SIN,SINALOA,MAZATLAN,04/11/2024,,,,30,$607.34,$20.24,30,$-,$-,$-,$-,$607.34,$97.17,$704.51
F-02CC515BEC,AUTORIZADO,FEB-MAY_23,FASE INICIAL,1,Computadora Portatil Estandar,SA_SLP,SAN LUIS POTOSI,SAN LUIS POTOSÍ,21/04/2023,,,,30,$664.99,$22.17,30,$-,$-,$-,$-,$664.99,$106.40,$771.39
F-AC378344BD,AUTORIZADO,ENERO_25,,1,Monitor 24 pulgadas,CFPF,CIUDAD DE MEXICO,CUAUHTEMOC,16/12/2024,,,,30,$91.12,$3.04,30,$-,$-,$-,$-,$91.12,$14.58,$105.70
F-486BA1C7D9,AUTORIZADO,,"""776""_INICIAL",1,Computadora Portatil Estandar,DGRHO,CIUDAD DE MEXICO,CUAUHTEMOC,16/06/2023,,,,30,$664.99,$22.17,30,$-,$-,$-,$-,$664.99,$106.40,$771.39
F-3ACF4C56DF,AUTORIZADO,FEB-MAY_23,FASE INICIAL,1,Computadora de Escritorio Estandar,SA_NAY,NAYARIT,TEPIC,17/04/2023,,,,30,$607.34,$20.24,30,$-,$-,$-,$-,$607.34,$97.17,$704.51
F-90A0432011,AUTORIZADO,,BAJO DEMANDA,1,Computadora Portatil Estandar,SA_VER,VERACRUZ,VERACRUZ,26/09/2023,,,,30,$664.99,$22.17,30,$-,$-,$-,$-,$664.99,$106.40,$771.39
F-98BACCF3EA,AUTORIZADO,SEP_COMP_24,BAJO DEMANDA,1,Monitor 24 pulgadas,CGSP,OAXACA,SAN BARTOLO COYOTEPEC,26/02/2024,,,,30,$91.12,$3.04,30,$-,$-,$-,$-,$91.12,$14.58,$105.70
F-83BF52ABD6,AUTORIZADO,ABRIL_25,BAJO DEMANDA,1,Teclado y raton inalambricos,INACIPE,CIUDAD DE MEXICO,TLALPAN,25/03/2025,,,,30,$29.68,$0.99,30,$-,$-,$-,$-,$29.68,$4.75,$34.43
F-124D9A5AF7,AUTORIZADO,FEB-MAY_23,FASE INICIAL,1,Computadora de Escritorio Estandar,DGRHO,CIUDAD DE MEXICO,CUAUHTÉMOC,12/04/2023,,,,30,$607.34,$20.24,30,$-,$-,$-,$-,$607.34,$97.17,$704.51
F-1F510D05BF,AUTORIZADO,JUNIO_25,BAJO DEMANDA,1,Computadora Portatil Estandar,INACIPE,CIUDAD DE MEXICO,TLALPAN,02/05/2025,,,,30,$664.99,$22.17,30,$-,$-,$-,$-,$664.99,$106.40,$771.39
F-9D54699119,PAUSADO (MAYO 2026),NOV_24,,1,Teclado y raton inalambricos,CA_FEMDH,CIUDAD DE MEXICO,MIGUEL HIDALGO,13/03/2024,,9,,30,$29.68,$0.99,0,-,-,-,,$-,$-,$-
F-5861BB1A6E,AUTORIZADO,SEP_COMP_24,BAJO DEMANDA,1,Computadora Portatil Estandar,SA_MICH,MICHOACAN,MORELIA,23/01/2024,,,,30,$664.99,$22.17,30,$-,$-,$-,$-,$664.99,$106.40,$771.39
F-12476B76A4,AUTORIZADO,SEP_COMP_24,BAJO DEMANDA,1,Computadora Portatil Estandar,SA_COL,COLIMA,COLIMA,07/06/2024,,,,30,$664.99,$22.17,30,$-,$-,$-,$-,$664.99,$106.40,$771.39
F-E9D0DD20F6,AUTORIZADO,SEP_COMP_24,BAJO DEMANDA,1,Monitor 24 pulgadas,SA_NL,NUEVO LEON,GENERAL ESCOBEDO,12/01/2024,,,,30,$91.12,$3.04,30,$-,$-,$-,$-,$91.12,$14.58,$105.70
F-E30C0FAC40,AUTORIZADO,ENERO_25,,1,Computadora Portatil Estandar,URAMYDF,CIUDAD DE MEXICO,MIGUEL HIDALGO,18/12/2024,,,,30,$664.99,$22.17,30,$-,$-,$-,$-,$664.99,$106.40,$771.39
F-D2502FC7EF,PAUSADO (MAYO 2026),ENERO_25,,1,Teclado y raton inalambricos,FECOR,CIUDAD DE MEXICO,ALVARO OBREGON,22/01/2024,,11,,30,$29.68,$0.99,0,-,-,-,,$-,$-,$-
F-41E0A00FA7,AUTORIZADO,FEB-MAY_23,FASE INICIAL,1,Computadora de Escritorio Estandar,SA_GRO,GUERRERO,CHILPANCINGO DE LOS BRAVO,28/04/2023,,,,30,$607.34,$20.24,30,$-,$-,$-,$-,$607.34,$97.17,$704.51
F-9FDF20E6CF,AUTORIZADO,FEB-MAY_23,FASE INICIAL,3,Computadora de Escritorio Estandar,SA_BC,BAJA CALIFORNIA,TIJUANA,27/04/2023,,,,30,$607.34,$20.24,30,$-,$-,$-,$-,$607.34,$97.17,$704.51
F-07F1DE2B93,AUTORIZADO,FEB-MAY_23,FASE INICIAL,JALISCO,Computadora de Escritorio Estandar,CGSP,JALISCO,GUADALAJARA,17/04/2023,,,,30,$607.34,$20.24,30,$-,$-,$-,$-,$607.34,$97.17,$704.51
F-E7B4711864,AUTORIZADO,SEP_COMP_24,BAJO DEMANDA,1,Teclado y raton inalambricos,CDMX,CIUDAD DE MEXICO,CUAUHTEMOC,09/01/2024,,,,30,$29.68,$0.99,30,$-,$-,$-,$-,$29.68,$4.75,$34.43
F-5CA9D12BD7,AUTORIZADO,FEB-MAY_23,FASE INICIAL,1,Computadora de Escritorio Estandar,PFM,CIUDAD DE MEXICO,MIGUEL HIDALGO,17/03/2023,,,,30,$607.34,$20.24,30,$-,$-,$-,$-,$607.34,$97.17,$704.51
F-F5D543A081,PAUSADO (JUNIO 2026),ENERO_2026,BAJO DEMANDA,1,Teclado y raton inalambricos,FEMDH,CIUDAD DE MEXICO,CUAUHTEMOC,11/12/2025,16,14,,30,$29.68,$0.99,16,$-,$-,$-,$-,$15.83,$2.53,$18.36
F-4440209E45,AUTORIZADO,SEP_COMP_24,BAJO DEMANDA,1,Teclado y raton inalambricos,SA_QRO,QUERETARO,QUERETARO,12/12/2023,,,,30,$29.68,$0.99,30,$-,$-,$-,$-,$29.68,$4.75,$34.43
F-22BFDCC392,PAUSADO (JUNIO 2026),FEB-MAY_23,FASE INICIAL,1,Computadora de Escritorio Estandar,FEMDH,CIUDAD DE MEXICO,CUAUHTEMOC,27/03/2023,15,15,,30,$607.34,$20.24,15,$-,$-,$-,$-,$303.67,$48.59,$352.26
F-F2F7EFEE8E,AUTORIZADO,,BAJO DEMANDA,1,Computadora Portatil Estandar,SA_VER,VERACRUZ,VERACRUZ,26/09/2023,,,,30,$664.99,$22.17,30,$-,$-,$-,$-,$664.99,$106.40,$771.39
F-45E2FAA43D,AUTORIZADO,FEB-MAY_23,FASE INICIAL,1,Computadora de Escritorio Estandar,SA_NL,NUEVO LEON,GENERAL ESCOBEDO,03/05/2023,,,,30,$607.34,$20.24,30,$-,$-,$-,$-,$607.34,$97.17,$704.51
F-D6C52A5808,AUTORIZADO,FEB-MAY_23,FASE INICIAL,1,Computadora Portatil Estandar,FEMDH,CIUDAD DE MEXICO,CUAUHTEMOC,27/03/2023,,,,30,$664.99,$22.17,30,$-,$-,$-,$-,$664.99,$106.40,$771.39
F-E379958868,AUTORIZADO,FEB-MAY_23,FASE INICIAL,1,Computadora Portatil Estandar,DGCRAM,CIUDAD DE MEXICO,MIGUEL HIDALGO,28/03/2023,,,,30,$664.99,$22.17,30,$-,$-,$-,$-,$664.99,$106.40,$771.39
F-2AEF2C0521,AUTORIZADO,OCT_24,,1,Computadora de Escritorio Estandar,FEMDO,CIUDAD DE MEXICO,CUAUHTEMOC,07/12/2023,,,,30,$607.34,$20.24,30,$-,$-,$-,$-,$607.34,$97.17,$704.51
F-A2E3AADDA1,AUTORIZADO,FEB-MAY_23,FASE INICIAL,1,Computadora de Escritorio Estandar,SA_EDOMEX,ESTADO DE MEXICO,TOLUCA,28/03/2023,,,,30,$607.34,$20.24,30,$-,$-,$-,$-,$607.34,$97.17,$704.51
F-DA8B86CF2C,AUTORIZADO,FEB-MAY_23,FASE INICIAL,1,Computadora de Escritorio Estandar,FEMDH,CIUDAD DE MEXICO,CUAUHTEMOC,22/03/2023,,,,30,$607.34,$20.24,30,$-,$-,$-,$-,$607.34,$97.17,$704.51
F-F0AB7D4F51,AUTORIZADO,MAYO_25,BAJO DEMANDA,1,Teclado y raton inalambricos,CDMX,CIUDAD DE MEXICO,XOCHIMILCO,05/12/2024,,,,30,$29.68,$0.99,30,$-,$-,$-,$-,$29.68,$4.75,$34.43
F-8690C583A0,AUTORIZADO,,BAJO DEMANDA,1,Computadora Portatil Estandar,SA_EDOMEX,MEXICO,TEXCOCO,19/10/2023,,,,30,$664.99,$22.17,30,$-,$-,$-,$-,$664.99,$106.40,$771.39
F-440DF5D767,AUTORIZADO,AGOSTO_25,BAJO DEMANDA,1,Computadora Portatil Estandar,FECOR,CIUDAD DE MEXICO,ALVARO OBREGON,03/06/2025,,,,30,$664.99,$22.17,30,$-,$-,$-,$-,$664.99,$106.40,$771.39
F-45A854EA29,AUTORIZADO,FEB-MAY_23,FASE INICIAL,2,Computadora de Escritorio Estandar,SA_SON,SONORA,CABORCA,08/05/2023,,,,30,$607.34,$20.24,30,$-,$-,$-,$-,$607.34,$97.17,$704.51
F-3DCF95C4BD,AUTORIZADO,FEB-MAY_23,FASE INICIAL,1,Computadora de Escritorio Estandar,FEMDO,CIUDAD DE MEXICO,CUAUHTÉMOC,02/03/2023,,,,30,$607.34,$20.24,30,$-,$-,$-,$-,$607.34,$97.17,$704.51
F-669DAD2CBA,AUTORIZADO,FEB-MAY_23,FASE INICIAL,1,Computadora de Escritorio Estandar,FEMDO,CIUDAD DE MEXICO,CUAUHTÉMOC,01/03/2023,,,,30,$607.34,$20.24,30,$-,$-,$-,$-,$607.34,$97.17,$704.51
F-FCC4081833,PAUSADO (MAYO 2026),FEB-MAY_23,FASE INICIAL,1,Computadora de Escritorio Estandar,FEMDH,CIUDAD DE MEXICO,CUAUHTEMOC,28/03/2023,,9,,30,$607.34,$20.24,0,-,-,-,,$-,$-,$-
F-704B2B7CB0,AUTORIZADO,FEB-MAY_23,FASE INICIAL,1,Computadora de Escritorio Estandar,SA_EDOMEX,ESTADO DE MEXICO,TOLUCA,10/04/2023,,,,30,$607.34,$20.24,30,$-,$-,$-,$-,$607.34,$97.17,$704.51
F-8DD78563AD,AUTORIZADO,SEP_COMP_24,BAJO DEMANDA,1,Monitor 24 pulgadas,SA_COL,COLIMA,COLIMA,26/06/2024,,,,30,$91.12,$3.04,30,$-,$-,$-,$-,$91.12,$14.58,$105.70
F-ACF8F9659D,AUTORIZADO,AGOSTO_25,BAJO DEMANDA,1,Monitor 24 pulgadas,CDMX,CIUDAD DE MEXICO,IZTAPALAPA,05/08/2025,,,,30,$91.12,$3.04,30,$-,$-,$-,$-,$91.12,$14.58,$105.70
F-CFA15AEACC,AUTORIZADO,FEB-MAY_23,FASE INICIAL,1,Computadora Portatil Estandar,PFM,CIUDAD DE MEXICO,MIGUEL HIDALGO,17/04/2023,,,,30,$664.99,$22.17,30,$-,$-,$-,$-,$664.99,$106.40,$771.39
F-3F7A0B3FCC,AUTORIZADO,FEB-MAY_23,FASE INICIAL,1,Computadora de Escritorio Estandar,FEMDO,CIUDAD DE MEXICO,CUAUHTEMOC,27/03/2023,,,,30,$607.34,$20.24,30,$-,$-,$-,$-,$607.34,$97.17,$704.51
F-53E6EBF5BF,AUTORIZADO,FEB-MAY_23,FASE INICIAL,1,Computadora de Escritorio Estandar,FEMDH,CIUDAD DE MEXICO,CUAUHTÉMOC,04/04/2023,,,,30,$607.34,$20.24,30,$-,$-,$-,$-,$607.34,$97.17,$704.51
F-F5ADF0DD91,AUTORIZADO,AGOSTO_25,BAJO DEMANDA,1,Computadora Portatil Estandar,FECOR,CIUDAD DE MEXICO,ALVARO OBREGON,20/05/2025,,,,30,$664.99,$22.17,30,$-,$-,$-,$-,$664.99,$106.40,$771.39
F-FBCD88A60F,AUTORIZADO,FEB-MAY_23,FASE INICIAL,1,Computadora de Escritorio Estandar,CFSPC,CIUDAD DE MEXICO,CUAUHTÉMOC,13/04/2023,,,,30,$607.34,$20.24,30,$-,$-,$-,$-,$607.34,$97.17,$704.51
F-3734344123,DEVOLUCION (FRACCION DE SALIDA),FEB-MAY_23,FASE INICIAL,1,Computadora de Escritorio Estandar,SA_GRO,GUERRERO,CHILPANCINGO DE LOS BRAVO,28/04/2023,,,,30,$607.34,$20.24,26,$-,$-,$-,$-,$526.36,$84.22,$610.58
F-89C5E74DF7,AUTORIZADO,FEB-MAY_23,FASE INICIAL,1,Computadora de Escritorio Estandar,SJAI,CIUDAD DE MEXICO,CUAUHTEMOC,23/03/2023,,,,30,$607.34,$20.24,30,$-,$-,$-,$-,$607.34,$97.17,$704.51
F-5105B2321E,PAUSADO (JUNIO 2026),JULIO_25,BAJO DEMANDA,1,Monitor 24 pulgadas,FEMDH,CIUDAD DE MEXICO,CUAUHTEMOC,12/06/2025,15,15,,30,$91.12,$3.04,15,$-,$-,$-,$-,$45.56,$7.29,$52.85
F-D1440F1762,AUTORIZADO,FEB-MAY_23,FASE INICIAL,1,Computadora de Escritorio Estandar,PFM,CIUDAD DE MEXICO,MIGUEL HIDALGO,28/03/2023,,,,30,$607.34,$20.24,30,$-,$-,$-,$-,$607.34,$97.17,$704.51
F-2D00C11821,AUTORIZADO,NOV_24,,1,Teclado y raton inalambricos,FEMDH,CIUDAD DE MEXICO,CUAUHTEMOC,01/08/2024,,,,30,$29.68,$0.99,30,$-,$-,$-,$-,$29.68,$4.75,$34.43
F-4F1A419DD6,AUTORIZADO,ENERO_2026,BAJO DEMANDA,1,Monitor 24 pulgadas,FEMDH,CIUDAD DE MEXICO,CUAUHTEMOC,11/12/2025,,,,30,$91.12,$3.04,30,$-,$-,$-,$-,$91.12,$14.58,$105.70
F-A31DCD95A6,DEVOLUCION (FRACCION DE SALIDA),FEB-MAY_23,FASE INICIAL,1,Computadora de Escritorio Estandar,FEMDH,CIUDAD DE MEXICO,CUAUHTEMOC,16/03/2023,,,,30,$607.34,$20.24,4,$-,$-,$-,$-,$80.98,$12.96,$93.94
F-13FAB1F618,AUTORIZADO,FEB-MAY_23,FASE INICIAL,1,Computadora de Escritorio Estandar,FECOR,CIUDAD DE MEXICO,CUAUHTEMOC,10/04/2023,,,,30,$607.34,$20.24,30,$-,$-,$-,$-,$607.34,$97.17,$704.51
F-2F75B4C877,AUTORIZADO,FEB-MAY_23,FASE INICIAL,1,Computadora de Escritorio Estandar,FEMDO,CIUDAD DE MEXICO,CUAUHTEMOC,30/03/2023,,,,30,$607.34,$20.24,30,$-,$-,$-,$-,$607.34,$97.17,$704.51
F-5BC657BE7F,AUTORIZADO,FEB-MAY_23,FASE INICIAL,1,Computadora Portatil Estandar,SA_DGO,DURANGO,DURANGO,31/05/2023,,,,30,$664.99,$22.17,30,$-,$-,$-,$-,$664.99,$106.40,$771.39
F-EF57EE7386,AUTORIZADO,FEB-MAY_23,FASE INICIAL,1,Computadora de Escritorio Estandar,SA_HGO,HIDALGO,PACHUCA DE SOTO,13/04/2023,,,,30,$607.34,$20.24,30,$-,$-,$-,$-,$607.34,$97.17,$704.51
F-1C1931F8E6,AUTORIZADO,FEB-MAY_23,FASE INICIAL,1,Computadora Portatil Estandar,FEMDH,CIUDAD DE MEXICO,CUAUHTEMOC,27/03/2023,,,,30,$664.99,$22.17,30,$-,$-,$-,$-,$664.99,$106.40,$771.39
F-F4F97B4A4E,AUTORIZADO,FEB-MAY_23,FASE INICIAL,1,Computadora de Escritorio Estandar,SA_SLP,SAN LUIS POTOSI,SAN LUIS POTOSÍ,25/04/2023,,,,30,$607.34,$20.24,30,$-,$-,$-,$-,$607.34,$97.17,$704.51
F-0BC69FC1D2,PAUSADO (MAYO 2026),ENERO_25,,1,Monitor 24 pulgadas,FECOR,CIUDAD DE MEXICO,ALVARO OBREGON,22/01/2024,,11,,30,$91.12,$3.04,0,-,-,-,,$-,$-,$-
F-46DFAB351E,PAUSADO (JUNIO 2026),FEB-MAY_23,FASE INICIAL,1,Computadora de Escritorio Estandar,DGRMSG,CIUDAD DE MEXICO,CUAUHTÉMOC,15/03/2023,26,4,,30,$607.34,$20.24,26,$-,$-,$-,$-,$526.36,$84.22,$610.58
F-B4A75DCBE4,AUTORIZADO,SEP_COMP_24,BAJO DEMANDA,2,Teclado y raton inalambricos,SA_COL,COLIMA,MANZANILLO,27/06/2024,,,,30,$29.68,$0.99,30,$-,$-,$-,$-,$29.68,$4.75,$34.43
F-B5AA2AAAD0,AUTORIZADO,FEB-MAY_23,FASE INICIAL,1,Computadora de Escritorio Estandar,SA_EDOMEX,ESTADO DE MEXICO,NAUCALPAN DE JUAREZ,11/04/2023,,,,30,$607.34,$20.24,30,$-,$-,$-,$-,$607.34,$97.17,$704.51
F-B33D02AAF3,AUTORIZADO,NOV_24,,1,Teclado y raton inalambricos,FEMDH,CIUDAD DE MEXICO,CUAUHTEMOC,24/09/2024,,,,30,$29.68,$0.99,30,$-,$-,$-,$-,$29.68,$4.75,$34.43
F-40FDE3833A,DEVOLUCION (FRACCION DE SALIDA),FEB-MAY_23,FASE INICIAL,1,Computadora de Escritorio Estandar,SA_GRO,GUERRERO,CHILPANCINGO DE LOS BRAVO,29/04/2023,,,,30,$607.34,$20.24,26,$-,$-,$-,$-,$526.36,$84.22,$610.58
F-203D2F524D,AUTORIZADO,FEB-MAY_23,FASE INICIAL,1,Computadora de Escritorio Estandar,SA_JAL,JALISCO,GUADALAJARA,03/05/2023,,,,30,$607.34,$20.24,30,$-,$-,$-,$-,$607.34,$97.17,$704.51
F-3EAB19DF90,AUTORIZADO,FEB-MAY_23,FASE INICIAL,1,Computadora de Escritorio Estandar,SA_MICH,MICHOACAN,MORELIA,18/04/2023,,,,30,$607.34,$20.24,30,$-,$-,$-,$-,$607.34,$97.17,$704.51
F-E1088DB649,PAUSADO (JUNIO 2026),ENERO_25,,1,Monitor 24 pulgadas,FECOR,CIUDAD DE MEXICO,ALVARO OBREGON,22/01/2024,16,14,,30,$91.12,$3.04,16,$-,$-,$-,$-,$48.60,$7.78,$56.37
F-E133006DAB,DEVOLUCION (FRACCION DE SALIDA),FEB-MAY_23,FASE INICIAL,1,Computadora Portatil Estandar,SA_QRO,QUERETARO,QUERÉTARO,10/04/2023,,,,30,$664.99,$22.17,18,$-,$-,$-,$-,$398.99,$63.84,$462.83
F-3D767C5CA1,AUTORIZADO,OCT_24,,1,Computadora de Escritorio Estandar,USEIN,CIUDAD DE MEXICO,ALVARO OBREGON,08/05/2024,,,,30,$607.34,$20.24,30,$-,$-,$-,$-,$607.34,$97.17,$704.51
F-D256BEF2B6,AUTORIZADO,SEP_COMP_24,BAJO DEMANDA,2,Teclado y raton inalambricos,SA_SIN,SINALOA,MAZATLAN,02/02/2024,,,,30,$29.68,$0.99,30,$-,$-,$-,$-,$29.68,$4.75,$34.43
F-03442E1EEF,AUTORIZADO,ENERO_25,,1,Monitor 24 pulgadas,CDMX,CIUDAD DE MEXICO,CUAUHTEMOC,13/12/2023,,,,30,$91.12,$3.04,30,$-,$-,$-,$-,$91.12,$14.58,$105.70
F-0C999C949D,PAUSADO (JUNIO 2026),FEB-MAY_23,FASE INICIAL,1,Computadora de Escritorio Estandar,SA_SON,SONORA,HERMOSILLO,24/05/2023,20,10,,30,$607.34,$20.24,20,$-,$-,$-,$-,$404.89,$64.78,$469.68
F-2FD9961D5C,AUTORIZADO,FEB-MAY_23,FASE INICIAL,1,Computadora de Escritorio Estandar,SA_SON,SONORA,HERMOSILLO,24/04/2023,,,,30,$607.34,$20.24,30,$-,$-,$-,$-,$607.34,$97.17,$704.51
F-2165BADFA2,AUTORIZADO,FEB-MAY_23,FASE INICIAL,1,Computadora Portatil Estandar,SA_VER,VERACRUZ,VERACRUZ,24/04/2023,,,,30,$664.99,$22.17,30,$-,$-,$-,$-,$664.99,$106.40,$771.39
F-F5B32B22E4,AUTORIZADO,FEB-MAY_23,FASE INICIAL,1,Computadora de Escritorio Estandar,SA_TAMPS,TAMAULIPAS,MATAMOROS,04/05/2023,,,,30,$607.34,$20.24,30,$-,$-,$-,$-,$607.34,$97.17,$704.51
F-D818C83B77,AUTORIZADO,FEB-MAY_23,FASE INICIAL,1,Computadora Portatil Estandar,SA_TAMPS,TAMAULIPAS,TAMPICO,04/05/2023,,,,30,$664.99,$22.17,30,$-,$-,$-,$-,$664.99,$106.40,$771.39
F-4B497F94F3,PAUSADO (JUNIO 2026),SEP_COMP_24,BAJO DEMANDA,1,Monitor 24 pulgadas,CA_FEMDH,CIUDAD DE MEXICO,MIGUEL HIDALGO,13/03/2024,16,14,,30,$91.12,$3.04,16,$-,$-,$-,$-,$48.60,$7.78,$56.37
F-0B9F7B1C69,AUTORIZADO,,BAJO DEMANDA,1,Computadora Portatil Estandar,SA_TAMPS,TAMAULIPAS,VICTORIA,05/09/2023,,,,30,$664.99,$22.17,30,$-,$-,$-,$-,$664.99,$106.40,$771.39
F-EEB4DC8D00,AUTORIZADO,JUNIO_25,BAJO DEMANDA,1,Computadora de Escritorio Estandar,PFM,CIUDAD DE MEXICO,CUAUHTEMOC,09/04/2025,,,,30,$607.34,$20.24,30,$-,$-,$-,$-,$607.34,$97.17,$704.51
F-9739A123E9,AUTORIZADO,OCT_24,,1,Computadora de Escritorio Estandar,FEMDO,CIUDAD DE MEXICO,CUAUHTEMOC,11/12/2023,,,,30,$607.34,$20.24,30,$-,$-,$-,$-,$607.34,$97.17,$704.51
F-9B06886775,AUTORIZADO,SEP_COMP_24,BAJO DEMANDA,2,Monitor 24 pulgadas,SA_CHIS,CHIAPAS,TAPACHULA,16/04/2024,,,,30,$91.12,$3.04,30,$-,$-,$-,$-,$91.12,$14.58,$105.70
F-E530C3EAC7,PAUSADO (MAYO 2026),ENERO_25,,1,Monitor 24 pulgadas,FECOR,CIUDAD DE MEXICO,ALVARO OBREGON,22/01/2024,,11,,30,$91.12,$3.04,0,-,-,-,,$-,$-,$-
F-153D6DA053,AUTORIZADO,FEB-MAY_23,FASE INICIAL,1,Computadora de Escritorio Estandar,PFM,CIUDAD DE MEXICO,MIGUEL HIDALGO,10/04/2023,,,,30,$607.34,$20.24,30,$-,$-,$-,$-,$607.34,$97.17,$704.51
F-470BA6D566,AUTORIZADO,SEP_COMP_24,BAJO DEMANDA,1,Teclado y raton inalambricos,SA_DEL_QROO,QUINTANA ROO,BENITO JUAREZ,22/02/2024,,,,30,$29.68,$0.99,30,$-,$-,$-,$-,$29.68,$4.75,$34.43
F-6D2DD5D881,PAUSADO (MAYO 2026),FEB-MAY_23,FASE INICIAL,1,Computadora de Escritorio Estandar,DGRMSG,CIUDAD DE MEXICO,CUAUHTÉMOC,22/03/2023,,9,,30,$607.34,$20.24,0,-,-,-,,$-,$-,$-
F-4D99060217,DEVOLUCION (FRACCION DE SALIDA),FEB-MAY_23,FASE INICIAL,1,Computadora de Escritorio Estandar,FEMDH,CIUDAD DE MEXICO,CUAUHTEMOC,30/03/2023,,,,30,$607.34,$20.24,4,$-,$-,$-,$-,$80.98,$12.96,$93.94
F-E3712F91B4,AUTORIZADO,SEP_COMP_24,BAJO DEMANDA,1,Teclado y raton inalambricos,SA_DEL_QROO,QUINTANA ROO,BENITO JUAREZ,29/12/2023,,,,30,$29.68,$0.99,30,$-,$-,$-,$-,$29.68,$4.75,$34.43
F-2AF777E213,PAUSADO (JUNIO 2026),SEP_COMP_24,BAJO DEMANDA,1,Teclado y raton inalambricos,FEMDH,CIUDAD DE MEXICO,CUAUHTEMOC,19/12/2023,15,15,,30,$29.68,$0.99,15,$-,$-,$-,$-,$14.84,$2.37,$17.21
F-58BFC31671,DEVOLUCION (FRACCION DE SALIDA),,BAJO DEMANDA,1,Computadora Portatil Estandar,SA_QRO,QUERETARO,QUERETARO,26/09/2023,,,,30,$664.99,$22.17,18,$-,$-,$-,$-,$398.99,$63.84,$462.83
F-A5C1896231,PAUSADO (MAYO 2026),,BAJO DEMANDA,1,Computadora Portatil Estandar,FECOR,CIUDAD DE MEXICO,CUAUHTEMOC,15/08/2023,,11,,30,$664.99,$22.17,0,-,-,-,,$-,$-,$-
F-6A125EF813,AUTORIZADO,,"""776""_INICIAL",2,Computadora de Escritorio Estandar,SA_PUE,PUEBLA,ZACATLAN,06/07/2023,,,,30,$607.34,$20.24,30,$-,$-,$-,$-,$607.34,$97.17,$704.51
F-0C8E39EE59,PAUSADO (MAYO 2026),FEB-MAY_23,FASE INICIAL,1,Computadora Portatil Estandar,FEMDH,CIUDAD DE MEXICO,CUAUHTEMOC,29/03/2023,,8,,30,$664.99,$22.17,0,-,-,-,,$-,$-,$-
F-FE9238B70B,PAUSADO (JUNIO 2026),FEB-MAY_23,FASE INICIAL,1,Computadora Portatil Estandar,CGSP,YUCATAN,MERIDA,20/04/2023,25,5,,30,$664.99,$22.17,25,$-,$-,$-,$-,$554.16,$88.67,$642.82
F-EA38384B85,AUTORIZADO,MARZO_25,,1,Computadora Portatil Estandar,INACIPE,CIUDAD DE MEXICO,TLALPAN,13/03/2025,,,,30,$664.99,$22.17,30,$-,$-,$-,$-,$664.99,$106.40,$771.39
F-89AAD4116F,AUTORIZADO,FEB-MAY_23,FASE INICIAL,1,Computadora de Escritorio Estandar,DGSA,CIUDAD DE MEXICO,VENUSTIANO CARRANZA,27/02/2023,,,,30,$607.34,$20.24,30,$-,$-,$-,$-,$607.34,$97.17,$704.51
F-88FD84808E,AUTORIZADO,ENERO_25,,1,Monitor 24 pulgadas,FEMED,CIUDAD DE MEXICO,ALVARO OBREGON,06/02/2024,,,,30,$91.12,$3.04,30,$-,$-,$-,$-,$91.12,$14.58,$105.70
F-E05FA7A79E,AUTORIZADO,FEB-MAY_23,FASE INICIAL,1,Computadora de Escritorio Estandar,CGSP,CIUDAD DE MEXICO,CUAUHTEMOC,11/04/2023,,,,30,$607.34,$20.24,30,$-,$-,$-,$-,$607.34,$97.17,$704.51
F-C0D7F56371,PAUSADO (ABRIL 2026),FEB-MAY_23,FASE INICIAL,1,Computadora de Escritorio All in One,DGCS,CIUDAD DE MEXICO,CUAUHTÉMOC,13/04/2023,,7,,31,$708.18,$22.84,0,-,-,-,,$-,$-,$-
F-31AD5A9E79,AUTORIZADO,FEB-MAY_23,FASE INICIAL,1,Computadora Portatil Estandar,SA_JAL,JALISCO,ZAPOPAN,27/04/2023,,,,30,$664.99,$22.17,30,$-,$-,$-,$-,$664.99,$106.40,$771.39
F-94E99E8AE2,PAUSADO (MAYO 2026),FEB-MAY_23,FASE INICIAL,1,Computadora de Escritorio Estandar,FEMDO,CIUDAD DE MEXICO,CUAUHTEMOC,13/04/2023,,9,,30,$607.34,$20.24,0,-,-,-,,$-,$-,$-
F-C35CB0D6E2,AUTORIZADO,FEB-MAY_23,FASE INICIAL,2,Computadora Portatil Estandar,SA_MICH,MICHOACAN,URUAPAN,12/05/2023,,,,30,$664.99,$22.17,30,$-,$-,$-,$-,$664.99,$106.40,$771.39
F-DBA1FAF08D,AUTORIZADO,FEB-MAY_23,FASE INICIAL,1,Computadora de Escritorio Estandar,SA_MOR,MORELOS,CUERNAVACA,18/04/2023,,,,30,$607.34,$20.24,30,$-,$-,$-,$-,$607.34,$97.17,$704.51
F-FD9B66F9FC,AUTORIZADO,AGOSTO_25,BAJO DEMANDA,1,Camara Web,FEIDFS,CIUDAD DE MEXICO,ALVARO OBREGON,03/07/2025,,,,30,$150.84,$5.03,30,$-,$-,$-,$-,$150.84,$24.13,$174.97
F-703725A91D,PAUSADO (JUNIO 2026),SEP_COMP_24,BAJO DEMANDA,1,Teclado y raton inalambricos,CGSP,SONORA,HERMOSILLO,19/02/2024,20,10,,30,$29.68,$0.99,20,$-,$-,$-,$-,$19.79,$3.17,$22.95
F-5618FF17A2,AUTORIZADO,FEB-MAY_23,FASE INICIAL,1,Computadora de Escritorio Estandar,FEMDH,CIUDAD DE MEXICO,CUAUHTEMOC,30/03/2023,,,,30,$607.34,$20.24,30,$-,$-,$-,$-,$607.34,$97.17,$704.51
F-95B3A5084E,AUTORIZADO,FEB-MAY_23,FASE INICIAL,1,Computadora de Escritorio Estandar,OIC,CIUDAD DE MEXICO,ÁLVARO OBREGÓN,28/02/2023,,,,30,$607.34,$20.24,30,$-,$-,$-,$-,$607.34,$97.17,$704.51
F-9270C7C7DB,PAUSADO (JUNIO 2026),JUNIO_25,BAJO DEMANDA,1,Computadora Portatil Estandar,FEMDH,CIUDAD DE MEXICO,GUSTAVO A. MADERO,01/08/2024,29,1,,30,$664.99,$22.17,29,$-,$-,$-,$-,$642.82,$102.85,$745.68
F-BDE682E801,AUTORIZADO,FEB-MAY_23,FASE INICIAL,1,Computadora Portatil Estandar,SA_TAMPS,TAMAULIPAS,VICTORIA,04/05/2023,,,,30,$664.99,$22.17,30,$-,$-,$-,$-,$664.99,$106.40,$771.39
F-2E1EEF93E0,AUTORIZADO,,BAJO DEMANDA,1,Computadora Portatil Estandar,SA_NL,NUEVO LEON,GENERAL ESCOBEDO,20/10/2023,,,,30,$664.99,$22.17,30,$-,$-,$-,$-,$664.99,$106.40,$771.39
F-9636114CD1,AUTORIZADO,FEB-MAY_23,FASE INICIAL,1,Computadora de Escritorio Estandar,OIC,CIUDAD DE MEXICO,ALVARO OBREGON,02/03/2023,,,,30,$607.34,$20.24,30,$-,$-,$-,$-,$607.34,$97.17,$704.51
F-91A13C0399,PAUSADO (JUNIO 2026),NOV_24,,1,Monitor 24 pulgadas,CA_FEMDH,CIUDAD DE MEXICO,CUAUHTEMOC,13/03/2024,16,14,,30,$91.12,$3.04,16,$-,$-,$-,$-,$48.60,$7.78,$56.37
F-59623701FE,DEVOLUCION (FRACCION DE SALIDA),OCT_24,,1,Computadora de Escritorio Estandar,USEIN,CIUDAD DE MEXICO,ALVARO OBREGON,08/05/2024,,,,30,$607.34,$20.24,30,$-,$-,$-,$-,$607.34,$97.17,$704.51
F-3FC8F28DE7,AUTORIZADO,FEB-MAY_23,FASE INICIAL,1,Computadora de Escritorio Estandar,FECOC,CIUDAD DE MEXICO,CUAUHTÉMOC,28/03/2023,,,,30,$607.34,$20.24,30,$-,$-,$-,$-,$607.34,$97.17,$704.51
F-C36D866162,AUTORIZADO,FEB-MAY_23,FASE INICIAL,1,Computadora de Escritorio Estandar,FEMCC,CIUDAD DE MEXICO,CUAUHTEMOC,29/03/2023,,,,30,$607.34,$20.24,30,$-,$-,$-,$-,$607.34,$97.17,$704.51
F-AF93214E9D,AUTORIZADO,FEB-MAY_23,FASE INICIAL,1,Computadora de Escritorio Estandar,SA_TAB,TABASCO,CENTRO,18/04/2023,,,,30,$607.34,$20.24,30,$-,$-,$-,$-,$607.34,$97.17,$704.51
F-AD4A689BED,AUTORIZADO,FEB-MAY_23,FASE INICIAL,1,Computadora de Escritorio Estandar,FEMDO,CIUDAD DE MEXICO,CUAUHTEMOC,17/04/2023,,,,30,$607.34,$20.24,30,$-,$-,$-,$-,$607.34,$97.17,$704.51
F-9637D1BDC8,AUTORIZADO,OCT_24,,1,Computadora de Escritorio Estandar,FEMDO,CIUDAD DE MEXICO,CUAUHTEMOC,25/10/2023,,,,30,$607.34,$20.24,30,$-,$-,$-,$-,$607.34,$97.17,$704.51
F-9A69C95BFA,PAUSADO (MAYO 2026),SEP_COMP_24,BAJO DEMANDA,1,Teclado y raton inalambricos,CA_FEMDH,CIUDAD DE MEXICO,CUAUHTEMOC,13/03/2024,,9,,30,$29.68,$0.99,0,-,-,-,,$-,$-,$-
F-6F4E7156B3,AUTORIZADO,,"""776""_INICIAL",1,Computadora de Escritorio Estandar,FECOR,CIUDAD DE MEXICO,CUAUHTEMOC,21/06/2023,,,,30,$607.34,$20.24,30,$-,$-,$-,$-,$607.34,$97.17,$704.51
F-553862B9F6,AUTORIZADO,FEB-MAY_23,FASE INICIAL,1,Computadora de Escritorio Estandar,SJAI,CIUDAD DE MEXICO,CUAUHTEMOC,28/03/2023,,,,30,$607.34,$20.24,30,$-,$-,$-,$-,$607.34,$97.17,$704.51
F-B292189841,AUTORIZADO,FEB-MAY_23,FASE INICIAL,1,Computadora de Escritorio Estandar,SJAI,CIUDAD DE MEXICO,CUAUHTÉMOC,17/03/2023,,,,30,$607.34,$20.24,30,$-,$-,$-,$-,$607.34,$97.17,$704.51
F-3FEC8FFAC5,AUTORIZADO,FEB-MAY_23,FASE INICIAL,2,Computadora de Escritorio Estandar,SA_GRO,GUERRERO,ACAPULCO DE JUAREZ,08/05/2023,,,,30,$607.34,$20.24,30,$-,$-,$-,$-,$607.34,$97.17,$704.51
F-D690B77411,PAUSADO (JUNIO 2026),ENERO_25,,1,Monitor 24 pulgadas,FECOR,CIUDAD DE MEXICO,ALVARO OBREGON,22/01/2024,16,14,,30,$91.12,$3.04,16,$-,$-,$-,$-,$48.60,$7.78,$56.37
F-173F4378C9,AUTORIZADO,,BAJO DEMANDA,1,Computadora Portatil Estandar,PFM,CIUDAD DE MEXICO,MIGUEL HIDALGO,18/07/2023,,,,30,$664.99,$22.17,30,$-,$-,$-,$-,$664.99,$106.40,$771.39
F-313A564FA2,DEVOLUCION (FRACCION DE SALIDA),SEPTIEMBRE_25,BAJO DEMANDA,1,Computadora de Escritorio Estandar,UESIER,CIUDAD DE MEXICO,ALVARO OBREGON,26/08/2025,,,,30,$607.34,$20.24,25,$-,$-,$-,$-,$506.12,$80.98,$587.10
F-4F647FF258,AUTORIZADO,SEP_COMP_24,BAJO DEMANDA,1,Computadora Portatil Estandar,SA_SLP,SAN LUIS POTOSI,SAN LUIS POTOSI,19/02/2024,,,,30,$664.99,$22.17,30,$-,$-,$-,$-,$664.99,$106.40,$771.39
F-64CF2CBBD5,AUTORIZADO,SEP_COMP_24,BAJO DEMANDA,1,Monitor 24 pulgadas,SA_CHIS,CHIAPAS,TUXTLA GUTIERREZ,07/06/2024,,,,30,$91.12,$3.04,30,$-,$-,$-,$-,$91.12,$14.58,$105.70
F-724A085497,AUTORIZADO,FEB-MAY_23,FASE INICIAL,1,Computadora de Escritorio Estandar,SA_CDMX,CIUDAD DE MEXICO,MIGUEL HIDALGO,30/03/2023,,,,30,$607.34,$20.24,30,$-,$-,$-,$-,$607.34,$97.17,$704.51
F-269117622B,PAUSADO (MAYO 2026),,BAJO DEMANDA,1,Computadora Portatil Estandar,FECOR,CIUDAD DE MEXICO,CUAUHTEMOC,16/08/2023,,11,,30,$664.99,$22.17,0,-,-,-,,$-,$-,$-
F-B62A202EAA,AUTORIZADO,FEB-MAY_23,FASE INICIAL,1,Computadora de Escritorio Estandar,DGRMSG,CIUDAD DE MEXICO,CUAUHTÉMOC,13/03/2023,,,,30,$607.34,$20.24,30,$-,$-,$-,$-,$607.34,$97.17,$704.51
F-80BD955DDF,AUTORIZADO,MARZO_25,,1,Teclado y raton inalambricos,INACIPE,CIUDAD DE MEXICO,TLALPAN,13/03/2025,,,,30,$29.68,$0.99,30,$-,$-,$-,$-,$29.68,$4.75,$34.43
F-61ECF31900,PAUSADO (MAYO 2026),FEB-MAY_23,FASE INICIAL,1,Computadora Portatil Estandar,FEMDH,CIUDAD DE MEXICO,CUAUHTEMOC,24/03/2023,,9,,30,$664.99,$22.17,0,-,-,-,,$-,$-,$-
F-D05F275C01,DEVOLUCION (FRACCION DE SALIDA)_se reactiva PAUSADO (MAYO 2026),FEB-MAY_23,FASE INICIAL,1,Computadora de Escritorio Estandar,FEMDH,CIUDAD DE MEXICO,CUAUHTEMOC,24/04/2023,,9,$176.32,30,$607.34,$20.24,-,-,-,$176.32,$344.16,$520.48,$83.28,$603.76
F-EF3EBB95F3,AUTORIZADO,ENERO_2026,BAJO DEMANDA,1,Computadora Portatil Estandar,FECOR,CIUDAD DE MEXICO,ALVARO OBREGON,10/12/2025,,,,30,$664.99,$22.17,30,$-,$-,$-,$-,$664.99,$106.40,$771.39
F-5E2FE3629F,AUTORIZADO (EQ PENDIENTE DE CONFIRMAR DEVOLUCION A PROVEEDOR),ENERO_25,,1,Computadora Portatil Estandar,UEITICS,CIUDAD DE MEXICO,CUAUHTEMOC,10/01/2025,,,,30,$664.99,$22.17,30,$-,$-,$-,$-,$664.99,$106.40,$771.39
F-B4AF9DD66D,AUTORIZADO,ENERO_25,,1,Monitor 24 pulgadas,SA_CDMX,CIUDAD DE MEXICO,GUSTAVO A. MADERO,08/05/2024,,,,30,$91.12,$3.04,30,$-,$-,$-,$-,$91.12,$14.58,$105.70
F-69B10BF82E,AUTORIZADO,MARZO_25,,1,Computadora Portatil Estandar,SA_TLAX,TLAXCALA,TLAXCALA,17/02/2025,,,,30,$664.99,$22.17,30,$-,$-,$-,$-,$664.99,$106.40,$771.39
F-490091C256,AUTORIZADO,FEB-MAY_23,FASE INICIAL,3,Computadora de Escritorio Estandar,SA_BC,BAJA CALIFORNIA,TIJUANA,18/04/2023,,,,30,$607.34,$20.24,30,$-,$-,$-,$-,$607.34,$97.17,$704.51
F-150F9BA847,AUTORIZADO,SEP_COMP_24,BAJO DEMANDA,2,Computadora Portatil Estandar,SA_OAX,OAXACA,HEROICA CIUDAD DE HUAJUAPAN DE LEON,19/10/2023,,,,30,$664.99,$22.17,30,$-,$-,$-,$-,$664.99,$106.40,$771.39
F-463A2BE822,AUTORIZADO,,"""776""_INICIAL",1,Computadora Portatil Estandar,AIC_QRO,QUERETARO,SAN JUAN DEL RIO,08/06/2023,,,,30,$664.99,$22.17,30,$-,$-,$-,$-,$664.99,$106.40,$771.39
F-6664DDD8C3,AUTORIZADO,SEP_COMP_24,BAJO DEMANDA,1,Monitor 24 pulgadas,SA_NL,NUEVO LEON,GENERAL ESCOBEDO,11/01/2024,,,,30,$91.12,$3.04,30,$-,$-,$-,$-,$91.12,$14.58,$105.70
F-4C39FC8B56,AUTORIZADO,SEP_COMP_24,BAJO DEMANDA,1,Computadora Portatil Estandar,SA_COL,COLIMA,COLIMA,15/01/2024,,,,30,$664.99,$22.17,30,$-,$-,$-,$-,$664.99,$106.40,$771.39
F-8500DF1378,AUTORIZADO,FEB-MAY_23,FASE INICIAL,1,Computadora de Escritorio Estandar,DGRHO,CIUDAD DE MEXICO,CUAUHTÉMOC,17/03/2023,,,,30,$607.34,$20.24,30,$-,$-,$-,$-,$607.34,$97.17,$704.51
F-5C21CB089C,AUTORIZADO,FEB-MAY_23,FASE INICIAL,1,Computadora de Escritorio Estandar,FECOC,CIUDAD DE MEXICO,CUAUHTEMOC,22/03/2023,,,,30,$607.34,$20.24,30,$-,$-,$-,$-,$607.34,$97.17,$704.51
F-938DAE7666,AUTORIZADO,SEP_COMP_24,BAJO DEMANDA,1,Monitor 24 pulgadas,CDMX,CIUDAD DE MEXICO,CUAUHTEMOC,11/01/2024,,,,30,$91.12,$3.04,30,$-,$-,$-,$-,$91.12,$14.58,$105.70
F-94DBADBD9A,AUTORIZADO,ABRIL_25,BAJO DEMANDA,1,Computadora Portatil Estandar,INACIPE,CIUDAD DE MEXICO,TLALPAN,01/04/2025,,,,30,$664.99,$22.17,30,$-,$-,$-,$-,$664.99,$106.40,$771.39
F-E4BA5CF92F,AUTORIZADO,SEP_COMP_24,BAJO DEMANDA,2,Teclado y raton inalambricos,SA_CHIH,CHIHUAHUA,JUAREZ,04/12/2023,,,,30,$29.68,$0.99,30,$-,$-,$-,$-,$29.68,$4.75,$34.43
F-094F55AAAB,AUTORIZADO,FEB-MAY_23,FASE INICIAL,2,Computadora Portatil Estandar,SA_JAL,JALISCO,EL GRULLO,28/04/2023,,,,30,$664.99,$22.17,30,$-,$-,$-,$-,$664.99,$106.40,$771.39
F-7F2D0407C4,PAUSADO (JUNIO 2026),SEP_COMP_24,BAJO DEMANDA,1,Teclado y raton inalambricos,SA_SON,SONORA,HERMOSILLO,05/01/2024,20,10,,30,$29.68,$0.99,20,$-,$-,$-,$-,$19.79,$3.17,$22.95
F-D4EDC63A4E,AUTORIZADO,SEP_COMP_24,BAJO DEMANDA,1,Computadora Portatil Estandar,SA_MOR,MORELOS,CUERNAVACA,08/12/2023,,,,30,$664.99,$22.17,30,$-,$-,$-,$-,$664.99,$106.40,$771.39
F-392E72134B,AUTORIZADO,OCT_24,,1,Computadora de Escritorio Estandar,FEMDO,CIUDAD DE MEXICO,CUAUHTEMOC,01/12/2023,,,,30,$607.34,$20.24,30,$-,$-,$-,$-,$607.34,$97.17,$704.51
F-2311CE2557,AUTORIZADO,FEB-MAY_23,FASE INICIAL,1,Computadora Portatil Estandar,SA_SIN,SINALOA,CULIACAN,18/04/2023,,,,30,$664.99,$22.17,30,$-,$-,$-,$-,$664.99,$106.40,$771.39
F-B687ED7EB2,AUTORIZADO,FEB-MAY_23,FASE INICIAL,1,Computadora de Escritorio Estandar,PFM,CIUDAD DE MEXICO,MIGUEL HIDALGO,25/04/2023,,,,30,$607.34,$20.24,30,$-,$-,$-,$-,$607.34,$97.17,$704.51
F-CDAAFAFF10,AUTORIZADO,,BAJO DEMANDA,1,Computadora Portatil Estandar,SA_ZAC,ZACATECAS,ZACATECAS,07/09/2023,,,,30,$664.99,$22.17,30,$-,$-,$-,$-,$664.99,$106.40,$771.39
F-36185B7B5C,AUTORIZADO,,BAJO DEMANDA,1,Computadora Portatil Estandar,FECOR,CIUDAD DE MEXICO,CUAUHTEMOC,24/08/2023,,,,30,$664.99,$22.17,30,$-,$-,$-,$-,$664.99,$106.40,$771.39
F-5430362D50,AUTORIZADO,FEB-MAY_23,FASE INICIAL,1,Computadora de Escritorio Estandar,FECOC,CIUDAD DE MEXICO,CUAUHTÉMOC,24/03/2023,,,,30,$607.34,$20.24,30,$-,$-,$-,$-,$607.34,$97.17,$704.51
F-BE544241E2,PAUSADO (MAYO 2026),,BAJO DEMANDA,1,Computadora Portatil Estandar,FECOR,CIUDAD DE MEXICO,CUAUHTEMOC,17/08/2023,,11,,30,$664.99,$22.17,0,-,-,-,,$-,$-,$-
F-ED5DBAC431,AUTORIZADO,,BAJO DEMANDA,1,Computadora Portatil Estandar,SA_EDOMEX,MEXICO,TEXCOCO,19/10/2023,,,,30,$664.99,$22.17,30,$-,$-,$-,$-,$664.99,$106.40,$771.39
F-4FDAA03AED,AUTORIZADO,FEB-MAY_23,FASE INICIAL,1,Computadora de Escritorio Estandar,SA_CDMX,CIUDAD DE MEXICO,XOCHIMILCO,14/04/2023,,,,30,$607.34,$20.24,30,$-,$-,$-,$-,$607.34,$97.17,$704.51
F-42A1708352,AUTORIZADO,FEB-MAY_23,FASE INICIAL,3,Computadora de Escritorio Estandar,SA_BC,BAJA CALIFORNIA,TIJUANA,24/04/2023,,,,30,$607.34,$20.24,30,$-,$-,$-,$-,$607.34,$97.17,$704.51
F-69A6DB0C1F,AUTORIZADO,FEB-MAY_23,FASE INICIAL,1,Computadora de Escritorio Estandar,FEMDO,CIUDAD DE MEXICO,CUAUHTEMOC,12/04/2023,,,,30,$607.34,$20.24,30,$-,$-,$-,$-,$607.34,$97.17,$704.51
F-2887142D73,AUTORIZADO,AGOSTO_25,BAJO DEMANDA,1,Computadora de Escritorio Estandar,UESII,CIUDAD DE MEXICO,CUAUHTEMOC,15/07/2025,,,,30,$607.34,$20.24,30,$-,$-,$-,$-,$607.34,$97.17,$704.51
F-E7B31D052B,AUTORIZADO,FEB-MAY_23,FASE INICIAL,1,Computadora de Escritorio Estandar,SA_SIN,SINALOA,CULIACAN,03/05/2023,,,,30,$607.34,$20.24,30,$-,$-,$-,$-,$607.34,$97.17,$704.51
F-EDF316CB2B,AUTORIZADO,FEB-MAY_23,FASE INICIAL,1,Computadora de Escritorio Estandar,FEMDH,CIUDAD DE MEXICO,CUAUHTÉMOC,17/04/2023,,,,30,$607.34,$20.24,30,$-,$-,$-,$-,$607.34,$97.17,$704.51
F-914E6BE3EC,AUTORIZADO,OCT_24,,3,Teclado y raton inalambricos,SA_OAX,OAXACA,SAN JUAN BAUTISTA TUXTEPEC,05/10/2023,,,,30,$29.68,$0.99,30,$-,$-,$-,$-,$29.68,$4.75,$34.43
F-3431BD6E36,PAUSADO (JUNIO 2026),SEP_COMP_24,BAJO DEMANDA,1,Teclado y raton inalambricos,CGSP,SONORA,HERMOSILLO,20/02/2024,20,10,,30,$29.68,$0.99,20,$-,$-,$-,$-,$19.79,$3.17,$22.95
F-0325F94EA3,DEVOLUCION (FRACCION DE SALIDA),FEB-MAY_23,FASE INICIAL,1,Computadora Portatil Estandar,FEMDH,CIUDAD DE MEXICO,CUAUHTEMOC,28/03/2023,,,,30,$664.99,$22.17,4,$-,$-,$-,$-,$88.67,$14.19,$102.85
F-0B99B84BAE,AUTORIZADO,FEB-MAY_23,FASE INICIAL,1,Computadora de Escritorio Estandar,FECOC,CIUDAD DE MEXICO,CUAUHTÉMOC,30/03/2023,,,,30,$607.34,$20.24,30,$-,$-,$-,$-,$607.34,$97.17,$704.51
F-7C58E4420A,AUTORIZADO,FEB-MAY_23,FASE INICIAL,3,Computadora Portatil Estandar,SA_OAX,OAXACA,SALINA CRUZ,02/05/2023,,,,30,$664.99,$22.17,30,$-,$-,$-,$-,$664.99,$106.40,$771.39
F-77C3ADEFB5,AUTORIZADO,SEP_COMP_24,BAJO DEMANDA,1,Computadora Portatil Estandar,FISEL,CIUDAD DE MEXICO,ALVARO OBREGON,25/03/2024,,,,30,$664.99,$22.17,30,$-,$-,$-,$-,$664.99,$106.40,$771.39
F-128BC6627C,AUTORIZADO,FEB-MAY_23,FASE INICIAL,2,Computadora de Escritorio Estandar,SA_GTO,GUANAJUATO,CELAYA,26/04/2023,,,,30,$607.34,$20.24,30,$-,$-,$-,$-,$607.34,$97.17,$704.51
F-ED2A39D0E4,PAUSADO (JUNIO 2026),NOV_24,,1,Teclado y raton inalambricos,CA_FEMDH,CIUDAD DE MEXICO,CUAUHTEMOC,13/03/2024,29,1,,30,$29.68,$0.99,29,$-,$-,$-,$-,$28.69,$4.59,$33.28
F-65E7DB78B8,PAUSADO (MAYO 2026),,BAJO DEMANDA,1,Computadora Portatil Estandar,FECOR,CIUDAD DE MEXICO,CUAUHTEMOC,14/08/2023,,11,,30,$664.99,$22.17,0,-,-,-,,$-,$-,$-
F-6D4B7F6A9D,PAUSADO (MAYO 2026),ENERO_25,,1,Monitor 24 pulgadas,FECOR,CIUDAD DE MEXICO,ALVARO OBREGON,22/01/2024,,11,,30,$91.12,$3.04,0,-,-,-,,$-,$-,$-
F-199B1C823B,AUTORIZADO,FEB-MAY_23,FASE INICIAL,1,Computadora Portatil Estandar,FEMDH,CIUDAD DE MEXICO,CUAUHTEMOC,31/03/2023,,,,30,$664.99,$22.17,30,$-,$-,$-,$-,$664.99,$106.40,$771.39
F-F94D2D1CB2,AUTORIZADO,SEP_COMP_24,BAJO DEMANDA,3,Teclado y raton inalambricos,SA_CAMP,CAMPECHE,CARMEN,12/12/2023,,,,30,$29.68,$0.99,30,$-,$-,$-,$-,$29.68,$4.75,$34.43
F-4D44113EE2,PAUSADO (JUNIO 2026),FEB-MAY_23,FASE INICIAL,1,Computadora de Escritorio Estandar,FEMDH,CIUDAD DE MEXICO,CUAUHTÉMOC,24/03/2023,15,15,,30,$607.34,$20.24,15,$-,$-,$-,$-,$303.67,$48.59,$352.26
F-5143A1DD16,AUTORIZADO,ENERO_25,,1,Teclado y raton inalambricos,FEMDO,CIUDAD DE MEXICO,CUAUHTEMOC,03/12/2024,,,,30,$29.68,$0.99,30,$-,$-,$-,$-,$29.68,$4.75,$34.43
F-45F00F555C,AUTORIZADO,FEB-MAY_23,FASE INICIAL,1,Computadora de Escritorio Estandar,FEMDH,CIUDAD DE MEXICO,CUAUHTÉMOC,22/03/2023,,,,30,$607.34,$20.24,30,$-,$-,$-,$-,$607.34,$97.17,$704.51
F-06F4257A4D,AUTORIZADO,FEB-MAY_23,FASE INICIAL,1,Computadora Portatil Estandar,SA_QRO,QUERETARO,SAN JUAN DEL RIO,02/05/2023,,,,30,$664.99,$22.17,30,$-,$-,$-,$-,$664.99,$106.40,$771.39
F-E326A90E0E,AUTORIZADO,FEB-MAY_23,FASE INICIAL,1,Computadora de Escritorio Estandar,SJAI,CIUDAD DE MEXICO,CUAUHTEMOC,29/03/2023,,,,30,$607.34,$20.24,30,$-,$-,$-,$-,$607.34,$97.17,$704.51
F-C7F02D83F1,AUTORIZADO,FEB-MAY_23,FASE INICIAL,2,Computadora de Escritorio Estandar,SA_CHIS,CHIAPAS,COMITAN DE DOMINGUEZ,31/05/2023,,,,30,$607.34,$20.24,30,$-,$-,$-,$-,$607.34,$97.17,$704.51
F-51C5429A79,AUTORIZADO,SEP_COMP_24,BAJO DEMANDA,1,Monitor 24 pulgadas,SA_MOR,MORELOS,CUERNAVACA,07/12/2023,,,,30,$91.12,$3.04,30,$-,$-,$-,$-,$91.12,$14.58,$105.70
F-0ACD4327F5,AUTORIZADO,FEB-MAY_23,FASE INICIAL,1,Computadora de Escritorio Estandar,SA_QRO,QUERETARO,QUERÉTARO,12/04/2023,,,,30,$607.34,$20.24,30,$-,$-,$-,$-,$607.34,$97.17,$704.51
F-B46642D4AA,AUTORIZADO,ABRIL_25,BAJO DEMANDA,1,Teclado y raton inalambricos,INACIPE,CIUDAD DE MEXICO,TLALPAN,14/03/2025,,,,30,$29.68,$0.99,30,$-,$-,$-,$-,$29.68,$4.75,$34.43
F-C6603C662B,PAUSADO (JUNIO 2026),NOV_24,,1,Teclado y raton inalambricos,CA_FEMDH,CIUDAD DE MEXICO,CUAUHTEMOC,22/03/2024,16,14,,30,$29.68,$0.99,16,$-,$-,$-,$-,$15.83,$2.53,$18.36
F-10D102262B,PAUSADO (MAYO 2026),,FASE INICIAL,1,Computadora de Escritorio Estandar,FEMDO,CIUDAD DE MEXICO,CUAUHTEMOC,10/04/2023,,5,,30,$607.34,$20.24,0,-,-,-,,$-,$-,$-
F-8117C8FC47,DEVOLUCION (FRACCION DE SALIDA),FEB-MAY_23,FASE INICIAL,1,Computadora Portatil Estandar,FEMDH,CIUDAD DE MEXICO,CUAUHTEMOC,29/03/2023,,,,30,$664.99,$22.17,4,$-,$-,$-,$-,$88.67,$14.19,$102.85
F-9D0C65B612,AUTORIZADO (PAGO REACTIVADO)_abril,FEB-MAY_23,FASE INICIAL,1,Computadora de Escritorio Estandar,DGFP,CIUDAD DE MEXICO,CUAUHTEMOC,16/05/2023,,7,$141.71,30,$607.34,$20.24,0,-,$141.71,$607.34,$607.34,"$1,356.39",$217.02,"$1,573.42"
F-41C84D6860,AUTORIZADO,FEB-MAY_23,FASE INICIAL,1,Computadora de Escritorio Estandar,CGSP,CIUDAD DE MEXICO,CUAUHTEMOC,24/04/2023,,,,30,$607.34,$20.24,30,$-,$-,$-,$-,$607.34,$97.17,$704.51
F-02D9942CF3,PAUSADO (MAYO 2026),JUNIO_25,BAJO DEMANDA,1,Computadora Portatil Estandar,INACIPE,CIUDAD DE MEXICO,TLALPAN,02/05/2025,,12,,30,$664.99,$22.17,0,-,-,-,,$-,$-,$-
F-477EE5C247,AUTORIZADO,FEB-MAY_23,FASE INICIAL,1,Computadora Portatil Estandar,SA_CDMX,CIUDAD DE MEXICO,CUAUHTÉMOC,17/03/2023,,,,30,$664.99,$22.17,30,$-,$-,$-,$-,$664.99,$106.40,$771.39
F-422FA0180B,AUTORIZADO,FEB-MAY_23,FASE INICIAL,1,Computadora de Escritorio Estandar,PFM,CIUDAD DE MEXICO,MIGUEL HIDALGO,24/03/2023,,,,30,$607.34,$20.24,30,$-,$-,$-,$-,$607.34,$97.17,$704.51
F-9E9CC95D03,AUTORIZADO,FEB-MAY_23,FASE INICIAL,1,Computadora Portatil Estandar,PFM,CIUDAD DE MEXICO,MIGUEL HIDALGO,02/05/2023,,,,30,$664.99,$22.17,30,$-,$-,$-,$-,$664.99,$106.40,$771.39
F-C791AA1C29,DEVOLUCION (FRACCION DE SALIDA),FEB-MAY_23,FASE INICIAL,1,Computadora de Escritorio Estandar,DGSI,CIUDAD DE MEXICO,MIGUEL HIDALGO,31/03/2023,,,,30,$607.34,$20.24,30,$-,$-,$-,$-,$607.34,$97.17,$704.51
F-538BA4C741,AUTORIZADO,FEB-MAY_23,FASE INICIAL,1,Computadora de Escritorio Estandar,FECOC,CIUDAD DE MEXICO,CUAUHTÉMOC,23/03/2023,,,,30,$607.34,$20.24,30,$-,$-,$-,$-,$607.34,$97.17,$704.51
F-900AB8ACFE,AUTORIZADO,ENERO_25,,1,Monitor 24 pulgadas,FESC,CIUDAD DE MEXICO,ALVARO OBREGON,06/02/2024,,,,30,$91.12,$3.04,30,$-,$-,$-,$-,$91.12,$14.58,$105.70
F-BE7C8F4BFD,AUTORIZADO (PAGO REACTIVADO)_mayo,SEP_COMP_24,BAJO DEMANDA,1,Monitor 24 pulgadas,SA_GRO,GUERRERO,CHILPANCINGO DE LOS BRAVO,14/12/2023,,4,$11.76,30,$91.12,$3.04,0,-,-,$11.76,$91.12,$102.88,$16.46,$119.34
F-502B0062A3,AUTORIZADO,SEP_COMP_24,BAJO DEMANDA,2,Monitor 24 pulgadas,SA_CHIH,CHIHUAHUA,JUAREZ,06/12/2023,,,,30,$91.12,$3.04,30,$-,$-,$-,$-,$91.12,$14.58,$105.70
F-B43EB5A0A4,AUTORIZADO,FEB-MAY_23,FASE INICIAL,1,Computadora de Escritorio Estandar,PFM,CIUDAD DE MEXICO,MIGUEL HIDALGO,31/03/2023,,,,30,$607.34,$20.24,30,$-,$-,$-,$-,$607.34,$97.17,$704.51
F-D7DAB1B0FB,AUTORIZADO,SEP_COMP_24,BAJO DEMANDA,1,Computadora Portatil Estandar,SA_SON,SONORA,HERMOSILLO,23/01/2024,,,,30,$664.99,$22.17,30,$-,$-,$-,$-,$664.99,$106.40,$771.39
F-4092F9E3C2,AUTORIZADO,FEB-MAY_23,FASE INICIAL,1,Computadora de Escritorio Estandar,DGCS,CIUDAD DE MEXICO,CUAUHTÉMOC,22/03/2023,,,,30,$607.34,$20.24,30,$-,$-,$-,$-,$607.34,$97.17,$704.51
F-F4962E7E9B,AUTORIZADO,FEB-MAY_23,FASE INICIAL,1,Computadora de Escritorio Estandar,CECC,CIUDAD DE MEXICO,CUAUHTÉMOC,28/04/2023,,,,30,$607.34,$20.24,30,$-,$-,$-,$-,$607.34,$97.17,$704.51
F-307AF3EA8B,AUTORIZADO,FEB-MAY_23,FASE INICIAL,1,Computadora Portatil Estandar,SA_TAMPS,TAMAULIPAS,REYNOSA,03/05/2023,,,,30,$664.99,$22.17,30,$-,$-,$-,$-,$664.99,$106.40,$771.39
F-720DF4CE56,AUTORIZADO,SEP_COMP_24,BAJO DEMANDA,2,Teclado y raton inalambricos,SA_COL,COLIMA,MANZANILLO,14/02/2024,,,,30,$29.68,$0.99,30,$-,$-,$-,$-,$29.68,$4.75,$34.43
F-9B84C789B9,AUTORIZADO,FEB-MAY_23,FASE INICIAL,2,Computadora de Escritorio Estandar,SA_CHIH,CHIHUAHUA,JUÁREZ,28/04/2023,,,,30,$607.34,$20.24,30,$-,$-,$-,$-,$607.34,$97.17,$704.51
F-1C73269AA5,PAUSADO (JUNIO 2026),SEP_COMP_24,BAJO DEMANDA,1,Monitor 24 pulgadas,CGSP,SONORA,HERMOSILLO,20/02/2024,20,10,,30,$91.12,$3.04,20,$-,$-,$-,$-,$60.75,$9.72,$70.47
F-427CF6F0E1,PAUSADO (JUNIO 2026),NOV_24,,1,Teclado y raton inalambricos,CA_FEMDH,CIUDAD DE MEXICO,MIGUEL HIDALGO,13/03/2024,16,14,,30,$29.68,$0.99,16,$-,$-,$-,$-,$15.83,$2.53,$18.36
F-CC3E4BC092,AUTORIZADO,FEB-MAY_23,FASE INICIAL,1,Computadora de Escritorio Estandar,FECOC,CIUDAD DE MEXICO,CUAUHTÉMOC,05/04/2023,,,,30,$607.34,$20.24,30,$-,$-,$-,$-,$607.34,$97.17,$704.51
F-49B38EC54B,AUTORIZADO,MAYO_2026,BAJO DEMANDA,1,Teclado y raton inalambricos,UEPT,CIUDAD DE MEXICO,CUAUHTEMOC,07/04/2026,,,,30,$29.68,$0.99,30,$-,$-,$-,$-,$29.68,$4.75,$34.43
F-F86C80EBC4,AUTORIZADO,SEP_COMP_24,BAJO DEMANDA,1,Monitor 24 pulgadas,SA_SIN,SINALOA,CULIACAN,06/02/2024,,,,30,$91.12,$3.04,30,$-,$-,$-,$-,$91.12,$14.58,$105.70
F-C20688E36E,AUTORIZADO,ABRIL_25,BAJO DEMANDA,1,Teclado y raton inalambricos,INACIPE,CIUDAD DE MEXICO,TLALPAN,31/03/2025,,,,30,$29.68,$0.99,30,$-,$-,$-,$-,$29.68,$4.75,$34.43
F-265462C5C2,AUTORIZADO,FEB-MAY_23,FASE INICIAL,1,Computadora de Escritorio Estandar,DGRMSG,CIUDAD DE MEXICO,CUAUHTÉMOC,10/03/2023,,,,30,$607.34,$20.24,30,$-,$-,$-,$-,$607.34,$97.17,$704.51
F-0B2F871C9B,AUTORIZADO,SEP_COMP_24,BAJO DEMANDA,1,Computadora Portatil Estandar,SA_COAH,COAHUILA,TORREON,13/12/2023,,,,30,$664.99,$22.17,30,$-,$-,$-,$-,$664.99,$106.40,$771.39
F-41DFCB3ED7,AUTORIZADO,FEB-MAY_23,FASE INICIAL,1,Computadora de Escritorio Estandar,FEMDO,CIUDAD DE MEXICO,CUAUHTEMOC,07/03/2023,,,,30,$607.34,$20.24,30,$-,$-,$-,$-,$607.34,$97.17,$704.51
F-1F6C877720,AUTORIZADO,FEB-MAY_23,FASE INICIAL,1,Computadora de Escritorio Estandar,SA_COAH,COAHUILA,TORREÓN,26/04/2023,,,,30,$607.34,$20.24,30,$-,$-,$-,$-,$607.34,$97.17,$704.51
F-D9C4865658,AUTORIZADO,SEP_COMP_24,BAJO DEMANDA,1,Teclado y raton inalambricos,SA_QRO,QUERETARO,QUERETARO,12/12/2023,,,,30,$29.68,$0.99,30,$-,$-,$-,$-,$29.68,$4.75,$34.43
F-09531D0E05,PAUSADO (MAYO 2026),FEB-MAY_23,FASE INICIAL,1,Computadora de Escritorio Estandar,CAOF,CIUDAD DE MEXICO,CUAUHTEMOC,23/03/2023,,11,,30,$607.34,$20.24,0,-,-,-,,$-,$-,$-
F-BC02DECD2E,AUTORIZADO,FEB-MAY_23,FASE INICIAL,2,Computadora de Escritorio Estandar,SA_SON,SONORA,NOGALES,02/05/2023,,,,30,$607.34,$20.24,30,$-,$-,$-,$-,$607.34,$97.17,$704.51
F-796DE9E26F,PAUSADO (MAYO 2026),JUNIO_25,BAJO DEMANDA,1,Computadora Portatil Estandar,INACIPE,CIUDAD DE MEXICO,TLALPAN,02/05/2025,,12,,30,$664.99,$22.17,0,-,-,-,,$-,$-,$-
F-626A372C9B,AUTORIZADO,NOV_24,,1,Computadora Portatil Estandar,SA_EDOMEX,MEXICO,TOLUCA,25/04/2024,,,,30,$664.99,$22.17,30,$-,$-,$-,$-,$664.99,$106.40,$771.39
F-1454974BE6,AUTORIZADO,FEB-MAY_23,FASE INICIAL,1,Computadora de Escritorio Estandar,SA_JAL,JALISCO,GUADALAJARA,12/04/2023,,,,30,$607.34,$20.24,30,$-,$-,$-,$-,$607.34,$97.17,$704.51
F-EE9F7658E4,PAUSADO (JUNIO 2026),NOV_24,,1,Monitor 24 pulgadas,CA_FEMDH,CIUDAD DE MEXICO,CUAUHTEMOC,13/03/2024,29,1,,30,$91.12,$3.04,29,$-,$-,$-,$-,$88.08,$14.09,$102.18
F-1C12FA6C62,AUTORIZADO,SEP_COMP_24,BAJO DEMANDA,1,Teclado y raton inalambricos,SA_COL,COLIMA,TECOMAN,31/01/2024,,,,30,$29.68,$0.99,30,$-,$-,$-,$-,$29.68,$4.75,$34.43
F-FDFA620E5B,PAUSADO (JUNIO 2026),,"""776""_INICIAL",1,Computadora de Escritorio Estandar,FECOR,CIUDAD DE MEXICO,CUAUHTEMOC,22/06/2023,22,8,,30,$607.34,$20.24,22,$-,$-,$-,$-,$445.38,$71.26,$516.64
F-8F39064914,DEVOLUCION (FRACCION DE SALIDA),SEP_COMP_24,BAJO DEMANDA,1,Computadora de Escritorio Estandar,FEMCC,CIUDAD DE MEXICO,CUAUHTEMOC,31/01/2024,,,,30,$607.34,$20.24,2,$-,$-,$-,$-,$40.49,$6.48,$46.97
F-FD3CB2B3F9,PAUSADO (JUNIO 2026),ENERO_2026,BAJO DEMANDA,1,Teclado y raton inalambricos,FEMDH,CIUDAD DE MEXICO,CUAUHTEMOC,11/12/2025,15,15,,30,$29.68,$0.99,15,$-,$-,$-,$-,$14.84,$2.37,$17.21
F-F2F1B90A2B,PAUSADO (JUNIO 2026),SEP_COMP_24,BAJO DEMANDA,1,Teclado y raton inalambricos,CA_FEMDH,CIUDAD DE MEXICO,CUAUHTEMOC,13/03/2024,15,15,,30,$29.68,$0.99,15,$-,$-,$-,$-,$14.84,$2.37,$17.21
F-5A96F0EE44,AUTORIZADO,FEB-MAY_23,FASE INICIAL,1,Computadora de Escritorio Estandar,SA_SLP,SAN LUIS POTOSI,SAN LUIS POTOSÍ,05/05/2023,,,,30,$607.34,$20.24,30,$-,$-,$-,$-,$607.34,$97.17,$704.51
F-1C015808E8,AUTORIZADO,JULIO_25,BAJO DEMANDA,1,Teclado y raton inalambricos,SA_PUE,PUEBLA,PUEBLA,11/06/2025,,,,30,$29.68,$0.99,30,$-,$-,$-,$-,$29.68,$4.75,$34.43
F-211C3CAB89,AUTORIZADO,,BAJO DEMANDA,1,Camara Web,DGCS,CIUDAD DE MEXICO,CUAUHTEMOC,18/07/2023,,,,30,$150.84,$5.03,30,$-,$-,$-,$-,$150.84,$24.13,$174.97
F-9AEBDDC029,AUTORIZADO,FEB-MAY_23,FASE INICIAL,1,Computadora de Escritorio Estandar,CECC,CIUDAD DE MEXICO,CUAUHTÉMOC,28/04/2023,,,,30,$607.34,$20.24,30,$-,$-,$-,$-,$607.34,$97.17,$704.51
F-66506F1A5E,PAUSADO (MAYO 2026),SEP_COMP_24,BAJO DEMANDA,1,Monitor 24 pulgadas,CA_FEMDH,CIUDAD DE MEXICO,CUAUHTEMOC,13/03/2024,,9,,30,$91.12,$3.04,0,-,-,-,,$-,$-,$-
F-E5D49711E1,PAUSADO (MAYO 2026),FEB-MAY_23,FASE INICIAL,1,Computadora de Escritorio Estandar,FEMDH,CIUDAD DE MEXICO,CUAUHTEMOC,29/03/2023,,9,,30,$607.34,$20.24,0,-,-,-,,$-,$-,$-
F-71E23F6D7A,DEVOLUCION (FRACCION DE SALIDA),FEB-MAY_23,FASE INICIAL,1,Computadora de Escritorio Estandar,DGSI,CIUDAD DE MEXICO,CUAUHTEMOC,14/04/2023,,,,30,$607.34,$20.24,30,$-,$-,$-,$-,$607.34,$97.17,$704.51
F-1321866ECD,PAUSADO (MAYO 2026),,BAJO DEMANDA,1,Computadora Portatil Estandar,FECOR,CIUDAD DE MEXICO,CUAUHTEMOC,15/08/2023,,11,,30,$664.99,$22.17,0,-,-,-,,$-,$-,$-
F-2035B96E2F,AUTORIZADO,FEB-MAY_23,FASE INICIAL,1,Computadora de Escritorio Estandar,PFM,CIUDAD DE MEXICO,MIGUEL HIDALGO,15/03/2023,,,,30,$607.34,$20.24,30,$-,$-,$-,$-,$607.34,$97.17,$704.51
F-2A2DABC74C,PAUSADO (MAYO 2026),ENERO_25,,1,Monitor 24 pulgadas,FECOR,CIUDAD DE MEXICO,ALVARO OBREGON,22/01/2024,,11,,30,$91.12,$3.04,0,-,-,-,,$-,$-,$-
F-E604A57191,AUTORIZADO,ENERO_25,,1,Computadora Portatil Estandar,PFM,CIUDAD DE MEXICO,MIGUEL HIDALGO,21/10/2024,,,,30,$664.99,$22.17,30,$-,$-,$-,$-,$664.99,$106.40,$771.39
F-7B198A4B9B,AUTORIZADO,FEB-MAY_23,FASE INICIAL,1,Computadora de Escritorio Estandar,SA_CDMX,CIUDAD DE MEXICO,CUAUHTÉMOC,27/03/2023,,,,30,$607.34,$20.24,30,$-,$-,$-,$-,$607.34,$97.17,$704.51
F-A7E39BE497,AUTORIZADO,FEB-MAY_23,FASE INICIAL,1,Computadora de Escritorio Estandar,SA_GTO,GUANAJUATO,LEON,20/04/2023,,,,30,$607.34,$20.24,30,$-,$-,$-,$-,$607.34,$97.17,$704.51
F-EACB83EE8A,AUTORIZADO,FEB-MAY_23,FASE INICIAL,1,Computadora de Escritorio Estandar,CENAPI,CIUDAD DE MEXICO,COYOACAN,17/04/2023,,,,30,$607.34,$20.24,30,$-,$-,$-,$-,$607.34,$97.17,$704.51
F-0D0F64A6A8,AUTORIZADO,SEP_COMP_24,BAJO DEMANDA,1,Computadora Portatil Estandar,CDMX,CIUDAD DE MEXICO,CUAUHTEMOC,30/10/2023,,,,30,$664.99,$22.17,30,$-,$-,$-,$-,$664.99,$106.40,$771.39
F-413E510427,AUTORIZADO,FEB-MAY_23,FASE INICIAL,1,Computadora Portatil Estandar,DGTIC,CIUDAD DE MEXICO,CUAUHTÉMOC,24/04/2023,,,,30,$664.99,$22.17,30,$-,$-,$-,$-,$664.99,$106.40,$771.39
F-8833A29482,AUTORIZADO,FEB-MAY_23,FASE INICIAL,2,Computadora de Escritorio Estandar,SA_SIN,SINALOA,MAZATLAN,21/04/2023,,,,30,$607.34,$20.24,30,$-,$-,$-,$-,$607.34,$97.17,$704.51
F-7C998436B1,PAUSADO (JUNIO 2026),SEP_COMP_24,BAJO DEMANDA,1,Monitor 24 pulgadas,SA_SON,SONORA,HERMOSILLO,05/01/2024,20,10,,30,$91.12,$3.04,20,$-,$-,$-,$-,$60.75,$9.72,$70.47
F-8D0EAC54AF,AUTORIZADO,FEB-MAY_23,FASE INICIAL,2,Computadora de Escritorio Estandar,SA_CHIH,CHIHUAHUA,JUAREZ,18/05/2023,,,,30,$607.34,$20.24,30,$-,$-,$-,$-,$607.34,$97.17,$704.51
F-BA53BDA328,AUTORIZADO,FEB-MAY_23,FASE INICIAL,1,Computadora de Escritorio Estandar,FECOC,CIUDAD DE MEXICO,CUAUHTÉMOC,03/04/2023,,,,30,$607.34,$20.24,30,$-,$-,$-,$-,$607.34,$97.17,$704.51
F-292B97BA48,PAUSADO (MAYO 2026),FEB-MAY_23,FASE INICIAL,1,Computadora de Escritorio Estandar,FECOC,CIUDAD DE MEXICO,CUAUHTEMOC,30/03/2023,,3,,30,$607.34,$20.24,0,-,-,-,,$-,$-,$-
F-5D0457AF19,AUTORIZADO,FEB-MAY_23,FASE INICIAL,1,Computadora de Escritorio Estandar,FEAI,CIUDAD DE MEXICO,ALVARO OBREGON,24/04/2023,,,,30,$607.34,$20.24,30,$-,$-,$-,$-,$607.34,$97.17,$704.51
F-41DC1359B2,AUTORIZADO,FEB-MAY_23,FASE INICIAL,1,Computadora de Escritorio Estandar,DGTIC,CIUDAD DE MEXICO,CUAUHTEMOC,29/05/2023,,,,30,$607.34,$20.24,30,$-,$-,$-,$-,$607.34,$97.17,$704.51
F-2BAB66BBCC,AUTORIZADO,FEB-MAY_23,FASE INICIAL,2,Computadora de Escritorio Estandar,SA_SIN,SINALOA,AHOME,17/05/2023,,,,30,$607.34,$20.24,30,$-,$-,$-,$-,$607.34,$97.17,$704.51
F-122D80E81E,AUTORIZADO,FEB-MAY_23,FASE INICIAL,1,Computadora de Escritorio Estandar,FEMDO,CIUDAD DE MEXICO,CUAUHTEMOC,13/04/2023,,,,30,$607.34,$20.24,30,$-,$-,$-,$-,$607.34,$97.17,$704.51
F-7AA5E87340,DEVOLUCION (FRACCION DE SALIDA),OCT_24,,1,Computadora de Escritorio Estandar,USEIN,CIUDAD DE MEXICO,ALVARO OBREGON,02/09/2024,,,,30,$607.34,$20.24,30,$-,$-,$-,$-,$607.34,$97.17,$704.51
F-09F0683300,AUTORIZADO,SEP_COMP_24,BAJO DEMANDA,1,Teclado y raton inalambricos,SA_OAX,OAXACA,SAN BARTOLO COYOTEPEC,26/02/2024,,,,30,$29.68,$0.99,30,$-,$-,$-,$-,$29.68,$4.75,$34.43
F-4991AC27BA,AUTORIZADO,FEB-MAY_23,FASE INICIAL,3,Computadora de Escritorio Estandar,SA_BC,BAJA CALIFORNIA,TIJUANA,25/04/2023,,,,30,$607.34,$20.24,30,$-,$-,$-,$-,$607.34,$97.17,$704.51
F-DD98DB2D2B,AUTORIZADO,SEP_COMP_24,BAJO DEMANDA,1,Computadora Portatil Estandar,SA_PUE,PUEBLA,PUEBLA,29/12/2023,,,,30,$664.99,$22.17,30,$-,$-,$-,$-,$664.99,$106.40,$771.39
F-EC37133D38,AUTORIZADO (PAGO REACTIVADO)_mayo,SEP_COMP_24,BAJO DEMANDA,1,Monitor 24 pulgadas,SA_EDOMEX,MEXICO,TOLUCA,13/02/2024,,5,$14.70,30,$91.12,$3.04,0,-,-,$14.70,$91.12,$105.82,$16.93,$122.75
F-6C86EC16F2,DEVOLUCION (FRACCION DE SALIDA),FEB-MAY_23,FASE INICIAL,1,Computadora Portatil Estandar,FEMDH,CIUDAD DE MEXICO,CUAUHTEMOC,28/03/2023,,,,30,$664.99,$22.17,4,$-,$-,$-,$-,$88.67,$14.19,$102.85
F-21B0FE94CA,AUTORIZADO,SEP_COMP_24,BAJO DEMANDA,1,Teclado y raton inalambricos,CA_FEMDH,CIUDAD DE MEXICO,MIGUEL HIDALGO,13/03/2024,,,,30,$29.68,$0.99,30,$-,$-,$-,$-,$29.68,$4.75,$34.43
F-0FD594E5DB,AUTORIZADO,ENERO_25,,1,Monitor 24 pulgadas,CDMX,CIUDAD DE MEXICO,CUAUHTEMOC,31/12/2024,,,,30,$91.12,$3.04,30,$-,$-,$-,$-,$91.12,$14.58,$105.70
F-55C5902242,AUTORIZADO,FEB-MAY_23,FASE INICIAL,1,Computadora de Escritorio Estandar,FEAI,CIUDAD DE MEXICO,ALVARO OBREGON,20/04/2023,,,,30,$607.34,$20.24,30,$-,$-,$-,$-,$607.34,$97.17,$704.51
F-C59765300C,AUTORIZADO,FEB-MAY_23,FASE INICIAL,1,Computadora de Escritorio Estandar,SA_EDOMEX,ESTADO DE MEXICO,TOLUCA,17/04/2023,,,,30,$607.34,$20.24,30,$-,$-,$-,$-,$607.34,$97.17,$704.51
F-4D1F3625E9,AUTORIZADO,FEB-MAY_23,FASE INICIAL,1,Computadora de Escritorio Estandar,SA_CDMX,CIUDAD DE MEXICO,CUAUHTÉMOC,16/03/2023,,,,30,$607.34,$20.24,30,$-,$-,$-,$-,$607.34,$97.17,$704.51
F-8902D1948A,AUTORIZADO (PAGO REACTIVADO)_abril,FEB-MAY_23,FASE INICIAL,1,Computadora de Escritorio Estandar,FEMDH,CIUDAD DE MEXICO,CUAUHTEMOC,24/04/2023,,8,$161.96,30,$607.34,$20.24,0,-,$161.96,$607.34,$607.34,"$1,376.64",$220.26,"$1,596.90"
F-9439BC159F,AUTORIZADO,FEB-MAY_23,FASE INICIAL,1,Computadora de Escritorio Estandar,PFM,CIUDAD DE MEXICO,MIGUEL HIDALGO,03/04/2023,,,,30,$607.34,$20.24,30,$-,$-,$-,$-,$607.34,$97.17,$704.51
F-05DC2EF858,AUTORIZADO,SEP_COMP_24,BAJO DEMANDA,1,Teclado y raton inalambricos,CGSP,TABASCO,CENTRO,23/11/2023,,,,30,$29.68,$0.99,30,$-,$-,$-,$-,$29.68,$4.75,$34.43
F-88E2CCDF48,AUTORIZADO (PAGO REACTIVADO)_abril,,BAJO DEMANDA,1,Tarjeta Inalambrica,DGCS,CIUDAD DE MEXICO,CUAUHTEMOC,18/07/2023,,7,$4.99,30,$21.40,$0.71,0,-,$4.99,$21.40,$21.40,$47.79,$7.65,$55.44
F-730EBABD1E,AUTORIZADO,FEB-MAY_23,FASE INICIAL,1,Computadora de Escritorio Estandar,PFM,CIUDAD DE MEXICO,MIGUEL HIDALGO,16/03/2023,,,,30,$607.34,$20.24,30,$-,$-,$-,$-,$607.34,$97.17,$704.51
F-962B0932C9,AUTORIZADO,FEB-MAY_23,FASE INICIAL,1,Computadora de Escritorio Estandar,FECOR,CIUDAD DE MEXICO,CUAUHTÉMOC,05/04/2023,,,,30,$607.34,$20.24,30,$-,$-,$-,$-,$607.34,$97.17,$704.51
F-98465D0289,PAUSADO (MAYO 2026),JUNIO_25,BAJO DEMANDA,1,Computadora Portatil Estandar,INACIPE,CIUDAD DE MEXICO,TLALPAN,02/05/2025,,12,,30,$664.99,$22.17,0,-,-,-,,$-,$-,$-
F-E34EA06B80,AUTORIZADO,FEB-MAY_23,FASE INICIAL,1,Computadora de Escritorio Estandar,SA_COAH,COAHUILA,TORREON,26/04/2023,,,,30,$607.34,$20.24,30,$-,$-,$-,$-,$607.34,$97.17,$704.51
F-1068FEF6CA,AUTORIZADO,FEB-MAY_23,FASE INICIAL,1,Computadora de Escritorio Estandar,FECOC,CIUDAD DE MEXICO,CUAUHTÉMOC,10/04/2023,,,,30,$607.34,$20.24,30,$-,$-,$-,$-,$607.34,$97.17,$704.51
F-7174286B07,AUTORIZADO,SEP_COMP_24,BAJO DEMANDA,2,Computadora Portatil Estandar,SA_CHIH,CHIHUAHUA,JUAREZ,11/12/2023,,,,30,$664.99,$22.17,30,$-,$-,$-,$-,$664.99,$106.40,$771.39
F-062093DA54,AUTORIZADO,FEB-MAY_23,FASE INICIAL,1,Computadora de Escritorio Estandar,DGCS,CIUDAD DE MEXICO,CUAUHTÉMOC,10/03/2023,,,,30,$607.34,$20.24,30,$-,$-,$-,$-,$607.34,$97.17,$704.51
F-91174FFA6D,PAUSADO (JUNIO 2026),,BAJO DEMANDA,1,Computadora Portatil Estandar,FECOR,CIUDAD DE MEXICO,CUAUHTEMOC,15/08/2023,16,14,,30,$664.99,$22.17,16,$-,$-,$-,$-,$354.66,$56.75,$411.41
F-FD820DBBD0,PAUSADO (JUNIO 2026),FEB-MAY_23,FASE INICIAL,1,Computadora de Escritorio Estandar,CGSP,SONORA,HERMOSILLO,21/04/2023,20,10,,30,$607.34,$20.24,20,$-,$-,$-,$-,$404.89,$64.78,$469.68
F-496A232BE9,PAUSADO (JUNIO 2026),FEB-MAY_23,FASE INICIAL,1,Computadora de Escritorio Estandar,FEMDH,CIUDAD DE MEXICO,CUAUHTEMOC,03/03/2023,15,15,,30,$607.34,$20.24,15,$-,$-,$-,$-,$303.67,$48.59,$352.26
F-0A9557594D,DEVOLUCION (FRACCION DE SALIDA),FEB-MAY_23,FASE INICIAL,1,Computadora de Escritorio Estandar,FEMDH,CIUDAD DE MEXICO,CUAUHTEMOC,28/03/2023,,,,30,$607.34,$20.24,4,$-,$-,$-,$-,$80.98,$12.96,$93.94
F-06D2A4395D,AUTORIZADO,FEB-MAY_23,FASE INICIAL,1,Computadora de Escritorio Estandar,FEMDO,CIUDAD DE MEXICO,CUAUHTEMOC,27/04/2023,,,,30,$607.34,$20.24,30,$-,$-,$-,$-,$607.34,$97.17,$704.51
F-2C18B74176,AUTORIZADO,FEB-MAY_23,FASE INICIAL,1,Computadora de Escritorio Estandar,FECOR,CIUDAD DE MEXICO,CUAUHTÉMOC,21/03/2023,,,,30,$607.34,$20.24,30,$-,$-,$-,$-,$607.34,$97.17,$704.51
F-CBF2EAE9E5,AUTORIZADO,SEP_COMP_24,BAJO DEMANDA,1,Monitor 24 pulgadas,CDMX,CIUDAD DE MEXICO,MIGUEL HIDALGO,01/02/2024,,,,30,$91.12,$3.04,30,$-,$-,$-,$-,$91.12,$14.58,$105.70
F-7579E5CB9D,PAUSADO (MAYO 2026),SEP_COMP_24,BAJO DEMANDA,1,Teclado y raton inalambricos,CA_FEMDH,CIUDAD DE MEXICO,MIGUEL HIDALGO,13/03/2024,,9,,30,$29.68,$0.99,0,-,-,-,,$-,$-,$-
F-9080662739,DEVOLUCION (FRACCION DE SALIDA),FEB-MAY_23,FASE INICIAL,2,Computadora de Escritorio Estandar,SA_GRO,GUERRERO,ACAPULCO DE JUAREZ,02/05/2023,,,,30,$607.34,$20.24,4,$-,$-,$-,$-,$80.98,$12.96,$93.94
F-DDC2D1933D,AUTORIZADO,ENERO_25,,1,Monitor 24 pulgadas,SA_EDOMEX,MEXICO,TOLUCA,25/04/2024,,,,30,$91.12,$3.04,30,$-,$-,$-,$-,$91.12,$14.58,$105.70
F-EE0E075614,AUTORIZADO,FEB-MAY_23,FASE INICIAL,1,Computadora de Escritorio Estandar,UDET,CIUDAD DE MEXICO,CUAUHTÉMOC,17/03/2023,,,,30,$607.34,$20.24,30,$-,$-,$-,$-,$607.34,$97.17,$704.51
F-FD2395826E,AUTORIZADO,FEB-MAY_23,FASE INICIAL,1,Computadora de Escritorio Estandar,DGSA,JALISCO,TLAJOMULCO DE ZUÑIGA,04/04/2023,,,,30,$607.34,$20.24,30,$-,$-,$-,$-,$607.34,$97.17,$704.51
F-163A8ACA82,PAUSADO (JUNIO 2026),SEP_COMP_24,BAJO DEMANDA,2,Teclado y raton inalambricos,SA_TAB,TABASCO,CARDENAS,04/12/2023,19,11,,30,$29.68,$0.99,19,$-,$-,$-,$-,$18.80,$3.01,$21.80
F-A494D219E9,AUTORIZADO,FEB-MAY_23,FASE INICIAL,1,Computadora de Escritorio Estandar,PFM,CIUDAD DE MEXICO,MIGUEL HIDALGO,15/03/2023,,,,30,$607.34,$20.24,30,$-,$-,$-,$-,$607.34,$97.17,$704.51
F-D26498F971,AUTORIZADO,FEB-MAY_23,FASE INICIAL,1,Computadora de Escritorio Estandar,PFM,CIUDAD DE MEXICO,MIGUEL HIDALGO,05/04/2023,,,,30,$607.34,$20.24,30,$-,$-,$-,$-,$607.34,$97.17,$704.51
F-92D0D38FA7,AUTORIZADO,SEP_COMP_24,BAJO DEMANDA,1,Teclado y raton inalambricos,SA_NL,NUEVO LEON,GUADALUPE,16/01/2024,,,,30,$29.68,$0.99,30,$-,$-,$-,$-,$29.68,$4.75,$34.43
F-30637C1D7D,PAUSADO (JUNIO 2026),ABRIL_25,BAJO DEMANDA,1,Computadora Portatil Estandar,FEMDH,CIUDAD DE MEXICO,CUAUHTEMOC,06/02/2025,29,1,,30,$664.99,$22.17,29,$-,$-,$-,$-,$642.82,$102.85,$745.68
F-7D69CAD2FF,AUTORIZADO,FEB-MAY_23,FASE INICIAL,1,Computadora Portatil Estandar,SA_TLAX,TLAXCALA,TLAXCALA,31/05/2023,,,,30,$664.99,$22.17,30,$-,$-,$-,$-,$664.99,$106.40,$771.39
F-F5013DE046,AUTORIZADO,FEB-MAY_23,FASE INICIAL,1,Computadora de Escritorio Estandar,SA_JAL,JALISCO,GUADALAJARA,25/04/2023,,,,30,$607.34,$20.24,30,$-,$-,$-,$-,$607.34,$97.17,$704.51
F-E3C52AB5AC,AUTORIZADO,OCT_24,,1,Teclado y raton inalambricos,FEMDH,CIUDAD DE MEXICO,MIGUEL HIDALGO,30/08/2024,,,,30,$29.68,$0.99,30,$-,$-,$-,$-,$29.68,$4.75,$34.43
F-BDE96E59B7,PAUSADO (JUNIO 2026),FEB-MAY_23,FASE INICIAL,1,Computadora de Escritorio Estandar,FEMDH,CIUDAD DE MEXICO,CUAUHTEMOC,29/03/2023,15,15,,30,$607.34,$20.24,15,$-,$-,$-,$-,$303.67,$48.59,$352.26
F-35F4EAC2B4,PAUSADO (JUNIO 2026),FEB-MAY_23,FASE INICIAL,1,Computadora Portatil Estandar,FEMDH,CIUDAD DE MEXICO,CUAUHTEMOC,30/03/2023,16,14,,30,$664.99,$22.17,16,$-,$-,$-,$-,$354.66,$56.75,$411.41
F-CDD999BC2C,AUTORIZADO,FEB-MAY_23,FASE INICIAL,1,Computadora de Escritorio Estandar,DGRHO,CIUDAD DE MEXICO,CUAUHTÉMOC,15/03/2023,,,,30,$607.34,$20.24,30,$-,$-,$-,$-,$607.34,$97.17,$704.51
F-042E8858B7,AUTORIZADO,FEB-MAY_23,FASE INICIAL,1,Computadora Portatil Estandar,UISPPA,CIUDAD DE MEXICO,CUAUHTÉMOC,22/03/2023,,,,30,$664.99,$22.17,30,$-,$-,$-,$-,$664.99,$106.40,$771.39
F-FF178B07ED,AUTORIZADO (PAGO REACTIVADO)_abril,,BAJO DEMANDA,1,Camara Web,DGCS,CIUDAD DE MEXICO,CUAUHTEMOC,18/07/2023,,7,$35.20,30,$150.84,$5.03,0,-,$35.20,$150.84,$150.84,$336.88,$53.90,$390.78
F-E44211C851,PAUSADO (JUNIO 2026),FEBRERO_25,,1,Teclado y raton inalambricos,FEMDH,CIUDAD DE MEXICO,CUAUHTEMOC,10/12/2024,15,15,,30,$29.68,$0.99,15,$-,$-,$-,$-,$14.84,$2.37,$17.21
F-EDCCF98269,PAUSADO (JUNIO 2026),FEB-MAY_23,FASE INICIAL,1,Computadora Portatil Estandar,FEMDH,CIUDAD DE MEXICO,CUAUHTEMOC,23/03/2023,29,1,,30,$664.99,$22.17,29,$-,$-,$-,$-,$642.82,$102.85,$745.68
F-310E6E6E4C,PAUSADO (JUNIO 2026),ABRIL_25,BAJO DEMANDA,1,Teclado y raton inalambricos,FEMDH,CIUDAD DE MEXICO,CUAUHTEMOC,10/02/2025,15,15,,30,$29.68,$0.99,15,$-,$-,$-,$-,$14.84,$2.37,$17.21
F-69195C22B2,AUTORIZADO,MAYO_25,BAJO DEMANDA,1,Monitor 24 pulgadas,FEAIN,CIUDAD DE MEXICO,ALVARO OBREGON,09/04/2025,,,,30,$91.12,$3.04,30,$-,$-,$-,$-,$91.12,$14.58,$105.70
F-F7BAFC2ECA,AUTORIZADO,FEB-MAY_23,FASE INICIAL,2,Computadora de Escritorio Estandar,SA_CHIH,CHIHUAHUA,JUÁREZ,26/04/2023,,,,30,$607.34,$20.24,30,$-,$-,$-,$-,$607.34,$97.17,$704.51
F-E500BAC946,AUTORIZADO,FEB-MAY_23,FASE INICIAL,1,Computadora de Escritorio Estandar,FECOC,CIUDAD DE MEXICO,CUAUHTEMOC,10/04/2023,,,,30,$607.34,$20.24,30,$-,$-,$-,$-,$607.34,$97.17,$704.51
F-C67D25A147,AUTORIZADO,SEP_COMP_24,BAJO DEMANDA,1,Computadora Portatil Estandar,SA_YUC,YUCATAN,MERIDA,10/01/2024,,,,30,$664.99,$22.17,30,$-,$-,$-,$-,$664.99,$106.40,$771.39
F-BBBAC04CAA,AUTORIZADO,FEB-MAY_23,FASE INICIAL,1,Computadora Portatil Estandar,FEAI,CIUDAD DE MEXICO,ALVARO OBREGON,05/04/2023,,,,30,$664.99,$22.17,30,$-,$-,$-,$-,$664.99,$106.40,$771.39
F-C4E6EF551E,AUTORIZADO,FEB-MAY_23,FASE INICIAL,1,Computadora Portatil Estandar,SA_SIN,SINALOA,CULIACAN,31/05/2023,,,,30,$664.99,$22.17,30,$-,$-,$-,$-,$664.99,$106.40,$771.39
F-67099D9F80,PAUSADO (JUNIO 2026),FEB-MAY_23,FASE INICIAL,1,Computadora de Escritorio Estandar,SA_SON,SONORA,HERMOSILLO,26/04/2023,20,10,,30,$607.34,$20.24,20,$-,$-,$-,$-,$404.89,$64.78,$469.68
F-2C7D9D1924,AUTORIZADO (PAGO REACTIVADO)_abril,FEB-MAY_23,FASE INICIAL,1,Computadora de Escritorio Estandar,FEMDH,CIUDAD DE MEXICO,CUAUHTEMOC,27/03/2023,,2,$40.49,30,$607.34,$20.24,0,-,$40.49,$607.34,$607.34,"$1,255.17",$200.83,"$1,456.00"
F-69A3CE9BDB,AUTORIZADO,OCT_24,,1,Computadora Portatil Estandar,CDMX,CIUDAD DE MEXICO,ALVARO OBREGON,01/09/2023,,,,30,$664.99,$22.17,30,$-,$-,$-,$-,$664.99,$106.40,$771.39
F-976ED16E64,DEVOLUCION (FRACCION DE SALIDA),FEB-MAY_23,FASE INICIAL,1,Computadora de Escritorio Estandar,FEMDH,CIUDAD DE MEXICO,CUAUHTEMOC,16/03/2023,,,,30,$607.34,$20.24,4,$-,$-,$-,$-,$80.98,$12.96,$93.94
F-F1F5024F9D,AUTORIZADO,SEP_COMP_24,BAJO DEMANDA,2,Teclado y raton inalambricos,SA_VER,VERACRUZ,MARTINEZ DE LA TORRE,22/12/2023,,,,30,$29.68,$0.99,30,$-,$-,$-,$-,$29.68,$4.75,$34.43
F-E4100B982F,AUTORIZADO,FEB-MAY_23,FASE INICIAL,3,Computadora de Escritorio Estandar,SA_CAMP,CAMPECHE,CARMEN,09/05/2023,,,,30,$607.34,$20.24,30,$-,$-,$-,$-,$607.34,$97.17,$704.51
F-56D635D563,AUTORIZADO,FEB-MAY_23,FASE INICIAL,1,Computadora de Escritorio Estandar,SJAI,CIUDAD DE MEXICO,CUAUHTEMOC,28/03/2023,,,,30,$607.34,$20.24,30,$-,$-,$-,$-,$607.34,$97.17,$704.51
F-091D729AFE,PAUSADO (JUNIO 2026),SEP_COMP_24,BAJO DEMANDA,1,Computadora Portatil Estandar,SA_YUC,YUCATAN,MERIDA,13/12/2023,26,4,,30,$664.99,$22.17,26,$-,$-,$-,$-,$576.32,$92.21,$668.54
F-FEC3DC6FD0,AUTORIZADO,FEB-MAY_23,FASE INICIAL,1,Computadora de Escritorio Estandar,FEMDO,CIUDAD DE MEXICO,CUAUHTEMOC,02/03/2023,,,,30,$607.34,$20.24,30,$-,$-,$-,$-,$607.34,$97.17,$704.51
F-0627552CAD,AUTORIZADO,FEB-MAY_23,FASE INICIAL,1,Computadora de Escritorio Estandar,SA_DGO,DURANGO,DURANGO,17/04/2023,,,,30,$607.34,$20.24,30,$-,$-,$-,$-,$607.34,$97.17,$704.51
F-ECF2824231,AUTORIZADO,FEB-MAY_23,FASE INICIAL,1,Computadora de Escritorio Estandar,CENAPI,CIUDAD DE MEXICO,COYOACAN,26/04/2023,,,,30,$607.34,$20.24,30,$-,$-,$-,$-,$607.34,$97.17,$704.51
F-88FF2641F0,AUTORIZADO,FEB-MAY_23,FASE INICIAL,1,Computadora de Escritorio Estandar,SA_NL,NUEVO LEON,GENERAL ESCOBEDO,04/05/2023,,,,30,$607.34,$20.24,30,$-,$-,$-,$-,$607.34,$97.17,$704.51
F-068CA317F4,AUTORIZADO,FEB-MAY_23,FASE INICIAL,1,Computadora de Escritorio Estandar,CGSP,CIUDAD DE MEXICO,CUAUHTEMOC,19/04/2023,,,,30,$607.34,$20.24,30,$-,$-,$-,$-,$607.34,$97.17,$704.51
F-586A6C13B4,AUTORIZADO,SEP_COMP_24,BAJO DEMANDA,1,Camara Web,UESII,CIUDAD DE MEXICO,ALVARO OBREGON,02/05/2024,,,,30,$150.84,$5.03,30,$-,$-,$-,$-,$150.84,$24.13,$174.97
F-22FD52B208,PAUSADO (MAYO 2026),,BAJO DEMANDA,1,Computadora de Escritorio Estandar,FEMDO,CIUDAD DE MEXICO,CUAUHTEMOC,18/07/2023,,5,,30,$607.34,$20.24,0,-,-,-,,$-,$-,$-
F-7CCE7C2173,PAUSADO (MAYO 2026),SEP_COMP_24,BAJO DEMANDA,1,Computadora de Escritorio Estandar,FEMDH,CIUDAD DE MEXICO,CUAUHTEMOC,07/11/2023,,9,,30,$607.34,$20.24,0,-,-,-,,$-,$-,$-
F-4FC86BFE1C,AUTORIZADO,ENERO_25,,1,Teclado y raton inalambricos,CFPF,CIUDAD DE MEXICO,CUAUHTEMOC,22/11/2024,,,,30,$29.68,$0.99,30,$-,$-,$-,$-,$29.68,$4.75,$34.43
F-10C6F4D7C8,AUTORIZADO,SEP_COMP_24,BAJO DEMANDA,1,Computadora de Escritorio Estandar,PFM,CIUDAD DE MEXICO,MIGUEL HIDALGO,14/12/2023,,,,30,$607.34,$20.24,30,$-,$-,$-,$-,$607.34,$97.17,$704.51
F-BE30FD7AFF,AUTORIZADO,FEB-MAY_23,FASE INICIAL,1,Computadora de Escritorio Estandar,DGTIC,CIUDAD DE MEXICO,CUAUHTÉMOC,23/03/2023,,,,30,$607.34,$20.24,30,$-,$-,$-,$-,$607.34,$97.17,$704.51
F-DE8D5E41BD,AUTORIZADO,FEB-MAY_23,FASE INICIAL,1,Computadora Portatil Estandar,SA_MOR,MORELOS,CUERNAVACA,26/04/2023,,,,30,$664.99,$22.17,30,$-,$-,$-,$-,$664.99,$106.40,$771.39
F-7802B66CB1,AUTORIZADO,SEP_COMP_24,BAJO DEMANDA,1,Computadora Portatil Estandar,FECOR,CIUDAD DE MEXICO,CUAUHTEMOC,29/09/2023,,,,30,$664.99,$22.17,30,$-,$-,$-,$-,$664.99,$106.40,$771.39
F-AE5542D59E,AUTORIZADO,SEP_COMP_24,BAJO DEMANDA,2,Computadora Portatil Estandar,SA_CHIH,CHIHUAHUA,JUAREZ,11/12/2023,,,,30,$664.99,$22.17,30,$-,$-,$-,$-,$664.99,$106.40,$771.39
F-AEC91AF670,AUTORIZADO,FEB-MAY_23,FASE INICIAL,1,Computadora de Escritorio Estandar,PFM,CIUDAD DE MEXICO,MIGUEL HIDALGO,13/03/2023,,,,30,$607.34,$20.24,30,$-,$-,$-,$-,$607.34,$97.17,$704.51
F-7E3028BD8D,AUTORIZADO,FEB-MAY_23,FASE INICIAL,1,Computadora Portatil Estandar,SA_SON,SONORA,HERMOSILLO,19/05/2023,,,,30,$664.99,$22.17,30,$-,$-,$-,$-,$664.99,$106.40,$771.39
F-DC0986DBC8,AUTORIZADO,NOV_24,,1,Teclado y raton inalambricos,FEMDH,CIUDAD DE MEXICO,CUAUHTEMOC,22/03/2024,,,,30,$29.68,$0.99,30,$-,$-,$-,$-,$29.68,$4.75,$34.43
F-F92E0AC8A1,PAUSADO (MAYO 2026),,"""776""_INICIAL",1,Computadora de Escritorio Estandar,FECOR,CIUDAD DE MEXICO,CUAUHTEMOC,22/06/2023,,24,,30,$607.34,$20.24,0,-,-,-,,$-,$-,$-
F-76F8061FB9,AUTORIZADO (PAGO REACTIVADO)_abril,FEB-MAY_23,FASE INICIAL,1,Computadora de Escritorio Estandar,DGCS,CIUDAD DE MEXICO,CUAUHTÉMOC,17/03/2023,,8,$161.96,30,$607.34,$20.24,0,-,$161.96,$607.34,$607.34,"$1,376.64",$220.26,"$1,596.90"
F-A2FE481E79,DEVOLUCION (FRACCION DE SALIDA),FEB-MAY_23,FASE INICIAL,1,Computadora de Escritorio Estandar,DGSI,CIUDAD DE MEXICO,MIGUEL HIDALGO,31/03/2023,,,,30,$607.34,$20.24,30,$-,$-,$-,$-,$607.34,$97.17,$704.51
F-E968764445,AUTORIZADO (PAGO REACTIVADO)_abril,FEB-MAY_23,FASE INICIAL,1,Computadora de Escritorio Estandar,FEMDH,CIUDAD DE MEXICO,CUAUHTEMOC,02/03/2023,,8,$161.96,30,$607.34,$20.24,0,-,$161.96,$607.34,$607.34,"$1,376.64",$220.26,"$1,596.90"
F-5F9C597A4C,AUTORIZADO,FEB-MAY_23,FASE INICIAL,1,Computadora Portatil Estandar,SA_QROO,QUINTANA ROO,BENITO JUÁREZ,24/04/2023,,,,30,$664.99,$22.17,30,$-,$-,$-,$-,$664.99,$106.40,$771.39
F-8AE8E66A07,AUTORIZADO,NOV_24,,1,Memoria RAM Escritorio (16 GB),FEMDH,CIUDAD DE MEXICO,CUAUHTEMOC,24/09/2024,,,,30,$48.53,$1.62,30,$-,$-,$-,$-,$48.53,$7.76,$56.29
F-528C8B79A9,PAUSADO (MAYO 2026),FEB-MAY_23,FASE INICIAL,1,Computadora de Escritorio Estandar,DGRMSG,CIUDAD DE MEXICO,GUSTAVO A. MADERO,29/03/2023,,6,,30,$607.34,$20.24,0,-,-,-,,$-,$-,$-
F-C05E0AF89F,PAUSADO (MAYO 2026),ENERO_25,,1,Monitor 24 pulgadas,FECOR,CIUDAD DE MEXICO,ALVARO OBREGON,22/01/2024,,11,,30,$91.12,$3.04,0,-,-,-,,$-,$-,$-
F-0E70FC9D4F,AUTORIZADO,FEB-MAY_23,FASE INICIAL,1,Computadora de Escritorio Estandar,CGSP,CIUDAD DE MEXICO,CUAUHTEMOC,18/04/2023,,,,30,$607.34,$20.24,30,$-,$-,$-,$-,$607.34,$97.17,$704.51
F-50867B19D8,PAUSADO (MAYO 2026),ENERO_25,,1,Monitor 24 pulgadas,FECOR,CIUDAD DE MEXICO,ALVARO OBREGON,22/01/2024,,11,,30,$91.12,$3.04,0,-,-,-,,$-,$-,$-
F-3BAD22D79F,AUTORIZADO,FEB-MAY_23,FASE INICIAL,1,Computadora Portatil Estandar,SJAI,CIUDAD DE MEXICO,CUAUHTEMOC,27/03/2023,,,,30,$664.99,$22.17,30,$-,$-,$-,$-,$664.99,$106.40,$771.39
F-2A187734E6,AUTORIZADO,SEP_COMP_24,BAJO DEMANDA,1,Computadora Portatil Estandar,SA_VER,VERACRUZ,VILLA ALDAMA,16/10/2023,,,,30,$664.99,$22.17,30,$-,$-,$-,$-,$664.99,$106.40,$771.39
F-5E62634D3C,PAUSADO (JUNIO 2026),FEB-MAY_23,FASE INICIAL,1,Computadora de Escritorio Estandar,SA_SON,SONORA,HERMOSILLO,16/05/2023,20,10,,30,$607.34,$20.24,20,$-,$-,$-,$-,$404.89,$64.78,$469.68
F-49EC729B90,AUTORIZADO,OCT_24,,1,Computadora de Escritorio Estandar,FECOR,CIUDAD DE MEXICO,ALVARO OBREGON,05/07/2024,,,,30,$607.34,$20.24,30,$-,$-,$-,$-,$607.34,$97.17,$704.51
F-744328E0D5,AUTORIZADO,,BAJO DEMANDA,1,Computadora Portatil Estandar,SA_JAL,JALISCO,GUADALAJARA,14/08/2023,,,,30,$664.99,$22.17,30,$-,$-,$-,$-,$664.99,$106.40,$771.39
F-35412707BC,AUTORIZADO,FEB-MAY_23,FASE INICIAL,1,Computadora de Escritorio Estandar,CGSP,YUCATAN,MERIDA,13/04/2023,,,,30,$607.34,$20.24,30,$-,$-,$-,$-,$607.34,$97.17,$704.51
F-0D9F0D00A2,AUTORIZADO,SEP_COMP_24,BAJO DEMANDA,1,Monitor 24 pulgadas,SA_COL,COLIMA,COLIMA,12/06/2024,,,,30,$91.12,$3.04,30,$-,$-,$-,$-,$91.12,$14.58,$105.70
F-2423DE5E3C,PAUSADO (MAYO 2026),SEP_COMP_24,BAJO DEMANDA,1,Teclado y raton inalambricos,CA_FEMDH,CIUDAD DE MEXICO,MIGUEL HIDALGO,13/03/2024,,9,,30,$29.68,$0.99,0,-,-,-,,$-,$-,$-
F-386196DD11,AUTORIZADO,FEB-MAY_23,FASE INICIAL,2,Computadora de Escritorio Estandar,SA_BCS,BAJA CALIFORNIA SUR,LOS CABOS,03/05/2023,,,,30,$607.34,$20.24,30,$-,$-,$-,$-,$607.34,$97.17,$704.51
F-F5766E0BE2,AUTORIZADO,OCTUBRE_25,BAJO DEMANDA,1,Memoria RAM Escritorio (32 GB),INACIPE,CIUDAD DE MEXICO,TLALPAN,29/08/2025,,,,30,$48.85,$1.63,30,$-,$-,$-,$-,$48.85,$7.82,$56.67
F-010C8DACFB,AUTORIZADO,SEP_COMP_24,BAJO DEMANDA,1,Teclado y raton inalambricos,SA_QRO,QUERETARO,QUERETARO,12/12/2023,,,,30,$29.68,$0.99,30,$-,$-,$-,$-,$29.68,$4.75,$34.43
F-28198BD258,AUTORIZADO,OCTUBRE_25,BAJO DEMANDA,3,Teclado y raton inalambricos,SA_OAX,OAXACA,SALINA CRUZ,24/09/2025,,,,30,$29.68,$0.99,30,$-,$-,$-,$-,$29.68,$4.75,$34.43
F-63A9F98F68,AUTORIZADO,FEB-MAY_23,FASE INICIAL,1,Computadora de Escritorio Estandar,SA_NL,NUEVO LEON,GENERAL ESCOBEDO,24/04/2023,,,,30,$607.34,$20.24,30,$-,$-,$-,$-,$607.34,$97.17,$704.51
F-D6EC743559,AUTORIZADO,FEB-MAY_23,FASE INICIAL,1,Computadora de Escritorio Estandar,PFM,CIUDAD DE MEXICO,MIGUEL HIDALGO,19/04/2023,,,,30,$607.34,$20.24,30,$-,$-,$-,$-,$607.34,$97.17,$704.51
F-E88617042A,AUTORIZADO,JUNIO_25,BAJO DEMANDA,1,Monitor 24 pulgadas,SA_HGO,HIDALGO,PACHUCA DE SOTO,28/05/2025,,,,30,$91.12,$3.04,30,$-,$-,$-,$-,$91.12,$14.58,$105.70
F-957091AD0F,AUTORIZADO,FEB-MAY_23,FASE INICIAL,2,Computadora de Escritorio Estandar,SA_CHIH,CHIHUAHUA,JUÁREZ,12/05/2023,,,,30,$607.34,$20.24,30,$-,$-,$-,$-,$607.34,$97.17,$704.51
F-4EA3383010,AUTORIZADO,FEB-MAY_23,FASE INICIAL,1,Computadora de Escritorio Estandar,SA_AGS,AGUASCALIENTES,AGUASCALIENTES,20/04/2023,,,,30,$607.34,$20.24,30,$-,$-,$-,$-,$607.34,$97.17,$704.51
F-140D21C907,AUTORIZADO,MARZO_25,,1,Teclado y raton inalambricos,CFPF,CIUDAD DE MEXICO,CUAUHTEMOC,26/12/2024,,,,30,$29.68,$0.99,30,$-,$-,$-,$-,$29.68,$4.75,$34.43
F-B208BCDCCB,AUTORIZADO,FEB-MAY_23,FASE INICIAL,1,Computadora de Escritorio Estandar,SA_CHIS,CHIAPAS,TUXTLA GUTIÉRREZ,26/04/2023,,,,30,$607.34,$20.24,30,$-,$-,$-,$-,$607.34,$97.17,$704.51
F-DF41E0127F,AUTORIZADO,ENERO_25,,1,Teclado y raton inalambricos,FECOR,CIUDAD DE MEXICO,ALVARO OBREGON,16/04/2024,,,,30,$29.68,$0.99,30,$-,$-,$-,$-,$29.68,$4.75,$34.43
F-A4532981F7,PAUSADO (JUNIO 2026),SEP_COMP_24,BAJO DEMANDA,1,Teclado y raton inalambricos,CGSP,SONORA,HERMOSILLO,19/02/2024,20,10,,30,$29.68,$0.99,20,$-,$-,$-,$-,$19.79,$3.17,$22.95
F-D41CB169F9,AUTORIZADO,ABRIL_2026,BAJO DEMANDA,1,Monitor 24 pulgadas,SA_NL,NUEVO LEON,GENERAL ESCOBEDO,10/04/2026,,,,30,$91.12,$3.04,30,$-,$-,$-,$-,$91.12,$14.58,$105.70
F-B7B44CFF3A,AUTORIZADO,NOV_24,,1,Monitor 24 pulgadas,FESC,CIUDAD DE MEXICO,ALVARO OBREGON,06/02/2024,,,,30,$91.12,$3.04,30,$-,$-,$-,$-,$91.12,$14.58,$105.70
F-EED9C1993A,AUTORIZADO,FEB-MAY_23,FASE INICIAL,1,Computadora de Escritorio Estandar,SA_COAH,COAHUILA,TORREON,24/04/2023,,,,30,$607.34,$20.24,30,$-,$-,$-,$-,$607.34,$97.17,$704.51
F-E892072227,AUTORIZADO,SEP_COMP_24,BAJO DEMANDA,1,Computadora de Escritorio Estandar,CA_CFPF,CIUDAD DE MEXICO,CUAUHTEMOC,15/04/2024,,,,30,$607.34,$20.24,30,$-,$-,$-,$-,$607.34,$97.17,$704.51
F-6CB5E537F4,AUTORIZADO,FEB-MAY_23,FASE INICIAL,1,Computadora de Escritorio Estandar,CECC,CIUDAD DE MEXICO,CUAUHTÉMOC,28/04/2023,,,,30,$607.34,$20.24,30,$-,$-,$-,$-,$607.34,$97.17,$704.51
F-FB5CFF2439,AUTORIZADO,ENERO_2026,BAJO DEMANDA,1,Monitor 24 pulgadas,PFM,PUEBLA,PUEBLA,14/11/2025,,,,30,$91.12,$3.04,30,$-,$-,$-,$-,$91.12,$14.58,$105.70
F-0668ED4F26,AUTORIZADO,FEB-MAY_23,FASE INICIAL,1,Computadora de Escritorio Estandar,CGSP,CIUDAD DE MEXICO,CUAUHTEMOC,24/04/2023,,,,30,$607.34,$20.24,30,$-,$-,$-,$-,$607.34,$97.17,$704.51
F-15BA220148,AUTORIZADO,FEB-MAY_23,FASE INICIAL,1,Computadora Portatil Estandar,SA_NL,NUEVO LEON,GENERAL ESCOBEDO,02/05/2023,,,,30,$664.99,$22.17,30,$-,$-,$-,$-,$664.99,$106.40,$771.39
F-7B5C8E56A9,AUTORIZADO,FEB-MAY_23,FASE INICIAL,1,Computadora de Escritorio Estandar,SA_DGO,DURANGO,DURANGO,14/04/2023,,,,30,$607.34,$20.24,30,$-,$-,$-,$-,$607.34,$97.17,$704.51
F-E0D6BFF5D3,AUTORIZADO,AGOSTO_25,BAJO DEMANDA,1,Computadora de Escritorio Estandar,PFM,CIUDAD DE MEXICO,MIGUEL HIDALGO,08/07/2025,,,,30,$607.34,$20.24,30,$-,$-,$-,$-,$607.34,$97.17,$704.51
F-71C3E662F2,DEVOLUCION (FRACCION DE SALIDA),SEP_COMP_24,BAJO DEMANDA,1,Computadora Portatil Estandar,FISEL,CIUDAD DE MEXICO,ALVARO OBREGON,25/03/2024,,,,30,$664.99,$22.17,17,$-,$-,$-,$-,$376.83,$60.29,$437.12
F-2BC8E0B7C4,AUTORIZADO,SEP_COMP_24,BAJO DEMANDA,3,Monitor 24 pulgadas,SA_SON,SONORA,AGUA PRIETA,22/01/2024,,,,30,$91.12,$3.04,30,$-,$-,$-,$-,$91.12,$14.58,$105.70
F-9B1EDA4F79,PAUSADO (JUNIO 2026),MAYO_25,BAJO DEMANDA,1,Computadora Portatil Estandar,FEMDH,CIUDAD DE MEXICO,CUAUHTEMOC,09/10/2024,15,15,,30,$664.99,$22.17,15,$-,$-,$-,$-,$332.50,$53.20,$385.69
F-599BC45D9D,AUTORIZADO,NOV_24,,1,Monitor 24 pulgadas,FEMDH,CIUDAD DE MEXICO,CUAUHTEMOC,24/09/2024,,,,30,$91.12,$3.04,30,$-,$-,$-,$-,$91.12,$14.58,$105.70
F-A13A9505EA,PAUSADO (JUNIO 2026),ENERO_25,,1,Teclado y raton inalambricos,FECOR,CIUDAD DE MEXICO,ALVARO OBREGON,22/01/2024,16,14,,30,$29.68,$0.99,16,$-,$-,$-,$-,$15.83,$2.53,$18.36
F-51FA021680,AUTORIZADO,SEP_COMP_24,BAJO DEMANDA,3,Computadora Portatil Estandar,SA_TAB,TABASCO,TENOSIQUE,14/12/2023,,,,30,$664.99,$22.17,30,$-,$-,$-,$-,$664.99,$106.40,$771.39
F-AC37AE0079,AUTORIZADO,OCT_24,,2,Monitor 24 pulgadas,SA_MICH,MICHOACAN,APATZINGAN,18/07/2024,,,,30,$91.12,$3.04,30,$-,$-,$-,$-,$91.12,$14.58,$105.70
F-5900D91F15,PAUSADO (MAYO 2026),JUNIO_25,BAJO DEMANDA,1,Computadora Portatil Estandar,INACIPE,CIUDAD DE MEXICO,TLALPAN,02/05/2025,,12,,30,$664.99,$22.17,0,-,-,-,,$-,$-,$-
F-44E9C9EF1F,AUTORIZADO,ENERO_25,,1,Monitor 24 pulgadas,CDMX,CIUDAD DE MEXICO,CUAUHTEMOC,13/12/2023,,,,30,$91.12,$3.04,30,$-,$-,$-,$-,$91.12,$14.58,$105.70
F-6C2BDB3806,AUTORIZADO,SEP_COMP_24,BAJO DEMANDA,2,Teclado y raton inalambricos,SA_SIN,SINALOA,AHOME,19/02/2024,,,,30,$29.68,$0.99,30,$-,$-,$-,$-,$29.68,$4.75,$34.43
F-90176AF852,AUTORIZADO,FEB-MAY_23,FASE INICIAL,1,Computadora de Escritorio Estandar,SA_BCS,BAJA CALIFORNIA SUR,LA PAZ,21/04/2023,,,,30,$607.34,$20.24,30,$-,$-,$-,$-,$607.34,$97.17,$704.51
F-E1E72C8DC3,PAUSADO (JUNIO 2026),FEB-MAY_23,FASE INICIAL,1,Computadora de Escritorio Estandar,SA_YUC,YUCATAN,MERIDA,10/04/2023,25,5,,30,$607.34,$20.24,25,$-,$-,$-,$-,$506.12,$80.98,$587.10
F-D5F3AB3525,AUTORIZADO,SEP_COMP_24,BAJO DEMANDA,1,Computadora Portatil Estandar,SA_SON,SONORA,HERMOSILLO,16/02/2024,,,,30,$664.99,$22.17,30,$-,$-,$-,$-,$664.99,$106.40,$771.39
F-139C130C81,AUTORIZADO,FEB-MAY_23,FASE INICIAL,1,Computadora de Escritorio Estandar,SA_GTO,GUANAJUATO,GUANAJUATO,27/04/2023,,,,30,$607.34,$20.24,30,$-,$-,$-,$-,$607.34,$97.17,$704.51
F-AEBCCEB175,AUTORIZADO,SEP_COMP_24,BAJO DEMANDA,2,Computadora Portatil Estandar,SA_CHIH,CHIHUAHUA,JUAREZ,12/12/2023,,,,30,$664.99,$22.17,30,$-,$-,$-,$-,$664.99,$106.40,$771.39
F-052E6CE6C2,PAUSADO (JUNIO 2026),FEB-MAY_23,FASE INICIAL,1,Computadora de Escritorio Estandar,FEMDO,CIUDAD DE MEXICO,CUAUHTEMOC,18/04/2023,30,0,,30,$607.34,$20.24,30,$-,$-,$-,$-,$607.34,$97.17,$704.51
F-2C170B84D1,AUTORIZADO,FEB-MAY_23,FASE INICIAL,1,Computadora de Escritorio Estandar,FEMDO,CIUDAD DE MEXICO,CUAUHTEMOC,27/03/2023,,,,30,$607.34,$20.24,30,$-,$-,$-,$-,$607.34,$97.17,$704.51
F-2216691B3B,AUTORIZADO,FEB-MAY_23,FASE INICIAL,1,Computadora de Escritorio Estandar,FECOC,CIUDAD DE MEXICO,CUAUHTÉMOC,30/03/2023,,,,30,$607.34,$20.24,30,$-,$-,$-,$-,$607.34,$97.17,$704.51
F-AAFF76075C,PAUSADO (MAYO 2026),FEB-MAY_23,FASE INICIAL,1,Computadora de Escritorio Estandar,FEMDO,CIUDAD DE MEXICO,CUAUHTÉMOC,16/03/2023,,9,,30,$607.34,$20.24,0,-,-,-,,$-,$-,$-
F-E515B593CA,AUTORIZADO,ENERO_25,,1,Teclado y raton inalambricos,CFPF,CIUDAD DE MEXICO,CUAUHTEMOC,12/11/2024,,,,30,$29.68,$0.99,30,$-,$-,$-,$-,$29.68,$4.75,$34.43
F-7CFEA4100C,AUTORIZADO,SEP_COMP_24,BAJO DEMANDA,1,Computadora Portatil Estandar,SA_SLP,SAN LUIS POTOSI,SAN LUIS POTOSI,28/02/2024,,,,30,$664.99,$22.17,30,$-,$-,$-,$-,$664.99,$106.40,$771.39
F-F3A1855923,AUTORIZADO,SEP_COMP_24,BAJO DEMANDA,1,Computadora Portatil Estandar,CDMX,CIUDAD DE MEXICO,CUAUHTEMOC,24/01/2024,,,,30,$664.99,$22.17,30,$-,$-,$-,$-,$664.99,$106.40,$771.39
F-652219016D,AUTORIZADO (PAGO REACTIVADO)_abril,FEB-MAY_23,FASE INICIAL,1,Computadora de Escritorio Estandar,FEMDH,CIUDAD DE MEXICO,CUAUHTEMOC,29/03/2023,,2,$40.49,30,$607.34,$20.24,0,-,$40.49,$607.34,$607.34,"$1,255.17",$200.83,"$1,456.00"
F-F78FABFC80,DEVOLUCION (FRACCION DE SALIDA),FEB-MAY_23,FASE INICIAL,1,Computadora de Escritorio Estandar,FEMDH,CIUDAD DE MEXICO,CUAUHTEMOC,29/03/2023,,,,30,$607.34,$20.24,17,$-,$-,$-,$-,$344.16,$55.07,$399.22
F-58A1B68094,PAUSADO (MAYO 2026),SEP_COMP_24,BAJO DEMANDA,1,Computadora de Escritorio Estandar,FEMDH,CIUDAD DE MEXICO,CUAUHTEMOC,30/11/2023,,9,,30,$607.34,$20.24,0,-,-,-,,$-,$-,$-
F-4228FACBC1,DEVOLUCION (FRACCION DE SALIDA),NOV_24,,1,Computadora Portatil Estandar,UEITICS,CIUDAD DE MEXICO,CUAUHTEMOC,13/06/2024,,,,30,$664.99,$22.17,11,$-,$-,$-,$-,$243.83,$39.01,$282.84
F-F5E6F57AE4,AUTORIZADO,FEB-MAY_23,FASE INICIAL,1,Computadora de Escritorio Estandar,FEAI,CIUDAD DE MEXICO,ALVARO OBREGON,10/04/2023,,,,30,$607.34,$20.24,30,$-,$-,$-,$-,$607.34,$97.17,$704.51
F-479A999155,PAUSADO (JUNIO 2026),FEB-MAY_23,FASE INICIAL,1,Computadora de Escritorio Desarrollador,FEMDH,CIUDAD DE MEXICO,CUAUHTEMOC,24/04/2023,15,15,,30,$940.65,$31.36,15,$-,$-,$-,$-,$470.33,$75.25,$545.58
F-35E21C72B4,PAUSADO (JUNIO 2026),SEP_COMP_24,BAJO DEMANDA,1,Monitor 24 pulgadas,CGSP,SONORA,HERMOSILLO,19/02/2024,20,10,,30,$91.12,$3.04,20,$-,$-,$-,$-,$60.75,$9.72,$70.47
F-79239AAF30,PAUSADO (JUNIO 2026),JUNIO_25,BAJO DEMANDA,1,Camara Web,FEMDH,CIUDAD DE MEXICO,CUAUHTEMOC,27/05/2025,15,15,,30,$150.84,$5.03,15,$-,$-,$-,$-,$75.42,$12.07,$87.49
F-F12E255596,AUTORIZADO,ENERO_25,,1,Monitor 24 pulgadas,FECOR,CIUDAD DE MEXICO,ALVARO OBREGON,22/01/2024,,,,30,$91.12,$3.04,30,$-,$-,$-,$-,$91.12,$14.58,$105.70
F-025D6E51F6,AUTORIZADO,SEP_COMP_24,BAJO DEMANDA,1,Computadora Portatil Estandar,SA_OAX,OAXACA,SAN BARTOLO COYOTEPEC,22/04/2024,,,,30,$664.99,$22.17,30,$-,$-,$-,$-,$664.99,$106.40,$771.39
F-5FB6AE1395,AUTORIZADO,FEB-MAY_23,FASE INICIAL,1,Computadora de Escritorio Estandar,SA_OAX,OAXACA,OAXACA DE JUÁREZ,21/04/2023,,,,30,$607.34,$20.24,30,$-,$-,$-,$-,$607.34,$97.17,$704.51
F-BCBC1C3EB2,AUTORIZADO,SEP_COMP_24,BAJO DEMANDA,2,Monitor 24 pulgadas,SA_TAMPS,TAMAULIPAS,NUEVO LAREDO,14/12/2023,,,,30,$91.12,$3.04,30,$-,$-,$-,$-,$91.12,$14.58,$105.70
F-B3B6541B43,PAUSADO (JUNIO 2026),FEB-MAY_23,FASE INICIAL,1,Computadora de Escritorio Estandar,FEMDH,CIUDAD DE MEXICO,CUAUHTEMOC,23/03/2023,15,15,,30,$607.34,$20.24,15,$-,$-,$-,$-,$303.67,$48.59,$352.26
F-4E88B5407F,PAUSADO (MAYO 2026),,BAJO DEMANDA,1,Computadora Portatil Estandar,FECOR,CIUDAD DE MEXICO,CUAUHTEMOC,16/08/2023,,11,,30,$664.99,$22.17,0,-,-,-,,$-,$-,$-
F-FD8D19F0DE,AUTORIZADO,SEP_COMP_24,BAJO DEMANDA,2,Teclado y raton inalambricos,SA_VER,VERACRUZ,COSAMALOAPAN DE CARPIO,18/01/2024,,,,30,$29.68,$0.99,30,$-,$-,$-,$-,$29.68,$4.75,$34.43
F-3706FA46B0,AUTORIZADO,,BAJO DEMANDA,1,Computadora Portatil Estandar,SA_EDOMEX,MEXICO,TOLUCA,25/08/2023,,,,30,$664.99,$22.17,30,$-,$-,$-,$-,$664.99,$106.40,$771.39
F-F5F3D77855,AUTORIZADO,FEB-MAY_23,FASE INICIAL,1,Computadora Portatil Estandar,SA_QRO,QUERETARO,SAN JUAN DEL RIO,02/05/2023,,,,30,$664.99,$22.17,30,$-,$-,$-,$-,$664.99,$106.40,$771.39
F-E5FCFB950C,PAUSADO (JUNIO 2026),SEP_COMP_24,BAJO DEMANDA,1,Monitor 24 pulgadas,SA_SON,SONORA,HERMOSILLO,18/01/2024,20,10,,30,$91.12,$3.04,20,$-,$-,$-,$-,$60.75,$9.72,$70.47
F-66557F63C0,PAUSADO (ABRIL 2026),FEB-MAY_23,FASE INICIAL,1,Computadora de Escritorio Estandar,FEAI,CIUDAD DE MEXICO,ALVARO OBREGON,14/04/2023,,3,,31,$607.34,$19.59,0,-,-,-,,$-,$-,$-
F-E2C3BBBAAE,PAUSADO (JUNIO 2026),SEP_COMP_24,BAJO DEMANDA,1,Monitor 24 pulgadas,FEMDH,CIUDAD DE MEXICO,ALVARO OBREGON,14/02/2024,16,14,,30,$91.12,$3.04,16,$-,$-,$-,$-,$48.60,$7.78,$56.37
F-2787028FC1,PAUSADO (JUNIO 2026),FEB-MAY_23,FASE INICIAL,1,Computadora Portatil Estandar,FECOR,CIUDAD DE MEXICO,CUAUHTEMOC,31/05/2023,23,7,,30,$664.99,$22.17,23,$-,$-,$-,$-,$509.83,$81.57,$591.40
F-3C4D8B6B3A,AUTORIZADO,JUNIO_25,BAJO DEMANDA,1,Computadora Portatil Estandar,FEAI,CIUDAD DE MEXICO,ALVARO OBREGON,07/05/2025,,,,30,$664.99,$22.17,30,$-,$-,$-,$-,$664.99,$106.40,$771.39
F-CD3D7D429C,AUTORIZADO,SEP_COMP_24,BAJO DEMANDA,2,Computadora Portatil Estandar,SA_MICH,MICHOACAN,URUAPAN,01/02/2024,,,,30,$664.99,$22.17,30,$-,$-,$-,$-,$664.99,$106.40,$771.39
F-D91FACDBD4,AUTORIZADO,FEB-MAY_23,FASE INICIAL,1,Computadora de Escritorio Estandar,FEMCC,CIUDAD DE MEXICO,CUAUHTÉMOC,21/03/2023,,,,30,$607.34,$20.24,30,$-,$-,$-,$-,$607.34,$97.17,$704.51
F-16E05B5260,AUTORIZADO,FEB-MAY_23,FASE INICIAL,1,Computadora de Escritorio Estandar,FEMDO,CIUDAD DE MEXICO,CUAUHTEMOC,31/03/2023,,,,30,$607.34,$20.24,30,$-,$-,$-,$-,$607.34,$97.17,$704.51
F-DC8B9521DA,AUTORIZADO,ENERO_25,,1,Computadora de Escritorio Estandar,CFIC,CIUDAD DE MEXICO,COYOACAN,12/09/2024,,,,30,$607.34,$20.24,30,$-,$-,$-,$-,$607.34,$97.17,$704.51
F-0FCD380C31,PAUSADO (MAYO 2026),FEB-MAY_23,FASE INICIAL,1,Computadora Portatil Estandar,FEMDO,CIUDAD DE MEXICO,CUAUHTEMOC,29/03/2023,,9,,30,$664.99,$22.17,0,-,-,-,,$-,$-,$-
F-790EB66838,AUTORIZADO,SEP_COMP_24,BAJO DEMANDA,1,Monitor 24 pulgadas,FEMDH,CIUDAD DE MEXICO,CUAUHTEMOC,19/12/2023,,,,30,$91.12,$3.04,30,$-,$-,$-,$-,$91.12,$14.58,$105.70
F-877F18CB70,AUTORIZADO,SEP_COMP_24,BAJO DEMANDA,1,Monitor 24 pulgadas,SA_TAMPS,TAMAULIPAS,REYNOSA,21/09/2023,,,,30,$91.12,$3.04,30,$-,$-,$-,$-,$91.12,$14.58,$105.70
F-6DBE91C2C1,AUTORIZADO,FEB-MAY_23,FASE INICIAL,1,Computadora de Escritorio Estandar,FECOC,CIUDAD DE MEXICO,CUAUHTÉMOC,05/04/2023,,,,30,$607.34,$20.24,30,$-,$-,$-,$-,$607.34,$97.17,$704.51
F-E59F7562B9,PAUSADO (MAYO 2026),ENERO_25,,1,Monitor 24 pulgadas,FECOR,CIUDAD DE MEXICO,ALVARO OBREGON,22/01/2024,,11,,30,$91.12,$3.04,0,-,-,-,,$-,$-,$-
F-C439822EBE,PAUSADO (MAYO 2026),JUNIO_25,BAJO DEMANDA,1,Computadora Portatil Estandar,INACIPE,CIUDAD DE MEXICO,TLALPAN,02/05/2025,,12,,30,$664.99,$22.17,0,-,-,-,,$-,$-,$-
F-9B09BB98FD,AUTORIZADO,FEB-MAY_23,FASE INICIAL,2,Computadora Portatil Estandar,SA_CHIS,CHIAPAS,CINTALAPA DE FIGUEROA,17/05/2023,,,,30,$664.99,$22.17,30,$-,$-,$-,$-,$664.99,$106.40,$771.39
F-320C14347D,PAUSADO (MAYO 2026),FEB-MAY_23,FASE INICIAL,1,Computadora de Escritorio Estandar,FEMDH,CIUDAD DE MEXICO,CUAUHTEMOC,28/03/2023,,9,,30,$607.34,$20.24,0,-,-,-,,$-,$-,$-
F-67BF4C01DA,AUTORIZADO,SEP_COMP_24,BAJO DEMANDA,1,Teclado y raton inalambricos,SA_SON,SONORA,HERMOSILLO,28/02/2024,,,,30,$29.68,$0.99,30,$-,$-,$-,$-,$29.68,$4.75,$34.43
F-F94E0F0878,AUTORIZADO,FEB-MAY_23,FASE INICIAL,1,Computadora de Escritorio Estandar,FEMDH,CIUDAD DE MEXICO,CUAUHTEMOC,17/03/2023,,,,30,$607.34,$20.24,30,$-,$-,$-,$-,$607.34,$97.17,$704.51
F-8A550AA2BE,PAUSADO (MAYO 2026),FEB-MAY_23,FASE INICIAL,1,Computadora de Escritorio Estandar,FECOC,CIUDAD DE MEXICO,CUAUHTEMOC,31/03/2023,,13,,30,$607.34,$20.24,0,-,-,-,,$-,$-,$-
F-E0F7DEF8B6,AUTORIZADO,FEB-MAY_23,FASE INICIAL,1,Computadora de Escritorio Estandar,DGRHO,CIUDAD DE MEXICO,CUAUHTÉMOC,12/04/2023,,,,30,$607.34,$20.24,30,$-,$-,$-,$-,$607.34,$97.17,$704.51
F-D6A0D4C68C,AUTORIZADO,SEP_COMP_24,BAJO DEMANDA,1,Computadora Portatil Estandar,FISEL,CIUDAD DE MEXICO,ALVARO OBREGON,25/03/2024,,,,30,$664.99,$22.17,30,$-,$-,$-,$-,$664.99,$106.40,$771.39
F-BAE5C426E9,DEVOLUCION (FRACCION DE SALIDA),NOV_24,,1,Teclado y raton inalambricos,CA_FEMDH,CIUDAD DE MEXICO,CUAUHTEMOC,22/03/2024,,,,30,$29.68,$0.99,4,$-,$-,$-,$-,$3.96,$0.63,$4.59
F-AEBD14AEC2,AUTORIZADO,FEB-MAY_23,FASE INICIAL,1,Computadora de Escritorio Estandar,PFM,CIUDAD DE MEXICO,MIGUEL HIDALGO,25/04/2023,,,,30,$607.34,$20.24,30,$-,$-,$-,$-,$607.34,$97.17,$704.51
F-1FD57DEC22,AUTORIZADO,FEB-MAY_23,FASE INICIAL,1,Computadora de Escritorio Estandar,PFM,CIUDAD DE MEXICO,MIGUEL HIDALGO,10/05/2023,,,,30,$607.34,$20.24,30,$-,$-,$-,$-,$607.34,$97.17,$704.51
F-4CDFD55AE4,AUTORIZADO,,BAJO DEMANDA,1,Computadora Portatil Estandar,CGSP,OAXACA,OAXACA DE JUAREZ,07/09/2023,,,,30,$664.99,$22.17,30,$-,$-,$-,$-,$664.99,$106.40,$771.39
F-8CBF674BCB,PAUSADO (JUNIO 2026),,"""776""_INICIAL",2,Computadora de Escritorio Estandar,SA_TAB,TABASCO,CARDENAS,10/07/2023,19,11,,30,$607.34,$20.24,19,$-,$-,$-,$-,$384.65,$61.54,$446.19
F-F6D49EB998,AUTORIZADO,ENERO_25,,1,Monitor 24 pulgadas,CFPF,CIUDAD DE MEXICO,CUAUHTEMOC,22/11/2024,,,,30,$91.12,$3.04,30,$-,$-,$-,$-,$91.12,$14.58,$105.70
F-786DB6BC21,AUTORIZADO,FEB-MAY_23,FASE INICIAL,1,Computadora de Escritorio Estandar,SA_EDOMEX,ESTADO DE MEXICO,TOLUCA,14/04/2023,,,,30,$607.34,$20.24,30,$-,$-,$-,$-,$607.34,$97.17,$704.51
F-0880B1E2B2,AUTORIZADO,FEB-MAY_23,FASE INICIAL,1,Computadora Portatil Estandar,SA_VER,VERACRUZ,VERACRUZ,09/05/2023,,,,30,$664.99,$22.17,30,$-,$-,$-,$-,$664.99,$106.40,$771.39
F-2319DAA816,AUTORIZADO,FEB-MAY_23,FASE INICIAL,1,Computadora Portatil Estandar,CGSP,CIUDAD DE MEXICO,CUAUHTEMOC,03/04/2023,,,,30,$664.99,$22.17,30,$-,$-,$-,$-,$664.99,$106.40,$771.39
F-80A6CC925E,AUTORIZADO,FEB-MAY_23,FASE INICIAL,1,Computadora de Escritorio Estandar,SA_SIN,SINALOA,CULIACAN,27/04/2023,,,,30,$607.34,$20.24,30,$-,$-,$-,$-,$607.34,$97.17,$704.51
F-F9CD3D396F,PAUSADO (JUNIO 2026),FEB-MAY_23,FASE INICIAL,1,Computadora de Escritorio Estandar,DGRMSG,CIUDAD DE MEXICO,CUAUHTÉMOC,23/03/2023,26,4,,30,$607.34,$20.24,26,$-,$-,$-,$-,$526.36,$84.22,$610.58
F-3D66BE1BDD,AUTORIZADO,FEB-MAY_23,FASE INICIAL,1,Computadora de Escritorio Estandar,DGSA,CIUDAD DE MEXICO,VENUSTIANO CARRANZA,24/02/2023,,,,30,$607.34,$20.24,30,$-,$-,$-,$-,$607.34,$97.17,$704.51
F-0F49A7BF9C,DEVOLUCION (FRACCION DE SALIDA),FEB-MAY_23,FASE INICIAL,1,Computadora de Escritorio Estandar,FEMDH,CIUDAD DE MEXICO,CUAUHTEMOC,17/03/2023,,,,30,$607.34,$20.24,4,$-,$-,$-,$-,$80.98,$12.96,$93.94
F-1EAB395043,AUTORIZADO,FEB-MAY_23,FASE INICIAL,1,Computadora de Escritorio Estandar,SA_SIN,SINALOA,CULIACAN,27/04/2023,,,,30,$607.34,$20.24,30,$-,$-,$-,$-,$607.34,$97.17,$704.51
F-B2A2F31F0E,AUTORIZADO,ABRIL_25,BAJO DEMANDA,1,Teclado y raton inalambricos,INACIPE,CIUDAD DE MEXICO,TLALPAN,25/03/2025,,,,30,$29.68,$0.99,30,$-,$-,$-,$-,$29.68,$4.75,$34.43
F-43AB933924,AUTORIZADO,FEB-MAY_23,FASE INICIAL,1,Computadora de Escritorio Estandar,PFM,CIUDAD DE MEXICO,MIGUEL HIDALGO,15/03/2023,,,,30,$607.34,$20.24,30,$-,$-,$-,$-,$607.34,$97.17,$704.51
F-0E8AC36628,AUTORIZADO,FEB-MAY_23,FASE INICIAL,1,Computadora de Escritorio Estandar,FECOC,CIUDAD DE MEXICO,CUAUHTÉMOC,03/04/2023,,,,30,$607.34,$20.24,30,$-,$-,$-,$-,$607.34,$97.17,$704.51
F-C47BA1AF20,PAUSADO (JUNIO 2026),FEB-MAY_23,FASE INICIAL,1,Computadora de Escritorio Estandar,SA_SON,SONORA,HERMOSILLO,20/04/2023,20,10,,30,$607.34,$20.24,20,$-,$-,$-,$-,$404.89,$64.78,$469.68
F-CE1E749862,AUTORIZADO,FEB-MAY_23,FASE INICIAL,1,Computadora Portatil Estandar,SA_QRO,QUERETARO,QUERÉTARO,13/04/2023,,,,30,$664.99,$22.17,30,$-,$-,$-,$-,$664.99,$106.40,$771.39
F-F4C3422D30,PAUSADO (MAYO 2026),FEB-MAY_23,FASE INICIAL,1,Computadora Portatil Estandar,FEMDH,CIUDAD DE MEXICO,CUAUHTEMOC,30/03/2023,,8,,30,$664.99,$22.17,0,-,-,-,,$-,$-,$-
F-DCB4606CD4,AUTORIZADO,FEB-MAY_23,FASE INICIAL,1,Computadora de Escritorio Estandar,PFM,CIUDAD DE MEXICO,MIGUEL HIDALGO,29/03/2023,,,,30,$607.34,$20.24,30,$-,$-,$-,$-,$607.34,$97.17,$704.51
F-6EB375E738,AUTORIZADO,FEB-MAY_23,FASE INICIAL,1,Computadora de Escritorio Estandar,SA_MOR,MORELOS,CUERNAVACA,13/04/2023,,,,30,$607.34,$20.24,30,$-,$-,$-,$-,$607.34,$97.17,$704.51
F-214A9E7838,AUTORIZADO,ABRIL_25,BAJO DEMANDA,1,Teclado y raton inalambricos,INACIPE,CIUDAD DE MEXICO,TLALPAN,02/04/2025,,,,30,$29.68,$0.99,30,$-,$-,$-,$-,$29.68,$4.75,$34.43
F-AAF4D6E2B0,AUTORIZADO (PAGO REACTIVADO)_mayo,,BAJO DEMANDA,1,Computadora Portatil Estandar,SA_GRO,GUERRERO,CHILPANCINGO DE LOS BRAVO,04/10/2023,,4,$85.81,30,$664.99,$22.17,0,-,-,$85.81,$664.99,$750.80,$120.13,$870.92
F-DD0E382E4D,AUTORIZADO,FEB-MAY_23,FASE INICIAL,1,Computadora de Escritorio Estandar,OIC,CIUDAD DE MEXICO,ÁLVARO OBREGÓN,01/03/2023,,,,30,$607.34,$20.24,30,$-,$-,$-,$-,$607.34,$97.17,$704.51
F-F39BB13413,DEVOLUCION (FRACCION DE SALIDA),FEB-MAY_23,FASE INICIAL,1,Computadora de Escritorio Estandar,FEMDH,CIUDAD DE MEXICO,CUAUHTEMOC,12/04/2023,,,,30,$607.34,$20.24,17,$-,$-,$-,$-,$344.16,$55.07,$399.22
F-DEBD5849C9,PAUSADO (JUNIO 2026),NOV_24,,1,Monitor 24 pulgadas,CA_FEMDH,CIUDAD DE MEXICO,MIGUEL HIDALGO,13/03/2024,16,14,,30,$91.12,$3.04,16,$-,$-,$-,$-,$48.60,$7.78,$56.37
F-2005252564,DEVOLUCION (FRACCION DE SALIDA),FEB-MAY_23,FASE INICIAL,1,Computadora de Escritorio Estandar,SA_GRO,GUERRERO,CHILPANCINGO DE LOS BRAVO,28/04/2023,,,,30,$607.34,$20.24,26,$-,$-,$-,$-,$526.36,$84.22,$610.58
F-99B41FD207,AUTORIZADO,FEB-MAY_23,FASE INICIAL,1,Computadora de Escritorio Estandar,SA_HGO,HIDALGO,PACHUCA DE SOTO,29/03/2023,,,,30,$607.34,$20.24,30,$-,$-,$-,$-,$607.34,$97.17,$704.51
F-D6B6308E06,PAUSADO (JUNIO 2026),OCT_24,,1,Monitor 24 pulgadas,FEMDH,CIUDAD DE MEXICO,GUSTAVO A. MADERO,28/06/2024,16,14,,30,$91.12,$3.04,16,$-,$-,$-,$-,$48.60,$7.78,$56.37
F-9DC6D9A001,AUTORIZADO,SEPTIEMBRE_25,BAJO DEMANDA,1,Computadora de Escritorio Estandar,CFIC,CIUDAD DE MEXICO,COYOACAN,06/08/2025,,,,30,$607.34,$20.24,30,$-,$-,$-,$-,$607.34,$97.17,$704.51
F-5811261D1C,AUTORIZADO,ENERO_2026,BAJO DEMANDA,1,Teclado y raton inalambricos,CFPF,GUERRERO,CHILPANCINGO,25/11/2025,,,,30,$29.68,$0.99,30,$-,$-,$-,$-,$29.68,$4.75,$34.43
F-58DEEA7352,AUTORIZADO,FEB-MAY_23,FASE INICIAL,1,Computadora de Escritorio Estandar,SA_COL,COLIMA,COLIMA,11/04/2023,,,,30,$607.34,$20.24,30,$-,$-,$-,$-,$607.34,$97.17,$704.51
F-C84E445752,AUTORIZADO (PAGO REACTIVADO)_abril,NOV_24,,1,Monitor 24 pulgadas,FEMDH,CIUDAD DE MEXICO,CUAUHTEMOC,07/08/2024,,2,$6.07,30,$91.12,$3.04,0,-,$6.07,$91.12,$91.12,$188.31,$30.13,$218.45
F-BEB885BE9B,AUTORIZADO,FEB-MAY_23,FASE INICIAL,1,Computadora de Escritorio Estandar,PFM,CIUDAD DE MEXICO,MIGUEL HIDALGO,27/03/2023,,,,30,$607.34,$20.24,30,$-,$-,$-,$-,$607.34,$97.17,$704.51
F-BA872AD43E,AUTORIZADO,FEB-MAY_23,FASE INICIAL,1,Computadora de Escritorio Estandar,FEMCC,CIUDAD DE MEXICO,CUAUHTÉMOC,30/03/2023,,,,30,$607.34,$20.24,30,$-,$-,$-,$-,$607.34,$97.17,$704.51
F-B37FB9EEE3,AUTORIZADO,FEB-MAY_23,FASE INICIAL,2,Computadora Portatil Estandar,SA_VER,VERACRUZ,COATZACOALCOS,16/05/2023,,,,30,$664.99,$22.17,30,$-,$-,$-,$-,$664.99,$106.40,$771.39
F-D96CF394E3,AUTORIZADO,ENERO_25,,1,Teclado y raton inalambricos,FEMDO,CIUDAD DE MEXICO,CUAUHTEMOC,03/12/2024,,,,30,$29.68,$0.99,30,$-,$-,$-,$-,$29.68,$4.75,$34.43
F-59E897F76A,AUTORIZADO,NOV_24,,1,Computadora de Escritorio All in One,CFPF,CIUDAD DE MEXICO,CUAUHTEMOC,24/09/2024,,,,30,$708.18,$23.61,30,$-,$-,$-,$-,$708.18,$113.31,$821.49
F-6F0484C885,PAUSADO (JUNIO 2026),OCT_24,,1,Monitor 24 pulgadas,FEMDH,CIUDAD DE MEXICO,GUSTAVO A. MADERO,28/06/2024,29,1,,30,$91.12,$3.04,29,$-,$-,$-,$-,$88.08,$14.09,$102.18
F-19BE6F4193,AUTORIZADO,ABRIL_25,BAJO DEMANDA,1,Teclado y raton inalambricos,INACIPE,CIUDAD DE MEXICO,TLALPAN,25/03/2025,,,,30,$29.68,$0.99,30,$-,$-,$-,$-,$29.68,$4.75,$34.43
F-E5A9A9B248,AUTORIZADO,FEB-MAY_23,FASE INICIAL,1,Computadora de Escritorio Estandar,SA_SIN,SINALOA,CULIACAN,31/05/2023,,,,30,$607.34,$20.24,30,$-,$-,$-,$-,$607.34,$97.17,$704.51
F-2D345421FE,AUTORIZADO,FEB-MAY_23,FASE INICIAL,1,Computadora Portatil Estandar,SA_VER,VERACRUZ,VERACRUZ,15/05/2023,,,,30,$664.99,$22.17,30,$-,$-,$-,$-,$664.99,$106.40,$771.39
F-35ED4EC540,AUTORIZADO,FEB-MAY_23,FASE INICIAL,1,Computadora de Escritorio Estandar,FECOR,CIUDAD DE MEXICO,CUAUHTÉMOC,09/03/2023,,,,30,$607.34,$20.24,30,$-,$-,$-,$-,$607.34,$97.17,$704.51
F-96900351C3,AUTORIZADO,FEB-MAY_23,FASE INICIAL,1,Computadora de Escritorio Estandar,FEMDH,CIUDAD DE MEXICO,CUAUHTEMOC,23/03/2023,,,,30,$607.34,$20.24,30,$-,$-,$-,$-,$607.34,$97.17,$704.51
F-60C4F37CE8,AUTORIZADO,FEB-MAY_23,FASE INICIAL,1,Computadora de Escritorio Estandar,CENAPI,CIUDAD DE MEXICO,COYOACAN,02/05/2023,,,,30,$607.34,$20.24,30,$-,$-,$-,$-,$607.34,$97.17,$704.51
F-B6CCCCB7A5,AUTORIZADO,FEB-MAY_23,FASE INICIAL,1,Computadora Portatil Estandar,CFSPC,CIUDAD DE MEXICO,CUAUHTÉMOC,27/04/2023,,,,30,$664.99,$22.17,30,$-,$-,$-,$-,$664.99,$106.40,$771.39
F-DBE73D26AB,AUTORIZADO,ABRIL_25,BAJO DEMANDA,1,Monitor 24 pulgadas,CDMX,CIUDAD DE MEXICO,CUAUHTEMOC,29/01/2025,,,,30,$91.12,$3.04,30,$-,$-,$-,$-,$91.12,$14.58,$105.70
F-9C3E53BD8D,AUTORIZADO,FEB-MAY_23,FASE INICIAL,1,Computadora Portatil Estandar,SA_QRO,QUERETARO,QUERETARO,14/04/2023,,,,30,$664.99,$22.17,30,$-,$-,$-,$-,$664.99,$106.40,$771.39
F-8108E59A30,PAUSADO (JUNIO 2026),SEP_COMP_24,BAJO DEMANDA,1,Computadora Portatil Estandar,FECOR,CIUDAD DE MEXICO,CUAUHTEMOC,29/09/2023,16,14,,30,$664.99,$22.17,16,$-,$-,$-,$-,$354.66,$56.75,$411.41
F-20C2713682,PAUSADO (MAYO 2026),SEP_COMP_24,BAJO DEMANDA,1,Monitor 24 pulgadas,SA_EDOMEX,MEXICO,TLALNEPANTLA DE BAZ,18/01/2024,,5,,30,$91.12,$3.04,0,-,-,-,,$-,$-,$-
F-2F2BC33AD0,AUTORIZADO,ENERO_25,,1,Teclado y raton inalambricos,FECOR,CIUDAD DE MEXICO,ALVARO OBREGON,22/01/2024,,,,30,$29.68,$0.99,30,$-,$-,$-,$-,$29.68,$4.75,$34.43
F-D99A4FFEEA,AUTORIZADO,FEB-MAY_23,FASE INICIAL,1,Computadora de Escritorio Estandar,CFSPC,CIUDAD DE MEXICO,CUAUHTÉMOC,12/04/2023,,,,30,$607.34,$20.24,30,$-,$-,$-,$-,$607.34,$97.17,$704.51
F-9F67C5BDF3,AUTORIZADO (PAGO REACTIVADO)_abril,FEB-MAY_23,FASE INICIAL,1,Computadora de Escritorio Estandar,FEMDH,CIUDAD DE MEXICO,CUAUHTEMOC,27/03/2023,,2,$40.49,30,$607.34,$20.24,0,-,$40.49,$607.34,$607.34,"$1,255.17",$200.83,"$1,456.00"
F-A3AD066751,AUTORIZADO,FEB-MAY_23,FASE INICIAL,1,Computadora de Escritorio Estandar,FECOC,CIUDAD DE MEXICO,CUAUHTEMOC,27/03/2023,,,,30,$607.34,$20.24,30,$-,$-,$-,$-,$607.34,$97.17,$704.51
F-CCB7D9D970,PAUSADO (JUNIO 2026),FEB-MAY_23,FASE INICIAL,1,Computadora Portatil Estandar,FEMDH,CIUDAD DE MEXICO,CUAUHTEMOC,24/04/2023,16,14,,30,$664.99,$22.17,16,$-,$-,$-,$-,$354.66,$56.75,$411.41
F-F8730BE671,AUTORIZADO,FEB-MAY_23,FASE INICIAL,1,Computadora de Escritorio Estandar,CGSP,CIUDAD DE MEXICO,CUAUHTEMOC,18/04/2023,,,,30,$607.34,$20.24,30,$-,$-,$-,$-,$607.34,$97.17,$704.51
F-5191D1A71B,AUTORIZADO,FEB-MAY_23,FASE INICIAL,1,Computadora de Escritorio Estandar,SA_OAX,OAXACA,OAXACA DE JUÁREZ,21/04/2023,,,,30,$607.34,$20.24,30,$-,$-,$-,$-,$607.34,$97.17,$704.51
F-6CA134FE7C,AUTORIZADO,FEB-MAY_23,FASE INICIAL,1,Computadora Portatil Estandar,SA_CDMX,CIUDAD DE MEXICO,CUAUHTÉMOC,21/03/2023,,,,30,$664.99,$22.17,30,$-,$-,$-,$-,$664.99,$106.40,$771.39
F-77164189B3,AUTORIZADO,OCTUBRE_25,BAJO DEMANDA,1,Computadora de Escritorio Estandar,URAMYDF,CIUDAD DE MEXICO,MIGUEL HIDALGO,08/09/2025,,,,30,$607.34,$20.24,30,$-,$-,$-,$-,$607.34,$97.17,$704.51
F-B5815C01E6,AUTORIZADO,FEB-MAY_23,FASE INICIAL,1,Computadora de Escritorio Diseñador,CFSPC,CIUDAD DE MEXICO,CUAUHTÉMOC,11/04/2023,,,,30,"$1,143.90",$38.13,30,$-,$-,$-,$-,"$1,143.90",$183.02,"$1,326.92"
F-6E323D28DF,PAUSADO (MAYO 2026),OCT_24,,1,Computadora Portatil Estandar,FECOR,CIUDAD DE MEXICO,CUAUHTEMOC,29/09/2023,,24,,30,$664.99,$22.17,0,-,-,-,,$-,$-,$-
F-25EBE693B7,AUTORIZADO,SEP_COMP_24,BAJO DEMANDA,1,Teclado y raton inalambricos,SA_NL,NUEVO LEON,GENERAL ESCOBEDO,12/01/2024,,,,30,$29.68,$0.99,30,$-,$-,$-,$-,$29.68,$4.75,$34.43
F-B2C3DB6868,PAUSADO (MAYO 2026),SEP_COMP_24,BAJO DEMANDA,1,Monitor 24 pulgadas,CA_FEMDH,CIUDAD DE MEXICO,CUAUHTEMOC,13/03/2024,,9,,30,$91.12,$3.04,0,-,-,-,,$-,$-,$-
F-ACA6BD1DCE,AUTORIZADO,FEB-MAY_23,FASE INICIAL,1,Computadora de Escritorio Estandar,CECC,CIUDAD DE MEXICO,CUAUHTÉMOC,28/04/2023,,,,30,$607.34,$20.24,30,$-,$-,$-,$-,$607.34,$97.17,$704.51
F-F9C94E23F5,AUTORIZADO,FEB-MAY_23,FASE INICIAL,1,Computadora de Escritorio Estandar,SA_CAMP,CAMPECHE,CAMPECHE,28/04/2023,,,,30,$607.34,$20.24,30,$-,$-,$-,$-,$607.34,$97.17,$704.51
F-F9CB83A47C,DEVOLUCION (FRACCION DE SALIDA),FEB-MAY_23,FASE INICIAL,1,Computadora de Escritorio Estandar,COPLADII,CIUDAD DE MEXICO,CUAUHTEMOC,31/03/2023,,,,30,$607.34,$20.24,25,$-,$-,$-,$-,$506.12,$80.98,$587.10
F-35858CB2FA,AUTORIZADO,SEP_COMP_24,BAJO DEMANDA,3,Monitor 24 pulgadas,SA_OAX,OAXACA,SAN JUAN BAUTISTA TUXTEPEC,05/10/2023,,,,30,$91.12,$3.04,30,$-,$-,$-,$-,$91.12,$14.58,$105.70
F-EFCBD2AC5D,AUTORIZADO,SEP_COMP_24,BAJO DEMANDA,2,Monitor 24 pulgadas,SA_VER,VERACRUZ,COATZACOALCOS,28/12/2023,,,,30,$91.12,$3.04,30,$-,$-,$-,$-,$91.12,$14.58,$105.70
F-B85132D34E,PAUSADO (MAYO 2026),ENERO_25,,1,Monitor 24 pulgadas,FECOR,CIUDAD DE MEXICO,ALVARO OBREGON,22/01/2024,,11,,30,$91.12,$3.04,0,-,-,-,,$-,$-,$-
F-7A8AAA2F1C,AUTORIZADO (PAGO REACTIVADO)_abril,FEB-MAY_23,FASE INICIAL,1,Computadora de Escritorio Estandar,DGCS,CIUDAD DE MEXICO,CUAUHTÉMOC,17/03/2023,,7,$141.71,30,$607.34,$20.24,0,-,$141.71,$607.34,$607.34,"$1,356.39",$217.02,"$1,573.42"
F-985412C6A6,AUTORIZADO,,BAJO DEMANDA,3,Computadora Portatil Estandar,SA_COAH,COAHUILA,PIEDRAS NEGRAS,30/08/2023,,,,30,$664.99,$22.17,30,$-,$-,$-,$-,$664.99,$106.40,$771.39
F-DBFF7CB28E,AUTORIZADO,FEB-MAY_23,FASE INICIAL,3,Computadora Portatil Estandar,SA_SON,SONORA,CAJEME,31/05/2023,,,,30,$664.99,$22.17,30,$-,$-,$-,$-,$664.99,$106.40,$771.39
F-4E0001559E,PAUSADO (MAYO 2026),FEB-MAY_23,FASE INICIAL,1,Computadora Portatil Estandar,FEMDH,CIUDAD DE MEXICO,CUAUHTEMOC,22/03/2023,,8,,30,$664.99,$22.17,0,-,-,-,,$-,$-,$-
F-DACB5C8044,PAUSADO (MAYO 2026),JUNIO_25,BAJO DEMANDA,1,Computadora Portatil Estandar,INACIPE,CIUDAD DE MEXICO,TLALPAN,02/05/2025,,12,,30,$664.99,$22.17,0,-,-,-,,$-,$-,$-
F-5DCFDA757C,AUTORIZADO (PAGO REACTIVADO)_mayo,SEP_COMP_24,BAJO DEMANDA,1,Teclado y raton inalambricos,CA_FEMDH,CIUDAD DE MEXICO,CUAUHTEMOC,13/03/2024,,3,$2.87,30,$29.68,$0.99,0,-,-,$2.87,$29.68,$32.55,$5.21,$37.76
F-FF6C39B1E3,AUTORIZADO,FEB-MAY_23,FASE INICIAL,1,Computadora Portatil Estandar,FEMDH,CIUDAD DE MEXICO,CUAUHTEMOC,29/03/2023,,,,30,$664.99,$22.17,30,$-,$-,$-,$-,$664.99,$106.40,$771.39
F-856FAEE857,AUTORIZADO,FEB-MAY_23,FASE INICIAL,1,Computadora de Escritorio Estandar,CECC,CIUDAD DE MEXICO,CUAUHTÉMOC,28/04/2023,,,,30,$607.34,$20.24,30,$-,$-,$-,$-,$607.34,$97.17,$704.51
F-F697663178,AUTORIZADO,SEP_COMP_24,BAJO DEMANDA,1,Monitor 24 pulgadas,FEAIN,CIUDAD DE MEXICO,ALVARO OBREGON,09/05/2024,,,,30,$91.12,$3.04,30,$-,$-,$-,$-,$91.12,$14.58,$105.70
F-4DAF89D919,AUTORIZADO,,BAJO DEMANDA,1,Computadora Portatil 2 en 1,FECOR,CIUDAD DE MEXICO,CUAUHTEMOC,24/08/2023,,,,30,"$1,239.14",$41.30,30,$-,$-,$-,$-,"$1,239.14",$198.26,"$1,437.40"
F-19DB65600A,PAUSADO (MAYO 2026),FEB-MAY_23,FASE INICIAL,1,Computadora de Escritorio Estandar,FEMDO,CIUDAD DE MEXICO,CUAUHTEMOC,17/04/2023,,10,,30,$607.34,$20.24,0,-,-,-,,$-,$-,$-
F-54D604FD24,AUTORIZADO,FEB-MAY_23,FASE INICIAL,1,Computadora de Escritorio Estandar,DGSI,CIUDAD DE MEXICO,MIGUEL HIDALGO,30/03/2023,,,,30,$607.34,$20.24,30,$-,$-,$-,$-,$607.34,$97.17,$704.51
F-0C577C661E,AUTORIZADO,SEP_COMP_24,BAJO DEMANDA,1,Monitor 24 pulgadas,SA_VER,VERACRUZ,VERACRUZ,29/12/2023,,,,30,$91.12,$3.04,30,$-,$-,$-,$-,$91.12,$14.58,$105.70
F-15C57D9181,AUTORIZADO,FEB-MAY_23,FASE INICIAL,1,Computadora de Escritorio Estandar,SA_AGS,AGUASCALIENTES,AGUASCALIENTES,26/04/2023,,,,30,$607.34,$20.24,30,$-,$-,$-,$-,$607.34,$97.17,$704.51
F-6E279492D4,AUTORIZADO,MAYO_2026,BAJO DEMANDA,1,Monitor 24 pulgadas,OIC,CIUDAD DE MEXICO,ALVARO OBREGON,20/03/2026,,,,30,$91.12,$3.04,30,$-,$-,$-,$-,$91.12,$14.58,$105.70
F-7DCA45AB6B,PAUSADO (JUNIO 2026),FEB-MAY_23,FASE INICIAL,1,Computadora de Escritorio Estandar,DGRMSG,CIUDAD DE MEXICO,CUAUHTÉMOC,16/03/2023,26,4,,30,$607.34,$20.24,26,$-,$-,$-,$-,$526.36,$84.22,$610.58
F-D0803F5D2B,PAUSADO (MAYO 2026),FEB-MAY_23,FASE INICIAL,1,Computadora de Escritorio Estandar,FEMDH,CIUDAD DE MEXICO,CUAUHTEMOC,29/03/2023,,9,,30,$607.34,$20.24,0,-,-,-,,$-,$-,$-
F-1C4E60BFF7,AUTORIZADO (PAGO REACTIVADO)_abril,SEP_COMP_24,BAJO DEMANDA,1,Teclado y raton inalambricos,CA_FEMDH,CIUDAD DE MEXICO,CUAUHTEMOC,13/03/2024,,1,$0.99,30,$29.68,$0.99,0,-,$0.99,$29.68,$29.68,$60.35,$9.66,$70.01
F-545952A637,AUTORIZADO,FEB-MAY_23,FASE INICIAL,3,Computadora de Escritorio Estandar,SA_BC,BAJA CALIFORNIA,TIJUANA,28/04/2023,,,,30,$607.34,$20.24,30,$-,$-,$-,$-,$607.34,$97.17,$704.51
F-B736B54364,AUTORIZADO,FEB-MAY_23,FASE INICIAL,1,Computadora Portatil Estandar,SA_CHIS,CHIAPAS,SAN CRISTOBAL DE LAS CASAS,12/05/2023,,,,30,$664.99,$22.17,30,$-,$-,$-,$-,$664.99,$106.40,$771.39
F-9FF0BBC734,AUTORIZADO,AGOSTO_25,BAJO DEMANDA,1,Teclado y raton inalambricos,CDMX,CIUDAD DE MEXICO,CUAUHTEMOC,08/07/2025,,,,30,$29.68,$0.99,30,$-,$-,$-,$-,$29.68,$4.75,$34.43
F-4F827D522F,AUTORIZADO,ABRIL_25,BAJO DEMANDA,1,Teclado y raton inalambricos,INACIPE,CIUDAD DE MEXICO,TLALPAN,19/03/2025,,,,30,$29.68,$0.99,30,$-,$-,$-,$-,$29.68,$4.75,$34.43
F-660CC16CC0,AUTORIZADO,OCTUBRE_25,BAJO DEMANDA,3,Teclado y raton inalambricos,SA_OAX,OAXACA,MATIAS ROMERO AVENDAÑO,24/09/2025,,,,30,$29.68,$0.99,30,$-,$-,$-,$-,$29.68,$4.75,$34.43
F-1F1D7E6CC8,AUTORIZADO,FEB-MAY_23,FASE INICIAL,1,Computadora de Escritorio Estandar,SA_COAH,COAHUILA,TORREON,26/04/2023,,,,30,$607.34,$20.24,30,$-,$-,$-,$-,$607.34,$97.17,$704.51
F-6F8AFED22A,DEVOLUCION (FRACCION DE SALIDA),FEB-MAY_23,FASE INICIAL,1,Computadora de Escritorio Estandar,FEMDH,CIUDAD DE MEXICO,CUAUHTÉMOC,30/03/2023,,,,30,$607.34,$20.24,17,$-,$-,$-,$-,$344.16,$55.07,$399.22
F-544D124343,DEVOLUCION (FRACCION DE SALIDA),FEB-MAY_23,FASE INICIAL,1,Computadora de Escritorio Estandar,SA_GRO,GUERRERO,CHILPANCINGO DE LOS BRAVO,28/04/2023,,,,30,$607.34,$20.24,4,$-,$-,$-,$-,$80.98,$12.96,$93.94
F-698AA1AF41,AUTORIZADO,FEB-MAY_23,FASE INICIAL,1,Computadora Portatil Estandar,SA_QRO,QUERETARO,SAN JUAN DEL RIO,11/04/2023,,,,30,$664.99,$22.17,30,$-,$-,$-,$-,$664.99,$106.40,$771.39
F-F5DB7B077C,AUTORIZADO,FEB-MAY_23,FASE INICIAL,1,Computadora de Escritorio Estandar,CGSP,CIUDAD DE MEXICO,CUAUHTEMOC,29/05/2023,,,,30,$607.34,$20.24,30,$-,$-,$-,$-,$607.34,$97.17,$704.51
F-8E369490E4,DEVOLUCION (FRACCION DE SALIDA),FEB-MAY_23,FASE INICIAL,1,Computadora de Escritorio Estandar,CAOF,CIUDAD DE MEXICO,CUAUHTEMOC,23/03/2023,,,,30,$607.34,$20.24,15,$-,$-,$-,$-,$303.67,$48.59,$352.26
F-A8FE2EF8E5,AUTORIZADO,FEBRERO_2026,BAJO DEMANDA,1,Monitor 24 pulgadas,CFIC,CIUDAD DE MEXICO,COYOACAN,10/12/2025,,,,30,$91.12,$3.04,30,$-,$-,$-,$-,$91.12,$14.58,$105.70
F-8744B78117,PAUSADO (MAYO 2026),FEB-MAY_23,FASE INICIAL,1,Computadora de Escritorio Estandar,FEMDH,CIUDAD DE MEXICO,CUAUHTEMOC,28/03/2023,,9,,30,$607.34,$20.24,0,-,-,-,,$-,$-,$-
F-FEED05AA07,AUTORIZADO,SEP_COMP_24,BAJO DEMANDA,1,Teclado y raton inalambricos,SA_QRO,QUERETARO,QUERETARO,12/12/2023,,,,30,$29.68,$0.99,30,$-,$-,$-,$-,$29.68,$4.75,$34.43
F-9A341D6DD0,AUTORIZADO,FEB-MAY_23,FASE INICIAL,1,Computadora de Escritorio Estandar,DGRHO,CIUDAD DE MEXICO,CUAUHTÉMOC,12/04/2023,,,,30,$607.34,$20.24,30,$-,$-,$-,$-,$607.34,$97.17,$704.51
F-2629E2537F,PAUSADO (MAYO 2026),FEB-MAY_23,FASE INICIAL,1,Computadora Portatil Estandar,FEMDH,CIUDAD DE MEXICO,CUAUHTEMOC,21/03/2023,,9,,30,$664.99,$22.17,0,-,-,-,,$-,$-,$-
F-31356321BD,PAUSADO (MAYO 2026),JUNIO_25,BAJO DEMANDA,1,Computadora Portatil Estandar,INACIPE,CIUDAD DE MEXICO,TLALPAN,02/05/2025,,12,,30,$664.99,$22.17,0,-,-,-,,$-,$-,$-
F-0A545CF5A6,AUTORIZADO,FEB-MAY_23,FASE INICIAL,2,Computadora de Escritorio Estandar,SA_GTO,GUANAJUATO,IRAPUATO,26/04/2023,,,,30,$607.34,$20.24,30,$-,$-,$-,$-,$607.34,$97.17,$704.51
F-E3E42590E3,AUTORIZADO,FEB-MAY_23,FASE INICIAL,1,Computadora de Escritorio Estandar,FEMDH,CIUDAD DE MEXICO,CUAUHTEMOC,31/03/2023,,,,30,$607.34,$20.24,30,$-,$-,$-,$-,$607.34,$97.17,$704.51
F-C24689306C,AUTORIZADO,FEB-MAY_23,FASE INICIAL,1,Computadora de Escritorio Estandar,FEMDH,CIUDAD DE MEXICO,CUAUHTEMOC,24/04/2023,,,,30,$607.34,$20.24,30,$-,$-,$-,$-,$607.34,$97.17,$704.51
F-97E84CE969,AUTORIZADO,FEB-MAY_23,FASE INICIAL,1,Computadora Portatil Estandar,SA_NL,NUEVO LEON,GENERAL ESCOBEDO,15/05/2023,,,,30,$664.99,$22.17,30,$-,$-,$-,$-,$664.99,$106.40,$771.39
F-8893A59A9E,AUTORIZADO,FEB-MAY_23,FASE INICIAL,1,Computadora de Escritorio Estandar,FISEL,CIUDAD DE MEXICO,ÁLVARO OBREGÓN,17/04/2023,,,,30,$607.34,$20.24,30,$-,$-,$-,$-,$607.34,$97.17,$704.51
F-19C43A1EE4,PAUSADO (MAYO 2026),,"""776""_INICIAL",1,Computadora de Escritorio Estandar,FECOR,CIUDAD DE MEXICO,CUAUHTEMOC,22/06/2023,,24,,30,$607.34,$20.24,0,-,-,-,,$-,$-,$-
F-5354F5CE7F,AUTORIZADO,FEB-MAY_23,FASE INICIAL,1,Computadora de Escritorio Estandar,PFM,CIUDAD DE MEXICO,MIGUEL HIDALGO,13/03/2023,,,,30,$607.34,$20.24,30,$-,$-,$-,$-,$607.34,$97.17,$704.51
F-803B2F6423,PAUSADO (MAYO 2026),ENERO_25,,1,Teclado y raton inalambricos,FECOR,CIUDAD DE MEXICO,ALVARO OBREGON,22/01/2024,,11,,30,$29.68,$0.99,0,-,-,-,,$-,$-,$-
F-E5F237B9DB,AUTORIZADO,SEP_COMP_24,BAJO DEMANDA,1,Teclado y raton inalambricos,SA_VER,VERACRUZ,VERACRUZ,29/12/2023,,,,30,$29.68,$0.99,30,$-,$-,$-,$-,$29.68,$4.75,$34.43
F-FF6F0D31F0,AUTORIZADO,,BAJO DEMANDA,2,Computadora Portatil Estandar,SA_SON,SONORA,GUAYMAS,20/09/2023,,,,30,$664.99,$22.17,30,$-,$-,$-,$-,$664.99,$106.40,$771.39
F-ADA4D93C18,AUTORIZADO,SEP_COMP_24,BAJO DEMANDA,1,Monitor 24 pulgadas,SA_DEL_QROO,QUINTANA ROO,BENITO JUAREZ,12/03/2024,,,,30,$91.12,$3.04,30,$-,$-,$-,$-,$91.12,$14.58,$105.70
F-016D2C7BF0,DEVOLUCION (FRACCION DE SALIDA),FEB-MAY_23,FASE INICIAL,1,Computadora de Escritorio Estandar,SA_GRO,GUERRERO,CHILPANCINGO DE LOS BRAVO,26/04/2023,,,,30,$607.34,$20.24,26,$-,$-,$-,$-,$526.36,$84.22,$610.58
F-ECA77B6629,AUTORIZADO,FEB-MAY_23,FASE INICIAL,1,Computadora de Escritorio Estandar,FEMDH,CIUDAD DE MEXICO,CUAUHTEMOC,29/03/2023,,,,30,$607.34,$20.24,30,$-,$-,$-,$-,$607.34,$97.17,$704.51
F-8FDDE7F27B,AUTORIZADO,FEB-MAY_23,FASE INICIAL,1,Computadora de Escritorio Estandar,SA_SON,SONORA,HERMOSILLO,15/05/2023,,,,30,$607.34,$20.24,30,$-,$-,$-,$-,$607.34,$97.17,$704.51
F-2B263467B3,PAUSADO (MAYO 2026),,BAJO DEMANDA,1,Computadora Portatil Estandar,FECOR,CIUDAD DE MEXICO,CUAUHTEMOC,14/08/2023,,11,,30,$664.99,$22.17,0,-,-,-,,$-,$-,$-
F-4B3D498F4B,PAUSADO (MAYO 2026),NOV_24,,1,Teclado y raton inalambricos,CA_FEMDH,CIUDAD DE MEXICO,MIGUEL HIDALGO,13/03/2024,,9,,30,$29.68,$0.99,0,-,-,-,,$-,$-,$-
F-A80698656C,AUTORIZADO,FEB-MAY_23,FASE INICIAL,1,Computadora Portatil Estandar,FEMDH,CIUDAD DE MEXICO,CUAUHTEMOC,31/03/2023,,,,30,$664.99,$22.17,30,$-,$-,$-,$-,$664.99,$106.40,$771.39
F-BCF2B8D64E,PAUSADO (JUNIO 2026),NOV_24,,1,Teclado y raton inalambricos,FEMDH,CIUDAD DE MEXICO,CUAUHTEMOC,15/07/2024,15,15,,30,$29.68,$0.99,15,$-,$-,$-,$-,$14.84,$2.37,$17.21
F-467D922FB8,AUTORIZADO,FEB-MAY_23,FASE INICIAL,1,Computadora Portatil Estandar,FEMDH,CIUDAD DE MEXICO,CUAUHTEMOC,27/03/2023,,,,30,$664.99,$22.17,30,$-,$-,$-,$-,$664.99,$106.40,$771.39
F-A3EE219F05,PAUSADO (JUNIO 2026),SEP_COMP_24,BAJO DEMANDA,1,Computadora Portatil Estandar,FEMDH,CIUDAD DE MEXICO,CUAUHTEMOC,07/11/2023,15,15,,30,$664.99,$22.17,15,$-,$-,$-,$-,$332.50,$53.20,$385.69
F-0333B22B63,AUTORIZADO,NOV_24,,1,Computadora Portatil Estandar,SA_EDOMEX,MEXICO,TOLUCA,25/04/2024,,,,30,$664.99,$22.17,30,$-,$-,$-,$-,$664.99,$106.40,$771.39
F-1DDE4C57DD,AUTORIZADO,FEB-MAY_23,FASE INICIAL,1,Computadora de Escritorio Estandar,SA_GRO,GUERRERO,CHILPANCINGO DE LOS BRAVO,26/04/2023,,,,30,$607.34,$20.24,30,$-,$-,$-,$-,$607.34,$97.17,$704.51
F-3C1F867F2E,AUTORIZADO,FEB-MAY_23,FASE INICIAL,1,Computadora de Escritorio Estandar,SA_NL,NUEVO LEON,GENERAL ESCOBEDO,24/04/2023,,,,30,$607.34,$20.24,30,$-,$-,$-,$-,$607.34,$97.17,$704.51
F-5AE624DB80,PAUSADO (JUNIO 2026),FEB-MAY_23,FASE INICIAL,1,Computadora de Escritorio Estandar,SA_SON,SONORA,HERMOSILLO,27/04/2023,20,10,,30,$607.34,$20.24,20,$-,$-,$-,$-,$404.89,$64.78,$469.68
F-207BE052FF,DEVOLUCION (FRACCION DE SALIDA),FEB-MAY_23,FASE INICIAL,1,Computadora de Escritorio Estandar,FEMDH,CIUDAD DE MEXICO,CUAUHTEMOC,30/03/2023,,,,30,$607.34,$20.24,17,$-,$-,$-,$-,$344.16,$55.07,$399.22
F-836ED76E28,AUTORIZADO,FEB-MAY_23,FASE INICIAL,1,Computadora de Escritorio Estandar,SA_BCS,BAJA CALIFORNIA SUR,LA PAZ,25/04/2023,,,,30,$607.34,$20.24,30,$-,$-,$-,$-,$607.34,$97.17,$704.51
F-9D56734E99,AUTORIZADO,SEP_COMP_24,BAJO DEMANDA,1,Teclado y raton inalambricos,SA_PUE,PUEBLA,PUEBLA,09/01/2024,,,,30,$29.68,$0.99,30,$-,$-,$-,$-,$29.68,$4.75,$34.43
F-D8A0C069CB,PAUSADO (JUNIO 2026),ENERO_2026,BAJO DEMANDA,1,Monitor 24 pulgadas,FEMDH,CIUDAD DE MEXICO,CUAUHTEMOC,11/12/2025,16,14,,30,$91.12,$3.04,16,$-,$-,$-,$-,$48.60,$7.78,$56.37
F-59285F82DF,PAUSADO (ABRIL 2026),FEB-MAY_23,FASE INICIAL,1,Computadora de Escritorio Estandar,DGCS,CIUDAD DE MEXICO,CUAUHTÉMOC,17/03/2023,,7,,31,$607.34,$19.59,0,-,-,-,,$-,$-,$-
F-82A44C5790,AUTORIZADO,SEP_COMP_24,BAJO DEMANDA,1,Monitor 24 pulgadas,SA_CHIS,CHIAPAS,SAN CRISTOBAL DE LAS CASAS,02/01/2024,,,,30,$91.12,$3.04,30,$-,$-,$-,$-,$91.12,$14.58,$105.70
F-E984E6842E,AUTORIZADO,FEB-MAY_23,FASE INICIAL,1,Computadora de Escritorio Estandar,FEMDO,CIUDAD DE MEXICO,CUAUHTEMOC,14/04/2023,,,,30,$607.34,$20.24,30,$-,$-,$-,$-,$607.34,$97.17,$704.51
F-B0E4732B04,DEVOLUCION (FRACCION DE SALIDA),NOV_24,,1,Monitor 24 pulgadas,CA_FEMDH,CIUDAD DE MEXICO,CUAUHTEMOC,22/03/2024,,,,30,$91.12,$3.04,4,$-,$-,$-,$-,$12.15,$1.94,$14.09
F-00582B7ACB,AUTORIZADO,FEB-MAY_23,FASE INICIAL,1,Computadora de Escritorio Estandar,FEAI,CIUDAD DE MEXICO,ÁLVARO OBREGÓN,08/05/2023,,,,30,$607.34,$20.24,30,$-,$-,$-,$-,$607.34,$97.17,$704.51
F-62FFD1B84F,PAUSADO (JUNIO 2026),SEP_COMP_24,BAJO DEMANDA,1,Teclado y raton inalambricos,FEMDH,CIUDAD DE MEXICO,ALVARO OBREGON,14/02/2024,16,14,,30,$29.68,$0.99,16,$-,$-,$-,$-,$15.83,$2.53,$18.36
F-E6DF2E3A1D,DEVOLUCION (FRACCION DE SALIDA),ENERO_25,,1,Monitor 24 pulgadas,FEMDH,CIUDAD DE MEXICO,CUAUHTEMOC,10/12/2024,,,,30,$91.12,$3.04,4,$-,$-,$-,$-,$12.15,$1.94,$14.09
F-09E7B9D58A,PAUSADO (JUNIO 2026),NOV_24,,1,Teclado y raton inalambricos,FEMDH,CIUDAD DE MEXICO,CUAUHTEMOC,09/10/2024,15,15,,30,$29.68,$0.99,15,$-,$-,$-,$-,$14.84,$2.37,$17.21
F-B04D1F6E77,AUTORIZADO,FEB-MAY_23,FASE INICIAL,2,Computadora de Escritorio Estandar,DGSA,GUERRERO,ACAPULCO DE JUAREZ,08/05/2023,,,,30,$607.34,$20.24,30,$-,$-,$-,$-,$607.34,$97.17,$704.51
F-E97A258BEE,AUTORIZADO,NOV_24,,1,Computadora Portatil Estandar,FEMDH,CIUDAD DE MEXICO,CUAUHTEMOC,09/10/2024,,,,30,$664.99,$22.17,30,$-,$-,$-,$-,$664.99,$106.40,$771.39
F-3FBCEC14E3,AUTORIZADO,FEB-MAY_23,FASE INICIAL,1,Computadora de Escritorio Estandar,SA_SON,SONORA,HERMOSILLO,10/05/2023,,,,30,$607.34,$20.24,30,$-,$-,$-,$-,$607.34,$97.17,$704.51
F-7574B500D2,AUTORIZADO,SEP_COMP_24,BAJO DEMANDA,1,Teclado y raton inalambricos,SA_COL,COLIMA,COLIMA,15/01/2024,,,,30,$29.68,$0.99,30,$-,$-,$-,$-,$29.68,$4.75,$34.43
F-5F8F6F23A9,AUTORIZADO,SEP_COMP_24,BAJO DEMANDA,1,Monitor 24 pulgadas,SA_TAB,TABASCO,CENTRO,29/12/2023,,,,30,$91.12,$3.04,30,$-,$-,$-,$-,$91.12,$14.58,$105.70
F-C81E442F8E,PAUSADO (JUNIO 2026),FEB-MAY_23,FASE INICIAL,1,Computadora de Escritorio Estandar,FEMDH,CIUDAD DE MEXICO,CUAUHTÉMOC,28/03/2023,15,15,,30,$607.34,$20.24,15,$-,$-,$-,$-,$303.67,$48.59,$352.26
F-037CB375C1,DEVOLUCION (FRACCION DE SALIDA),FEB-MAY_23,FASE INICIAL,1,Computadora de Escritorio Estandar,FEMDH,CIUDAD DE MEXICO,CUAUHTEMOC,29/03/2023,,,,30,$607.34,$20.24,4,$-,$-,$-,$-,$80.98,$12.96,$93.94
F-A7899E24BF,AUTORIZADO,SEP_COMP_24,BAJO DEMANDA,1,Teclado y raton inalambricos,SA_SON,SONORA,HERMOSILLO,28/02/2024,,,,30,$29.68,$0.99,30,$-,$-,$-,$-,$29.68,$4.75,$34.43
F-DB32CB97BB,AUTORIZADO,FEB-MAY_23,FASE INICIAL,1,Computadora Portatil Estandar,SA_SLP,SAN LUIS POTOSI,SAN LUIS POTOSÍ,25/04/2023,,,,30,$664.99,$22.17,30,$-,$-,$-,$-,$664.99,$106.40,$771.39
F-6E52506FA3,AUTORIZADO,FEB-MAY_23,FASE INICIAL,1,Computadora de Escritorio Estandar,FECOC,CIUDAD DE MEXICO,CUAUHTÉMOC,31/03/2023,,,,30,$607.34,$20.24,30,$-,$-,$-,$-,$607.34,$97.17,$704.51
F-44C548A9DD,DEVOLUCION (FRACCION DE SALIDA),NOV_24,,1,Teclado y raton inalambricos,CA_FEMDH,CIUDAD DE MEXICO,CUAUHTEMOC,13/03/2024,,,,30,$29.68,$0.99,4,$-,$-,$-,$-,$3.96,$0.63,$4.59
F-58D3C81199,AUTORIZADO,FEB-MAY_23,FASE INICIAL,1,Computadora de Escritorio Estandar,PFM,CIUDAD DE MEXICO,MIGUEL HIDALGO,27/03/2023,,,,30,$607.34,$20.24,30,$-,$-,$-,$-,$607.34,$97.17,$704.51
F-81703AABB0,AUTORIZADO,FEB-MAY_23,FASE INICIAL,1,Computadora de Escritorio Estandar,CECC,CIUDAD DE MEXICO,CUAUHTÉMOC,28/04/2023,,,,30,$607.34,$20.24,30,$-,$-,$-,$-,$607.34,$97.17,$704.51
F-0E892AAE77,AUTORIZADO,FEB-MAY_23,FASE INICIAL,2,Computadora de Escritorio Estandar,SA_SON,SONORA,NOGALES,03/05/2023,,,,30,$607.34,$20.24,30,$-,$-,$-,$-,$607.34,$97.17,$704.51
F-9DE68CEFA4,AUTORIZADO,ENERO_25,,1,Computadora Portatil Estandar,CFPF,CIUDAD DE MEXICO,CUAUHTEMOC,22/11/2024,,,,30,$664.99,$22.17,30,$-,$-,$-,$-,$664.99,$106.40,$771.39
F-A3072405AD,PAUSADO (JUNIO 2026),FEB-MAY_23,FASE INICIAL,1,Computadora de Escritorio Estandar,FEMDH,CIUDAD DE MEXICO,CUAUHTEMOC,22/03/2023,29,1,,30,$607.34,$20.24,29,$-,$-,$-,$-,$587.10,$93.94,$681.03
F-A432454B1A,AUTORIZADO,SEP_COMP_24,BAJO DEMANDA,1,Teclado y raton inalambricos,CA_FEMDH,CIUDAD DE MEXICO,CUAUHTEMOC,13/03/2024,,,,30,$29.68,$0.99,30,$-,$-,$-,$-,$29.68,$4.75,$34.43
F-2B5C48B311,DEVOLUCION (FRACCION DE SALIDA),FEB-MAY_23,FASE INICIAL,1,Computadora de Escritorio Estandar,DGSI,CIUDAD DE MEXICO,CUAUHTEMOC,13/04/2023,,,,30,$607.34,$20.24,30,$-,$-,$-,$-,$607.34,$97.17,$704.51
F-77606AF100,AUTORIZADO,MARZO_25,,1,Monitor 24 pulgadas,INACIPE,CIUDAD DE MEXICO,TLALPAN,11/03/2025,,,,30,$91.12,$3.04,30,$-,$-,$-,$-,$91.12,$14.58,$105.70
F-660A843450,DEVOLUCION (FRACCION DE SALIDA),FEB-MAY_23,FASE INICIAL,1,Computadora de Escritorio Estandar,DGSI,CIUDAD DE MEXICO,MIGUEL HIDALGO,03/04/2023,,,,30,$607.34,$20.24,30,$-,$-,$-,$-,$607.34,$97.17,$704.51
F-2DD06AFEE6,AUTORIZADO,,"""776""_INICIAL",1,Computadora de Escritorio Estandar,PFM,CIUDAD DE MEXICO,MIGUEL HIDALGO,30/06/2023,,,,30,$607.34,$20.24,30,$-,$-,$-,$-,$607.34,$97.17,$704.51
F-D95D4CB935,DEVOLUCION (FRACCION DE SALIDA),FEB-MAY_23,FASE INICIAL,1,Computadora de Escritorio Estandar,SA_GRO,GUERRERO,CHILPANCINGO DE LOS BRAVO,28/04/2023,,,,30,$607.34,$20.24,26,$-,$-,$-,$-,$526.36,$84.22,$610.58
F-BE05089BF0,PAUSADO (JUNIO 2026),SEP_COMP_24,BAJO DEMANDA,1,Teclado y raton inalambricos,CA_FEMDH,CIUDAD DE MEXICO,MIGUEL HIDALGO,13/03/2024,15,15,,30,$29.68,$0.99,15,$-,$-,$-,$-,$14.84,$2.37,$17.21
F-69F12DC803,AUTORIZADO,FEB-MAY_23,FASE INICIAL,2,Computadora de Escritorio Estandar,SA_SON,SONORA,NOGALES,28/04/2023,,,,30,$607.34,$20.24,30,$-,$-,$-,$-,$607.34,$97.17,$704.51
F-704DD9F807,AUTORIZADO,FEB-MAY_23,FASE INICIAL,1,Computadora de Escritorio Estandar,PFM,CIUDAD DE MEXICO,MIGUEL HIDALGO,10/03/2023,,,,30,$607.34,$20.24,30,$-,$-,$-,$-,$607.34,$97.17,$704.51
F-94CE3E231F,PAUSADO (MAYO 2026),ENERO_25,,1,Monitor 24 pulgadas,FECOR,CIUDAD DE MEXICO,ALVARO OBREGON,22/01/2024,,24,,30,$91.12,$3.04,0,-,-,-,,$-,$-,$-
F-A1DDCE4FBD,PAUSADO (MAYO 2026),ENERO_25,,1,Teclado y raton inalambricos,FECOR,CIUDAD DE MEXICO,ALVARO OBREGON,22/01/2024,,11,,30,$29.68,$0.99,0,-,-,-,,$-,$-,$-
F-1E93B490B6,AUTORIZADO,FEB-MAY_23,FASE INICIAL,3,Computadora de Escritorio Estandar,SA_BC,BAJA CALIFORNIA,TIJUANA,24/04/2023,,,,30,$607.34,$20.24,30,$-,$-,$-,$-,$607.34,$97.17,$704.51
F-D6FB78386B,AUTORIZADO,FEB-MAY_23,FASE INICIAL,1,Computadora Portatil Estandar,SA_TLAX,TLAXCALA,TLAXCALA,11/04/2023,,,,30,$664.99,$22.17,30,$-,$-,$-,$-,$664.99,$106.40,$771.39
F-A929EE94C3,AUTORIZADO,SEP_COMP_24,BAJO DEMANDA,1,Monitor 24 pulgadas,SA_PUE,PUEBLA,PUEBLA,26/02/2024,,,,30,$91.12,$3.04,30,$-,$-,$-,$-,$91.12,$14.58,$105.70
F-430A762718,PAUSADO (MAYO 2026),FEB-MAY_23,FASE INICIAL,1,Computadora de Escritorio Estandar,FEMDH,CIUDAD DE MEXICO,CUAUHTEMOC,29/03/2023,,9,,30,$607.34,$20.24,0,-,-,-,,$-,$-,$-
F-60E7DFD98A,AUTORIZADO,FEB-MAY_23,FASE INICIAL,1,Computadora de Escritorio Estandar,CGSP,CIUDAD DE MEXICO,CUAUHTEMOC,20/04/2023,,,,30,$607.34,$20.24,30,$-,$-,$-,$-,$607.34,$97.17,$704.51
F-3B7B61C373,AUTORIZADO,SEP_COMP_24,BAJO DEMANDA,1,Monitor 24 pulgadas,SA_OAX,OAXACA,SAN BARTOLO COYOTEPEC,14/02/2024,,,,30,$91.12,$3.04,30,$-,$-,$-,$-,$91.12,$14.58,$105.70
F-B92149BE42,PAUSADO (JUNIO 2026),NOV_24,,1,Monitor 24 pulgadas,FEMDH,CIUDAD DE MEXICO,CUAUHTEMOC,09/10/2024,15,15,,30,$91.12,$3.04,15,$-,$-,$-,$-,$45.56,$7.29,$52.85
F-68C58A7104,AUTORIZADO,FEB-MAY_23,FASE INICIAL,1,Computadora de Escritorio Estandar,SA_MICH,MICHOACAN,MORELIA,19/04/2023,,,,30,$607.34,$20.24,30,$-,$-,$-,$-,$607.34,$97.17,$704.51
F-3A443AD62A,AUTORIZADO,SEP_COMP_24,BAJO DEMANDA,1,Computadora Portatil Estandar,FEMCC,CIUDAD DE MEXICO,ALVARO OBREGON,13/03/2024,,,,30,$664.99,$22.17,30,$-,$-,$-,$-,$664.99,$106.40,$771.39
F-1F3A154152,DEVOLUCION (FRACCION DE SALIDA),FEB-MAY_23,FASE INICIAL,1,Computadora de Escritorio Estandar,SA_GRO,GUERRERO,CHILPANCINGO DE LOS BRAVO,25/05/2023,,,,30,$607.34,$20.24,26,$-,$-,$-,$-,$526.36,$84.22,$610.58
F-1A40CCADDB,DEVOLUCION (FRACCION DE SALIDA),FEB-MAY_23,FASE INICIAL,1,Computadora de Escritorio Estandar,FEMDH,CIUDAD DE MEXICO,CUAUHTEMOC,30/03/2023,,,,30,$607.34,$20.24,4,$-,$-,$-,$-,$80.98,$12.96,$93.94
F-FEA8B1374E,AUTORIZADO,FEB-MAY_23,FASE INICIAL,1,Computadora de Escritorio Estandar,SA_EDOMEX,ESTADO DE MEXICO,NAUCALPAN DE JUAREZ,13/04/2023,,,,30,$607.34,$20.24,30,$-,$-,$-,$-,$607.34,$97.17,$704.51
F-8891683369,AUTORIZADO,SEP_COMP_24,BAJO DEMANDA,1,Teclado y raton inalambricos,DGTIC,CIUDAD DE MEXICO,CUAUHTEMOC,12/12/2023,,,,30,$29.68,$0.99,30,$-,$-,$-,$-,$29.68,$4.75,$34.43
F-676E0453C8,AUTORIZADO,FEB-MAY_23,FASE INICIAL,1,Computadora de Escritorio Estandar,DGRHO,CIUDAD DE MEXICO,CUAUHTÉMOC,14/03/2023,,,,30,$607.34,$20.24,30,$-,$-,$-,$-,$607.34,$97.17,$704.51
F-6AB3D61396,AUTORIZADO,NOV_24,,1,Computadora Portatil Estandar,FEMDO,CIUDAD DE MEXICO,CUAUHTEMOC,21/03/2024,,,,30,$664.99,$22.17,30,$-,$-,$-,$-,$664.99,$106.40,$771.39
F-D4033EFA93,AUTORIZADO,FEB-MAY_23,FASE INICIAL,1,Computadora Portatil Estandar,DGTIC,CIUDAD DE MEXICO,CUAUHTÉMOC,25/04/2023,,,,30,$664.99,$22.17,30,$-,$-,$-,$-,$664.99,$106.40,$771.39
F-431BACE29F,AUTORIZADO,FEB-MAY_23,FASE INICIAL,1,Computadora de Escritorio Estandar,SA_COL,COLIMA,COLIMA,04/05/2023,,,,30,$607.34,$20.24,30,$-,$-,$-,$-,$607.34,$97.17,$704.51
F-4FA66EC52F,AUTORIZADO,OCT_24,,1,Monitor 24 pulgadas,FEMDH,CIUDAD DE MEXICO,CUAUHTEMOC,15/07/2024,,,,30,$91.12,$3.04,30,$-,$-,$-,$-,$91.12,$14.58,$105.70
F-6DDD4F3B03,AUTORIZADO,FEB-MAY_23,FASE INICIAL,1,Computadora de Escritorio Estandar,FECOC,CIUDAD DE MEXICO,CUAUHTEMOC,30/03/2023,,,,30,$607.34,$20.24,30,$-,$-,$-,$-,$607.34,$97.17,$704.51
F-0F3FF2D895,PAUSADO (MAYO 2026),FEB-MAY_23,FASE INICIAL,1,Computadora de Escritorio Estandar,FEMCC,CIUDAD DE MEXICO,CUAUHTEMOC,30/03/2023,,5,,30,$607.34,$20.24,0,-,-,-,,$-,$-,$-
F-557401ED00,PAUSADO (MAYO 2026),,BAJO DEMANDA,1,Computadora de Escritorio Estandar,FEMDH,CIUDAD DE MEXICO,CUAUHTEMOC,23/08/2023,,4,,30,$607.34,$20.24,0,-,-,-,,$-,$-,$-
F-E6AA5C73B5,AUTORIZADO,SEP_COMP_24,BAJO DEMANDA,2,Computadora Portatil Estandar,SA_CHIH,CHIHUAHUA,JUAREZ,08/12/2023,,,,30,$664.99,$22.17,30,$-,$-,$-,$-,$664.99,$106.40,$771.39
F-4BA13FC4AF,AUTORIZADO,FEB-MAY_23,FASE INICIAL,1,Computadora de Escritorio Desarrollador,DGRHO,CIUDAD DE MEXICO,CUAUHTEMOC,04/05/2023,,,,30,$940.65,$31.36,30,$-,$-,$-,$-,$940.65,$150.50,"$1,091.15"
F-240C07EEBE,PAUSADO (JUNIO 2026),MAYO_25,BAJO DEMANDA,1,Computadora de Escritorio Diseñador,FEMDH,CIUDAD DE MEXICO,CUAUHTEMOC,02/04/2025,15,15,,30,"$1,143.90",$38.13,15,$-,$-,$-,$-,$571.95,$91.51,$663.46
F-877814AA6D,PAUSADO (JUNIO 2026),SEP_COMP_24,BAJO DEMANDA,1,Teclado y raton inalambricos,CA_FEMDH,CIUDAD DE MEXICO,CUAUHTEMOC,13/03/2024,16,14,,30,$29.68,$0.99,16,$-,$-,$-,$-,$15.83,$2.53,$18.36
F-341B199646,AUTORIZADO,FEB-MAY_23,FASE INICIAL,2,Computadora de Escritorio Estandar,SA_CHIH,CHIHUAHUA,JUÁREZ,05/04/2023,,,,30,$607.34,$20.24,30,$-,$-,$-,$-,$607.34,$97.17,$704.51
F-211E7B6E70,PAUSADO (JUNIO 2026) y  (RESG ACT PENDIENTE X PROVEEDOR),ENERO_25,,1,Teclado y raton inalambricos,FECOR,CIUDAD DE MEXICO,ALVARO OBREGON,22/01/2024,19,11,,30,$29.68,$0.99,19,$-,$-,$-,$-,$18.80,$3.01,$21.80
F-34F706C9AC,PAUSADO (MAYO 2026),SEP_COMP_24,BAJO DEMANDA,1,Teclado y raton inalambricos,SA_EDOMEX,MEXICO,TOLUCA,13/02/2024,,5,,30,$29.68,$0.99,0,-,-,-,,$-,$-,$-
F-BF4AB44A8B,PAUSADO (JUNIO 2026),ENERO_25,,1,Teclado y raton inalambricos,FECOR,CIUDAD DE MEXICO,ALVARO OBREGON,22/01/2024,16,14,,30,$29.68,$0.99,16,$-,$-,$-,$-,$15.83,$2.53,$18.36
F-0ED012908A,AUTORIZADO,FEB-MAY_23,FASE INICIAL,1,Computadora de Escritorio Estandar,FEMDH,CIUDAD DE MEXICO,CUAUHTÉMOC,21/03/2023,,,,30,$607.34,$20.24,30,$-,$-,$-,$-,$607.34,$97.17,$704.51
F-77A8D980A2,AUTORIZADO,,BAJO DEMANDA,1,Computadora Portatil Estandar,SA_NAY,NAYARIT,TEPIC,05/10/2023,,,,30,$664.99,$22.17,30,$-,$-,$-,$-,$664.99,$106.40,$771.39
F-BA1DFD4730,PAUSADO (MAYO 2026),FEB-MAY_23,FASE INICIAL,1,Computadora de Escritorio Estandar,FECOR,CIUDAD DE MEXICO,CUAUHTÉMOC,15/03/2023,,24,,30,$607.34,$20.24,0,-,-,-,,$-,$-,$-
F-E97E4C2746,AUTORIZADO,NOV_24,,1,Monitor 24 pulgadas,CA_FEMDH,CIUDAD DE MEXICO,GUSTAVO A. MADERO,13/03/2024,,,,30,$91.12,$3.04,30,$-,$-,$-,$-,$91.12,$14.58,$105.70
F-500E053B9F,AUTORIZADO,OCTUBRE_25,BAJO DEMANDA,1,Memoria RAM Laptop (16 GB),INACIPE,CIUDAD DE MEXICO,TLALPAN,15/09/2025,,,,30,$30.70,$1.02,30,$-,$-,$-,$-,$30.70,$4.91,$35.61
F-92FFC0A37D,AUTORIZADO,ENERO_25,,1,Monitor 24 pulgadas,CFPF,CIUDAD DE MEXICO,CUAUHTEMOC,22/11/2024,,,,30,$91.12,$3.04,30,$-,$-,$-,$-,$91.12,$14.58,$105.70
F-8D99F0A1D2,DEVOLUCION (FRACCION DE SALIDA),FEB-MAY_23,FASE INICIAL,1,Computadora Portatil Estandar,FEMDH,CIUDAD DE MEXICO,CUAUHTEMOC,22/03/2023,,,,30,$664.99,$22.17,4,$-,$-,$-,$-,$88.67,$14.19,$102.85
F-D7B5D57EA1,AUTORIZADO,,BAJO DEMANDA,1,Computadora Portatil Estandar,SA_QRO,QUERETARO,QUERETARO,12/09/2023,,,,30,$664.99,$22.17,30,$-,$-,$-,$-,$664.99,$106.40,$771.39
F-EEEA6621A3,AUTORIZADO,FEB-MAY_23,FASE INICIAL,1,Computadora de Escritorio Estandar,SA_PUE,PUEBLA,PUEBLA,29/03/2023,,,,30,$607.34,$20.24,30,$-,$-,$-,$-,$607.34,$97.17,$704.51
F-721C20902F,AUTORIZADO,SEP_COMP_24,BAJO DEMANDA,1,Monitor 24 pulgadas,SA_EDOMEX,MEXICO,TOLUCA,08/03/2024,,,,30,$91.12,$3.04,30,$-,$-,$-,$-,$91.12,$14.58,$105.70
F-A201CF93C6,AUTORIZADO,SEP_COMP_24,BAJO DEMANDA,1,Computadora Portatil Estandar,CA_FEMDH,CIUDAD DE MEXICO,CUAUHTEMOC,30/03/2023,,,,30,$664.99,$22.17,30,$-,$-,$-,$-,$664.99,$106.40,$771.39
F-A9823634AB,AUTORIZADO,FEB-MAY_23,FASE INICIAL,1,Computadora de Escritorio Estandar,FECOC,CIUDAD DE MEXICO,CUAUHTÉMOC,03/04/2023,,,,30,$607.34,$20.24,30,$-,$-,$-,$-,$607.34,$97.17,$704.51
F-70A3910728,AUTORIZADO (PAGO REACTIVADO)_mayo,SEP_COMP_24,BAJO DEMANDA,1,Monitor 24 pulgadas,SA_NL,NUEVO LEON,GENERAL ESCOBEDO,11/01/2024,,3,$8.82,30,$91.12,$3.04,0,-,-,$8.82,$91.12,$99.94,$15.99,$115.93
F-21B27F98A6,AUTORIZADO,SEP_COMP_24,BAJO DEMANDA,1,Monitor 24 pulgadas,SA_OAX,OAXACA,SAN BARTOLO COYOTEPEC,14/02/2024,,,,30,$91.12,$3.04,30,$-,$-,$-,$-,$91.12,$14.58,$105.70
F-EF0022B65B,AUTORIZADO,,BAJO DEMANDA,2,Computadora Portatil Estandar,SA_TAMPS,TAMAULIPAS,MIGUEL ALEMAN,15/09/2023,,,,30,$664.99,$22.17,30,$-,$-,$-,$-,$664.99,$106.40,$771.39
F-F3A2659162,PAUSADO (MAYO 2026),ENERO_25,,1,Teclado y raton inalambricos,FECOR,CIUDAD DE MEXICO,ALVARO OBREGON,22/01/2024,,11,,30,$29.68,$0.99,0,-,-,-,,$-,$-,$-
F-AC13CF5DAB,PAUSADO (JUNIO 2026),SEP_COMP_24,BAJO DEMANDA,1,Monitor 24 pulgadas,CGSP,SONORA,HERMOSILLO,20/02/2024,20,10,,30,$91.12,$3.04,20,$-,$-,$-,$-,$60.75,$9.72,$70.47
F-81D00D8627,AUTORIZADO,FEB-MAY_23,FASE INICIAL,1,Computadora de Escritorio Estandar,FEMDO,CIUDAD DE MEXICO,CUAUHTEMOC,22/03/2023,,,,30,$607.34,$20.24,30,$-,$-,$-,$-,$607.34,$97.17,$704.51
F-1D3FA7A756,AUTORIZADO,,BAJO DEMANDA,1,Computadora Portatil Estandar,SA_TLAX,TLAXCALA,TLAXCALA,17/08/2023,,,,30,$664.99,$22.17,30,$-,$-,$-,$-,$664.99,$106.40,$771.39
F-97F36A0AEF,PAUSADO (JUNIO 2026),FEB-MAY_23,FASE INICIAL,1,Computadora de Escritorio Estandar,DGRMSG,CIUDAD DE MEXICO,CUAUHTÉMOC,16/03/2023,26,4,,30,$607.34,$20.24,26,$-,$-,$-,$-,$526.36,$84.22,$610.58
F-BBE57822ED,PAUSADO (MAYO 2026),FEB-MAY_23,FASE INICIAL,1,Computadora de Escritorio Estandar,FECOC,CIUDAD DE MEXICO,CUAUHTEMOC,30/03/2023,,3,,30,$607.34,$20.24,0,-,-,-,,$-,$-,$-
F-F52C9CFD53,AUTORIZADO,FEB-MAY_23,FASE INICIAL,1,Computadora de Escritorio Estandar,SA_SIN,SINALOA,CULIACAN,21/04/2023,,,,30,$607.34,$20.24,30,$-,$-,$-,$-,$607.34,$97.17,$704.51
F-59453F11F8,DEVOLUCION (FRACCION DE SALIDA),FEB-MAY_23,FASE INICIAL,2,Computadora de Escritorio Estandar,SA_GRO,GUERRERO,ACAPULCO DE JUAREZ,03/05/2023,,,,30,$607.34,$20.24,26,$-,$-,$-,$-,$526.36,$84.22,$610.58
F-C6D88A8B78,PAUSADO (JUNIO 2026),SEP_COMP_24,BAJO DEMANDA,1,Monitor 24 pulgadas,FEMDH,CIUDAD DE MEXICO,CUAUHTEMOC,19/12/2023,15,15,,30,$91.12,$3.04,15,$-,$-,$-,$-,$45.56,$7.29,$52.85
F-1BB87031A2,PAUSADO (JUNIO 2026),FEB-MAY_23,FASE INICIAL,1,Computadora de Escritorio Estandar,FEMDH,CIUDAD DE MEXICO,CUAUHTEMOC,17/03/2023,15,15,,30,$607.34,$20.24,15,$-,$-,$-,$-,$303.67,$48.59,$352.26
F-3B2C4FCDA9,AUTORIZADO,SEP_COMP_24,BAJO DEMANDA,2,Teclado y raton inalambricos,SA_MICH,MICHOACAN,APATZINGAN,13/05/2024,,,,30,$29.68,$0.99,30,$-,$-,$-,$-,$29.68,$4.75,$34.43
F-5A95DA572F,PAUSADO (JUNIO 2026),FEB-MAY_23,FASE INICIAL,1,Computadora de Escritorio Estandar,SA_YUC,YUCATAN,MERIDA,05/05/2023,25,5,,30,$607.34,$20.24,25,$-,$-,$-,$-,$506.12,$80.98,$587.10
F-FFFD425B0C,PAUSADO (JUNIO 2026),SEP_COMP_24,BAJO DEMANDA,1,Teclado y raton inalambricos,FEMDH,CIUDAD DE MEXICO,CUAUHTEMOC,19/12/2023,29,1,,30,$29.68,$0.99,29,$-,$-,$-,$-,$28.69,$4.59,$33.28
F-CB640FA673,AUTORIZADO,SEP_COMP_24,BAJO DEMANDA,2,Teclado y raton inalambricos,SA_SON,SONORA,GUAYMAS,15/01/2024,,,,30,$29.68,$0.99,30,$-,$-,$-,$-,$29.68,$4.75,$34.43
F-DC0CF2DC50,AUTORIZADO,SEP_COMP_24,BAJO DEMANDA,1,Computadora Portatil Estandar,CA_CGSP,OAXACA,OAXACA DE JUAREZ,05/09/2023,,,,30,$664.99,$22.17,30,$-,$-,$-,$-,$664.99,$106.40,$771.39
F-E948CB9143,AUTORIZADO,SEP_COMP_24,BAJO DEMANDA,1,Teclado y raton inalambricos,CA_FEMDH,CIUDAD DE MEXICO,CUAUHTEMOC,13/03/2024,,,,30,$29.68,$0.99,30,$-,$-,$-,$-,$29.68,$4.75,$34.43
F-2BA3834D0F,AUTORIZADO,FEB-MAY_23,FASE INICIAL,1,Computadora de Escritorio Estandar,SA_EDOMEX,ESTADO DE MEXICO,TOLUCA,27/03/2023,,,,30,$607.34,$20.24,30,$-,$-,$-,$-,$607.34,$97.17,$704.51
F-2B69B76B73,AUTORIZADO,FEB-MAY_23,FASE INICIAL,1,Computadora Portatil Estandar,SA_TLAX,TLAXCALA,TLAXCALA,03/04/2023,,,,30,$664.99,$22.17,30,$-,$-,$-,$-,$664.99,$106.40,$771.39
F-3F7A7F8373,AUTORIZADO,FEB-MAY_23,FASE INICIAL,1,Computadora de Escritorio Estandar,CGSP,CIUDAD DE MEXICO,CUAUHTEMOC,13/04/2023,,,,30,$607.34,$20.24,30,$-,$-,$-,$-,$607.34,$97.17,$704.51
F-8F26512F7F,AUTORIZADO,SEP_COMP_24,BAJO DEMANDA,1,Monitor 24 pulgadas,SA_EDOMEX,MEXICO,ECATEPEC DE MORELOS,16/01/2024,,,,30,$91.12,$3.04,30,$-,$-,$-,$-,$91.12,$14.58,$105.70
F-97E1429C51,AUTORIZADO,FEB-MAY_23,FASE INICIAL,2,Computadora de Escritorio Estandar,SA_CAMP,CAMPECHE,ESCÁRCEGA,11/05/2023,,,,30,$607.34,$20.24,30,$-,$-,$-,$-,$607.34,$97.17,$704.51
F-884ABADED8,AUTORIZADO,FEB-MAY_23,FASE INICIAL,1,Computadora de Escritorio Estandar,SJAI,CIUDAD DE MEXICO,CUAUHTÉMOC,17/03/2023,,,,30,$607.34,$20.24,30,$-,$-,$-,$-,$607.34,$97.17,$704.51
F-854CC95A4C,AUTORIZADO,FEB-MAY_23,FASE INICIAL,1,Computadora de Escritorio Estandar,FECOC,CIUDAD DE MEXICO,CUAUHTÉMOC,03/04/2023,,,,30,$607.34,$20.24,30,$-,$-,$-,$-,$607.34,$97.17,$704.51
F-7DFF71984B,PAUSADO (JUNIO 2026),,"""776""_INICIAL",1,Computadora de Escritorio Diseñador,DGCS,CIUDAD DE MEXICO,CUAUHTEMOC,07/06/2023,15,15,,30,"$1,143.90",$38.13,15,$-,$-,$-,$-,$571.95,$91.51,$663.46
F-596635ECA7,AUTORIZADO,SEP_COMP_24,BAJO DEMANDA,1,Teclado y raton inalambricos,SA_SLP,SAN LUIS POTOSI,SAN LUIS POTOSI,14/02/2024,,,,30,$29.68,$0.99,30,$-,$-,$-,$-,$29.68,$4.75,$34.43
F-16DAE92E0B,PAUSADO (JUNIO 2026),FEB-MAY_23,FASE INICIAL,1,Computadora de Escritorio Estandar,CGSP,SONORA,HERMOSILLO,10/05/2023,20,10,,30,$607.34,$20.24,20,$-,$-,$-,$-,$404.89,$64.78,$469.68
F-CAE41072D8,PAUSADO (JUNIO 2026),SEP_COMP_24,BAJO DEMANDA,1,Teclado y raton inalambricos,SA_SON,SONORA,HERMOSILLO,05/01/2024,20,10,,30,$29.68,$0.99,20,$-,$-,$-,$-,$19.79,$3.17,$22.95
F-BE5471F3E8,PAUSADO (MAYO 2026),SEP_COMP_24,BAJO DEMANDA,1,Monitor 24 pulgadas,SA_EDOMEX,MEXICO,TOLUCA,13/02/2024,,5,,30,$91.12,$3.04,0,-,-,-,,$-,$-,$-
F-2AE5DC259D,PAUSADO (JUNIO 2026),,BAJO DEMANDA,1,Computadora Portatil Estandar,FECOR,CIUDAD DE MEXICO,CUAUHTEMOC,16/08/2023,16,14,,30,$664.99,$22.17,16,$-,$-,$-,$-,$354.66,$56.75,$411.41
F-C740A47B78,AUTORIZADO,MARZO_25,,1,Computadora Portatil Estandar,INACIPE,CIUDAD DE MEXICO,TLALPAN,12/03/2025,,,,30,$664.99,$22.17,30,$-,$-,$-,$-,$664.99,$106.40,$771.39
F-EA4F3F4764,AUTORIZADO (PAGO REACTIVADO)_mayo,FEB-MAY_23,FASE INICIAL,1,Computadora Portatil Estandar,FEMDH,CIUDAD DE MEXICO,CUAUHTEMOC,28/03/2023,,3,$64.35,30,$664.99,$22.17,0,-,-,$64.35,$664.99,$729.34,$116.70,$846.04
F-F487C611FE,AUTORIZADO,FEB-MAY_23,FASE INICIAL,1,Computadora Portatil Estandar,CGSP,TAMAULIPAS,MATAMOROS,02/05/2023,,,,30,$664.99,$22.17,30,$-,$-,$-,$-,$664.99,$106.40,$771.39
F-7E22794735,PAUSADO (MAYO 2026),FEB-MAY_23,FASE INICIAL,1,Computadora de Escritorio Estandar,DGRMSG,CIUDAD DE MEXICO,CUAUHTEMOC,18/05/2023,,17,,30,$607.34,$20.24,0,-,-,-,,$-,$-,$-
F-4B6F357E0A,AUTORIZADO,FEBRERO_25,,1,Teclado y raton inalambricos,FEMDH,CIUDAD DE MEXICO,CUAUHTEMOC,10/12/2024,,,,30,$29.68,$0.99,30,$-,$-,$-,$-,$29.68,$4.75,$34.43
F-DB88EBBE17,AUTORIZADO,FEB-MAY_23,FASE INICIAL,1,Computadora Portatil Estandar,CAOF,CIUDAD DE MEXICO,CUAUHTEMOC,31/05/2023,,,,30,$664.99,$22.17,30,$-,$-,$-,$-,$664.99,$106.40,$771.39
F-76FA9014F4,PAUSADO (MAYO 2026),ENERO_25,,1,Teclado y raton inalambricos,FECOR,CIUDAD DE MEXICO,ALVARO OBREGON,22/01/2024,,11,,30,$29.68,$0.99,0,-,-,-,,$-,$-,$-
F-F65FC84936,PAUSADO (JUNIO 2026),ENERO_25,,1,Monitor 24 pulgadas,FESC,CIUDAD DE MEXICO,ALVARO OBREGON,06/02/2024,22,8,,30,$91.12,$3.04,22,$-,$-,$-,$-,$66.82,$10.69,$77.51
F-7C960B7DB1,AUTORIZADO,,BAJO DEMANDA,3,Computadora Portatil Estandar,SA_COAH,COAHUILA,PIEDRAS NEGRAS,01/09/2023,,,,30,$664.99,$22.17,30,$-,$-,$-,$-,$664.99,$106.40,$771.39
F-2DA6E127C6,AUTORIZADO,SEP_COMP_24,BAJO DEMANDA,1,Monitor 24 pulgadas,CA_FEMDH,CIUDAD DE MEXICO,MIGUEL HIDALGO,13/03/2024,,,,30,$91.12,$3.04,30,$-,$-,$-,$-,$91.12,$14.58,$105.70
F-5A7D0C784A,AUTORIZADO,FEB-MAY_23,FASE INICIAL,1,Computadora de Escritorio Estandar,SA_EDOMEX,ESTADO DE MEXICO,TOLUCA,04/04/2023,,,,30,$607.34,$20.24,30,$-,$-,$-,$-,$607.34,$97.17,$704.51
F-1D3B8D7E5D,AUTORIZADO,SEP_COMP_24,BAJO DEMANDA,1,Teclado y raton inalambricos,SA_EDOMEX,MEXICO,TOLUCA,13/02/2024,,,,30,$29.68,$0.99,30,$-,$-,$-,$-,$29.68,$4.75,$34.43
F-358976DEF1,AUTORIZADO,FEB-MAY_23,FASE INICIAL,1,Computadora de Escritorio Estandar,FEMDO,CIUDAD DE MEXICO,CUAUHTÉMOC,01/03/2023,,,,30,$607.34,$20.24,30,$-,$-,$-,$-,$607.34,$97.17,$704.51
F-9690F89446,AUTORIZADO,SEP_COMP_24,BAJO DEMANDA,1,Computadora Portatil Estandar,FISEL,CIUDAD DE MEXICO,ALVARO OBREGON,25/03/2024,,,,30,$664.99,$22.17,30,$-,$-,$-,$-,$664.99,$106.40,$771.39
F-21F019E069,AUTORIZADO,FEB-MAY_23,FASE INICIAL,1,Computadora de Escritorio Estandar,FECOC,CIUDAD DE MEXICO,CUAUHTÉMOC,24/03/2023,,,,30,$607.34,$20.24,30,$-,$-,$-,$-,$607.34,$97.17,$704.51
F-D6863DFD35,AUTORIZADO,SEP_COMP_24,BAJO DEMANDA,1,Monitor 24 pulgadas,SA_NL,NUEVO LEON,GENERAL ESCOBEDO,22/01/2024,,,,30,$91.12,$3.04,30,$-,$-,$-,$-,$91.12,$14.58,$105.70
F-3666235D91,AUTORIZADO,FEB-MAY_23,FASE INICIAL,1,Computadora de Escritorio Estandar,SA_NAY,NAYARIT,TEPIC,19/04/2023,,,,30,$607.34,$20.24,30,$-,$-,$-,$-,$607.34,$97.17,$704.51
F-3C12D595C3,AUTORIZADO,FEB-MAY_23,FASE INICIAL,1,Computadora de Escritorio Estandar,SA_COL,COLIMA,COLIMA,14/04/2023,,,,30,$607.34,$20.24,30,$-,$-,$-,$-,$607.34,$97.17,$704.51
F-F3CDB88082,AUTORIZADO,SEP_COMP_24,BAJO DEMANDA,2,Teclado y raton inalambricos,SA_COAH,COAHUILA,SALTILLO,11/12/2023,,,,30,$29.68,$0.99,30,$-,$-,$-,$-,$29.68,$4.75,$34.43
F-8F18932A96,AUTORIZADO,FEBRERO_25,,1,Teclado y raton inalambricos,SA_PUE,PUEBLA,PUEBLA,19/12/2024,,,,30,$29.68,$0.99,30,$-,$-,$-,$-,$29.68,$4.75,$34.43
F-E12A1183C9,AUTORIZADO,SEP_COMP_24,BAJO DEMANDA,1,Teclado y raton inalambricos,SA_QRO,QUERETARO,QUERETARO,12/12/2023,,,,30,$29.68,$0.99,30,$-,$-,$-,$-,$29.68,$4.75,$34.43
F-06CA123F48,AUTORIZADO,SEP_COMP_24,BAJO DEMANDA,2,Computadora Portatil Estandar,SA_CHIH,CHIHUAHUA,JUAREZ,06/12/2023,,,,30,$664.99,$22.17,30,$-,$-,$-,$-,$664.99,$106.40,$771.39
F-DA4B567EB7,PAUSADO (MAYO 2026),JUNIO_25,BAJO DEMANDA,1,Computadora Portatil Estandar,INACIPE,CIUDAD DE MEXICO,TLALPAN,02/05/2025,,12,,30,$664.99,$22.17,0,-,-,-,,$-,$-,$-
F-1244D877C6,AUTORIZADO,SEP_COMP_24,BAJO DEMANDA,1,Teclado y raton inalambricos,UESII,CIUDAD DE MEXICO,CUAUHTEMOC,27/05/2024,,,,30,$29.68,$0.99,30,$-,$-,$-,$-,$29.68,$4.75,$34.43
F-BDAC282FA5,AUTORIZADO,FEB-MAY_23,FASE INICIAL,1,Computadora de Escritorio Estandar,FEMDH,CIUDAD DE MEXICO,CUAUHTEMOC,27/03/2023,,,,30,$607.34,$20.24,30,$-,$-,$-,$-,$607.34,$97.17,$704.51
F-2A84BEA6D6,AUTORIZADO,,"""776""_INICIAL",1,Computadora Portatil Estandar,DGRHO,CIUDAD DE MEXICO,CUAUHTEMOC,28/06/2023,,,,30,$664.99,$22.17,30,$-,$-,$-,$-,$664.99,$106.40,$771.39
F-B8B3A490DF,PAUSADO (JUNIO 2026),FEB-MAY_23,FASE INICIAL,1,Computadora de Escritorio Estandar,SA_SON,SONORA,HERMOSILLO,28/04/2023,20,10,,30,$607.34,$20.24,20,$-,$-,$-,$-,$404.89,$64.78,$469.68
F-C3D4E425B6,PAUSADO (JUNIO 2026),OCT_24,,1,Monitor 24 pulgadas,FEMDH,CIUDAD DE MEXICO,CUAUHTEMOC,28/06/2024,15,15,,30,$91.12,$3.04,15,$-,$-,$-,$-,$45.56,$7.29,$52.85
F-BC8C883190,PAUSADO (JUNIO 2026),SEP_COMP_24,BAJO DEMANDA,1,Monitor 24 pulgadas,CA_FEMDH,CIUDAD DE MEXICO,MIGUEL HIDALGO,13/03/2024,15,15,,30,$91.12,$3.04,15,$-,$-,$-,$-,$45.56,$7.29,$52.85
F-BFC58AD6BB,AUTORIZADO,SEP_COMP_24,BAJO DEMANDA,1,Computadora Portatil Estandar,SA_MOR,MORELOS,CUERNAVACA,07/12/2023,,,,30,$664.99,$22.17,30,$-,$-,$-,$-,$664.99,$106.40,$771.39
F-09C1F4E47E,AUTORIZADO,FEB-MAY_23,FASE INICIAL,1,Computadora de Escritorio Estandar,CGSP,CIUDAD DE MEXICO,CUAUHTEMOC,14/04/2023,,,,30,$607.34,$20.24,30,$-,$-,$-,$-,$607.34,$97.17,$704.51
F-2088E2936A,AUTORIZADO,SEP_COMP_24,BAJO DEMANDA,1,Teclado y raton inalambricos,CA_FEMDH,CIUDAD DE MEXICO,CUAUHTEMOC,13/03/2024,,,,30,$29.68,$0.99,30,$-,$-,$-,$-,$29.68,$4.75,$34.43
F-2196102760,AUTORIZADO,JULIO_25,BAJO DEMANDA,1,Monitor 24 pulgadas,SA_PUE,PUEBLA,PUEBLA,11/06/2025,,,,30,$91.12,$3.04,30,$-,$-,$-,$-,$91.12,$14.58,$105.70
F-2FC8046B72,AUTORIZADO,SEP_COMP_24,BAJO DEMANDA,1,Monitor 24 pulgadas,SA_TLAX,TLAXCALA,TLAXCALA,15/12/2023,,,,30,$91.12,$3.04,30,$-,$-,$-,$-,$91.12,$14.58,$105.70
F-EAD90DE77E,PAUSADO (JUNIO 2026),SEP_COMP_24,BAJO DEMANDA,1,Monitor 24 pulgadas,CA_FEMDH,CIUDAD DE MEXICO,CUAUHTEMOC,13/03/2024,15,15,,30,$91.12,$3.04,15,$-,$-,$-,$-,$45.56,$7.29,$52.85
F-BD26A47226,AUTORIZADO,OCT_24,,1,Teclado y raton inalambricos,SA_OAX,OAXACA,SAN BARTOLO COYOTEPEC,22/04/2024,,,,30,$29.68,$0.99,30,$-,$-,$-,$-,$29.68,$4.75,$34.43
F-085BBFB9C4,PAUSADO (MAYO 2026),FEB-MAY_23,FASE INICIAL,1,Computadora de Escritorio Estandar,FEMDO,CIUDAD DE MEXICO,CUAUHTEMOC,06/03/2023,,5,,30,$607.34,$20.24,0,-,-,-,,$-,$-,$-
F-F225CBCDBD,AUTORIZADO,FEB-MAY_23,FASE INICIAL,1,Computadora Portatil Estandar,CGSP,JALISCO,GUADALAJARA,17/04/2023,,,,30,$664.99,$22.17,30,$-,$-,$-,$-,$664.99,$106.40,$771.39
F-424336091E,PAUSADO (JUNIO 2026),SEP_COMP_24,BAJO DEMANDA,2,Monitor 24 pulgadas,SA_TAB,TABASCO,CARDENAS,04/12/2023,19,11,,30,$91.12,$3.04,19,$-,$-,$-,$-,$57.71,$9.23,$66.94
F-C5E9A1BEB6,AUTORIZADO,NOV_24,,1,Teclado y raton inalambricos,CDMX,CIUDAD DE MEXICO,CUAUHTEMOC,31/05/2024,,,,30,$29.68,$0.99,30,$-,$-,$-,$-,$29.68,$4.75,$34.43
F-28E5AD1FDE,AUTORIZADO,SEP_COMP_24,BAJO DEMANDA,1,Teclado y raton inalambricos,SA_NL,NUEVO LEON,GENERAL ESCOBEDO,29/01/2024,,,,30,$29.68,$0.99,30,$-,$-,$-,$-,$29.68,$4.75,$34.43
F-E8411805AF,AUTORIZADO,FEB-MAY_23,FASE INICIAL,1,Computadora de Escritorio Estandar,DGRMSG,CIUDAD DE MEXICO,CUAUHTEMOC,16/03/2023,,,,30,$607.34,$20.24,30,$-,$-,$-,$-,$607.34,$97.17,$704.51
F-2E0AFA1B04,AUTORIZADO,ENERO_25,,1,Monitor 24 pulgadas,FEMDO,CIUDAD DE MEXICO,CUAUHTEMOC,03/12/2024,,,,30,$91.12,$3.04,30,$-,$-,$-,$-,$91.12,$14.58,$105.70
F-B9D703D544,AUTORIZADO,SEP_COMP_24,BAJO DEMANDA,1,Computadora Portatil Estandar,DGRHO,CIUDAD DE MEXICO,CUAUHTEMOC,08/01/2024,,,,30,$664.99,$22.17,30,$-,$-,$-,$-,$664.99,$106.40,$771.39
F-0CF507203D,DEVOLUCION (FRACCION DE SALIDA),FEB-MAY_23,FASE INICIAL,1,Computadora de Escritorio Estandar,DGSI,CIUDAD DE MEXICO,MIGUEL HIDALGO,31/03/2023,,,,30,$607.34,$20.24,30,$-,$-,$-,$-,$607.34,$97.17,$704.51
F-85FEEDF434,AUTORIZADO (RESG ACT PENDIENTE X PROVEEDOR),ENERO_25,,1,Teclado y raton inalambricos,FECOR,CIUDAD DE MEXICO,ALVARO OBREGON,22/01/2024,,,,30,$29.68,$0.99,30,$-,$-,$-,$-,$29.68,$4.75,$34.43
F-55675DA525,AUTORIZADO,FEB-MAY_23,FASE INICIAL,2,Computadora de Escritorio Estandar,SA_BCS,BAJA CALIFORNIA SUR,LA PAZ,26/04/2023,,,,30,$607.34,$20.24,30,$-,$-,$-,$-,$607.34,$97.17,$704.51
F-31010CD4CB,AUTORIZADO,FEB-MAY_23,FASE INICIAL,1,Computadora Portatil Estandar,UISPPA,CIUDAD DE MEXICO,CUAUHTEMOC,21/03/2023,,,,30,$664.99,$22.17,30,$-,$-,$-,$-,$664.99,$106.40,$771.39
F-58F149F6F4,PAUSADO (MAYO 2026),ENERO_25,,1,Teclado y raton inalambricos,FECOR,CIUDAD DE MEXICO,ALVARO OBREGON,22/01/2024,,11,,30,$29.68,$0.99,0,-,-,-,,$-,$-,$-
F-C42A7003FD,AUTORIZADO,FEB-MAY_23,FASE INICIAL,1,Computadora Portatil Estandar,FEMDH,CIUDAD DE MEXICO,CUAUHTEMOC,22/03/2023,,,,30,$664.99,$22.17,30,$-,$-,$-,$-,$664.99,$106.40,$771.39
F-F4305B3141,AUTORIZADO,FEB-MAY_23,FASE INICIAL,1,Computadora de Escritorio Estandar,PFM,CIUDAD DE MEXICO,MIGUEL HIDALGO,27/03/2023,,,,30,$607.34,$20.24,30,$-,$-,$-,$-,$607.34,$97.17,$704.51
F-804FBD54A0,AUTORIZADO,FEB-MAY_23,FASE INICIAL,1,Computadora Portatil Estandar,SA_SLP,SAN LUIS POTOSI,SAN LUIS POTOSI,15/05/2023,,,,30,$664.99,$22.17,30,$-,$-,$-,$-,$664.99,$106.40,$771.39
F-32E316EB98,AUTORIZADO,FEB-MAY_23,FASE INICIAL,1,Computadora de Escritorio Estandar,CGSP,CIUDAD DE MEXICO,CUAUHTEMOC,29/05/2023,,,,30,$607.34,$20.24,30,$-,$-,$-,$-,$607.34,$97.17,$704.51
F-1479A56DD0,PAUSADO (MAYO 2026),JUNIO_25,BAJO DEMANDA,1,Computadora Portatil Estandar,INACIPE,CIUDAD DE MEXICO,TLALPAN,02/05/2025,,12,,30,$664.99,$22.17,0,-,-,-,,$-,$-,$-
F-AEA25DDDAC,AUTORIZADO,SEP_COMP_24,BAJO DEMANDA,1,Computadora Portatil Estandar,CDMX,CIUDAD DE MEXICO,CUAUHTEMOC,21/03/2024,,,,30,$664.99,$22.17,30,$-,$-,$-,$-,$664.99,$106.40,$771.39
F-B34A8CD7EA,AUTORIZADO,FEB-MAY_23,FASE INICIAL,2,Computadora de Escritorio Estandar,SA_HGO,HIDALGO,SANTIAGO TULANTEPEC DE LUGO GUERRERO,29/03/2023,,,,30,$607.34,$20.24,30,$-,$-,$-,$-,$607.34,$97.17,$704.51
F-B436F8846E,AUTORIZADO,FEB-MAY_23,FASE INICIAL,1,Computadora de Escritorio Estandar,SA_TAB,TABASCO,CENTRO,18/04/2023,,,,30,$607.34,$20.24,30,$-,$-,$-,$-,$607.34,$97.17,$704.51
F-4534EC144D,AUTORIZADO,ENERO_25,,1,Teclado y raton inalambricos,SA_EDOMEX,MEXICO,TOLUCA,25/04/2024,,,,30,$29.68,$0.99,30,$-,$-,$-,$-,$29.68,$4.75,$34.43
F-13723D17AA,AUTORIZADO,FEB-MAY_23,FASE INICIAL,1,Computadora de Escritorio Estandar,PFM,CIUDAD DE MEXICO,MIGUEL HIDALGO,29/05/2023,,,,30,$607.34,$20.24,30,$-,$-,$-,$-,$607.34,$97.17,$704.51
F-08541103AE,PAUSADO (JUNIO 2026),FEB-MAY_23,FASE INICIAL,1,Computadora de Escritorio Estandar,SA_CDMX,CIUDAD DE MEXICO,GUSTAVO A. MADERO,04/05/2023,26,4,,30,$607.34,$20.24,26,$-,$-,$-,$-,$526.36,$84.22,$610.58
F-C7A2F28A00,AUTORIZADO (RESG ACT PENDIENTE X PROVEEDOR),ENERO_25,,1,Memoria RAM Escritorio (32 GB),UCS,CIUDAD DE MEXICO,CUAUHTEMOC,26/11/2024,,,,30,$48.85,$1.63,30,$-,$-,$-,$-,$48.85,$7.82,$56.67
F-17A8736BE0,AUTORIZADO,MARZO_25,,1,Computadora Portatil Estandar,INACIPE,CIUDAD DE MEXICO,TLALPAN,13/03/2025,,,,30,$664.99,$22.17,30,$-,$-,$-,$-,$664.99,$106.40,$771.39
F-7C55C5F540,AUTORIZADO,FEB-MAY_23,FASE INICIAL,1,Computadora de Escritorio Estandar,SA_EDOMEX,ESTADO DE MEXICO,NAUCALPAN DE JUAREZ,13/04/2023,,,,30,$607.34,$20.24,30,$-,$-,$-,$-,$607.34,$97.17,$704.51
F-8F8DA6AF19,AUTORIZADO,OCTUBRE_25,BAJO DEMANDA,1,Teclado y raton inalambricos,SA_PUE,PUEBLA,PUEBLA,09/10/2025,,,,30,$29.68,$0.99,30,$-,$-,$-,$-,$29.68,$4.75,$34.43
F-8A9F2D9176,AUTORIZADO,SEP_COMP_24,BAJO DEMANDA,1,Computadora de Escritorio Estandar,CGSP,GUERRERO,CHILPANCINGO DE LOS BRAVO,04/12/2023,,,,30,$607.34,$20.24,30,$-,$-,$-,$-,$607.34,$97.17,$704.51
F-8A179DFF4F,AUTORIZADO,FEB-MAY_23,FASE INICIAL,1,Computadora Portatil Estandar,SA_QRO,QUERETARO,SAN JUAN DEL RIO,26/04/2023,,,,30,$664.99,$22.17,30,$-,$-,$-,$-,$664.99,$106.40,$771.39
F-67A62E7AB7,PAUSADO (MAYO 2026),NOV_24,,1,Monitor 24 pulgadas,CA_FEMDH,CIUDAD DE MEXICO,MIGUEL HIDALGO,13/03/2024,,9,,30,$91.12,$3.04,0,-,-,-,,$-,$-,$-
F-F882F9AC96,AUTORIZADO,SEP_COMP_24,BAJO DEMANDA,1,Teclado y raton inalambricos,SA_COAH,COAHUILA,TORREON,11/12/2023,,,,30,$29.68,$0.99,30,$-,$-,$-,$-,$29.68,$4.75,$34.43
F-04CCEB7093,AUTORIZADO,SEP_COMP_24,BAJO DEMANDA,2,Monitor 24 pulgadas,SA_CHIH,CHIHUAHUA,JUAREZ,06/12/2023,,,,30,$91.12,$3.04,30,$-,$-,$-,$-,$91.12,$14.58,$105.70
F-D4BC9A6BA1,PAUSADO (JUNIO 2026),FEB-MAY_23,FASE INICIAL,1,Computadora Portatil Estandar,FEMDH,CIUDAD DE MEXICO,CUAUHTEMOC,31/03/2023,29,1,,30,$664.99,$22.17,29,$-,$-,$-,$-,$642.82,$102.85,$745.68
F-0FA8D12F36,AUTORIZADO,FEB-MAY_23,FASE INICIAL,1,Computadora de Escritorio Estandar,FEMDH,CIUDAD DE MEXICO,CUAUHTEMOC,29/03/2023,,,,30,$607.34,$20.24,30,$-,$-,$-,$-,$607.34,$97.17,$704.51
F-7ED80F7748,AUTORIZADO,FEB-MAY_23,FASE INICIAL,1,Computadora de Escritorio Estandar,CECC,CIUDAD DE MEXICO,CUAUHTÉMOC,28/04/2023,,,,30,$607.34,$20.24,30,$-,$-,$-,$-,$607.34,$97.17,$704.51
F-04055B4CB6,AUTORIZADO,,BAJO DEMANDA,1,Computadora Portatil Estandar,UISPPA,CIUDAD DE MEXICO,CUAUHTEMOC,28/09/2023,,,,30,$664.99,$22.17,30,$-,$-,$-,$-,$664.99,$106.40,$771.39
F-2DFA195066,DEVOLUCION (FRACCION DE SALIDA),FEB-MAY_23,FASE INICIAL,1,Computadora de Escritorio Estandar,DGSI,CIUDAD DE MEXICO,MIGUEL HIDALGO,30/03/2023,,,,30,$607.34,$20.24,30,$-,$-,$-,$-,$607.34,$97.17,$704.51
F-365BADAE7A,AUTORIZADO,FEB-MAY_23,FASE INICIAL,3,Computadora de Escritorio Estandar,SA_BC,BAJA CALIFORNIA,TIJUANA,05/05/2023,,,,30,$607.34,$20.24,30,$-,$-,$-,$-,$607.34,$97.17,$704.51
F-56DE233F10,AUTORIZADO,SEP_COMP_24,BAJO DEMANDA,3,Monitor 24 pulgadas,SA_SON,SONORA,CAJEME,17/01/2024,,,,30,$91.12,$3.04,30,$-,$-,$-,$-,$91.12,$14.58,$105.70
F-89030DA6C8,DEVOLUCION (FRACCION DE SALIDA),SEP_COMP_24,BAJO DEMANDA,1,Monitor 24 pulgadas,CA_FEMDH,CIUDAD DE MEXICO,CUAUHTEMOC,13/03/2024,,,,30,$91.12,$3.04,4,$-,$-,$-,$-,$12.15,$1.94,$14.09
F-D9B1CABB41,AUTORIZADO,FEB-MAY_23,FASE INICIAL,1,Computadora de Escritorio Estandar,FECOC,CIUDAD DE MEXICO,CUAUHTÉMOC,04/04/2023,,,,30,$607.34,$20.24,30,$-,$-,$-,$-,$607.34,$97.17,$704.51
F-DA3E3ED59F,AUTORIZADO,FEB-MAY_23,FASE INICIAL,1,Computadora Portatil Estandar,SA_JAL,JALISCO,GUADALAJARA,24/04/2023,,,,30,$664.99,$22.17,30,$-,$-,$-,$-,$664.99,$106.40,$771.39
F-793EBF0B87,AUTORIZADO,FEB-MAY_23,FASE INICIAL,1,Computadora de Escritorio Estandar,DGSA,CIUDAD DE MEXICO,VENUSTIANO CARRANZA,21/02/2023,,,,30,$607.34,$20.24,30,$-,$-,$-,$-,$607.34,$97.17,$704.51
F-5DC5A1D851,PAUSADO (JUNIO 2026),ABRIL_25,BAJO DEMANDA,1,Teclado y raton inalambricos,FEMDH,CIUDAD DE MEXICO,CUAUHTEMOC,10/02/2025,29,1,,30,$29.68,$0.99,29,$-,$-,$-,$-,$28.69,$4.59,$33.28
F-7FC04E5AF5,PAUSADO (JUNIO 2026),FEB-MAY_23,FASE INICIAL,1,Computadora de Escritorio Estandar,FEMDH,CIUDAD DE MEXICO,CUAUHTEMOC,04/04/2023,16,14,,30,$607.34,$20.24,16,$-,$-,$-,$-,$323.91,$51.83,$375.74
F-A2857BDF5F,DEVOLUCION (FRACCION DE SALIDA),FEB-MAY_23,FASE INICIAL,1,Computadora de Escritorio Estandar,FEMDH,CIUDAD DE MEXICO,CUAUHTEMOC,30/03/2023,,,,30,$607.34,$20.24,17,$-,$-,$-,$-,$344.16,$55.07,$399.22
F-D5E39F6169,AUTORIZADO,FEB-MAY_23,FASE INICIAL,1,Computadora de Escritorio Estandar,FEMCC,CIUDAD DE MEXICO,CUAUHTÉMOC,22/03/2023,,,,30,$607.34,$20.24,30,$-,$-,$-,$-,$607.34,$97.17,$704.51
F-6BADEAFBB1,PAUSADO (JUNIO 2026),SEP_COMP_24,BAJO DEMANDA,1,Teclado y raton inalambricos,SA_SON,SONORA,HERMOSILLO,05/01/2024,20,10,,30,$29.68,$0.99,20,$-,$-,$-,$-,$19.79,$3.17,$22.95
F-D295483E20,AUTORIZADO,FEB-MAY_23,FASE INICIAL,2,Computadora de Escritorio Estandar,SA_CHIS,CHIAPAS,TAPACHULA,08/05/2023,,,,30,$607.34,$20.24,30,$-,$-,$-,$-,$607.34,$97.17,$704.51
F-FDEA83117A,AUTORIZADO,FEB-MAY_23,FASE INICIAL,1,Computadora de Escritorio Estandar,SA_SLP,SAN LUIS POTOSI,SAN LUIS POTOSÍ,04/05/2023,,,,30,$607.34,$20.24,30,$-,$-,$-,$-,$607.34,$97.17,$704.51
F-BAB16A7E26,AUTORIZADO,SEP_COMP_24,BAJO DEMANDA,1,Teclado y raton inalambricos,FEAIN,CIUDAD DE MEXICO,ALVARO OBREGON,09/05/2024,,,,30,$29.68,$0.99,30,$-,$-,$-,$-,$29.68,$4.75,$34.43
F-0E9653BF51,AUTORIZADO,FEB-MAY_23,FASE INICIAL,2,Computadora Portatil Estandar,SA_HGO,HIDALGO,SANTIAGO TULANTEPEC DE LUGO GUERRERO,30/03/2023,,,,30,$664.99,$22.17,30,$-,$-,$-,$-,$664.99,$106.40,$771.39
F-97D77C4DB2,DEVOLUCION (FRACCION DE SALIDA),FEB-MAY_23,FASE INICIAL,2,Computadora de Escritorio Estandar,SA_GRO,GUERRERO,ACAPULCO DE JUAREZ,09/05/2023,,,,30,$607.34,$20.24,4,$-,$-,$-,$-,$80.98,$12.96,$93.94
F-12F3E00C4F,AUTORIZADO,FEB-MAY_23,FASE INICIAL,1,Computadora de Escritorio Estandar,SA_MICH,MICHOACAN,MORELIA,19/04/2023,,,,30,$607.34,$20.24,30,$-,$-,$-,$-,$607.34,$97.17,$704.51
F-7334495050,PAUSADO (JUNIO 2026),SEP_COMP_24,BAJO DEMANDA,2,Computadora Portatil Estandar,SA_TAB,TABASCO,CARDENAS,04/12/2023,19,11,,30,$664.99,$22.17,19,$-,$-,$-,$-,$421.16,$67.39,$488.55
F-879D6D6B76,AUTORIZADO,FEBRERO_25,,1,Computadora Portatil Estandar,CFPF,CIUDAD DE MEXICO,CUAUHTEMOC,30/12/2024,,,,30,$664.99,$22.17,30,$-,$-,$-,$-,$664.99,$106.40,$771.39
F-0EDE41DEBC,AUTORIZADO,MAYO_2026,BAJO DEMANDA,1,Monitor 24 pulgadas,UEPT,CIUDAD DE MEXICO,CUAUHTEMOC,07/04/2026,,,,30,$91.12,$3.04,30,$-,$-,$-,$-,$91.12,$14.58,$105.70
F-9C22FE0A8E,AUTORIZADO,SEP_COMP_24,BAJO DEMANDA,1,Monitor 24 pulgadas,SA_TAMPS,TAMAULIPAS,REYNOSA,08/12/2023,,,,30,$91.12,$3.04,30,$-,$-,$-,$-,$91.12,$14.58,$105.70
F-F394631DF0,AUTORIZADO,ENERO_25,,1,Monitor 24 pulgadas,SA_EDOMEX,MEXICO,TOLUCA,25/04/2024,,,,30,$91.12,$3.04,30,$-,$-,$-,$-,$91.12,$14.58,$105.70
F-6F53CEB335,AUTORIZADO,FEB-MAY_23,FASE INICIAL,1,Computadora Portatil Estandar,SA_CDMX,CIUDAD DE MEXICO,XOCHIMILCO,14/04/2023,,,,30,$664.99,$22.17,30,$-,$-,$-,$-,$664.99,$106.40,$771.39
F-C25343243F,AUTORIZADO,,"""776""_INICIAL",1,Computadora de Escritorio Estandar,PFM,CIUDAD DE MEXICO,MIGUEL HIDALGO,12/07/2023,,,,30,$607.34,$20.24,30,$-,$-,$-,$-,$607.34,$97.17,$704.51
F-DF45315998,AUTORIZADO,FEB-MAY_23,FASE INICIAL,3,Computadora de Escritorio Estandar,SA_SON,SONORA,CAJEME,08/05/2023,,,,30,$607.34,$20.24,30,$-,$-,$-,$-,$607.34,$97.17,$704.51
F-CB772C8E59,AUTORIZADO,SEP_COMP_24,BAJO DEMANDA,3,Computadora Portatil Estandar,SA_OAX,OAXACA,SALINA CRUZ,21/09/2023,,,,30,$664.99,$22.17,30,$-,$-,$-,$-,$664.99,$106.40,$771.39
F-E3B6E6B76E,AUTORIZADO,FEB-MAY_23,FASE INICIAL,1,Computadora de Escritorio Estandar,FEMDO,CIUDAD DE MEXICO,CUAUHTEMOC,27/04/2023,,,,30,$607.34,$20.24,30,$-,$-,$-,$-,$607.34,$97.17,$704.51
F-516432F81B,PAUSADO (MAYO 2026),FEB-MAY_23,FASE INICIAL,1,Computadora de Escritorio Estandar,FEMDO,CIUDAD DE MEXICO,CUAUHTEMOC,11/04/2023,,9,,30,$607.34,$20.24,0,-,-,-,,$-,$-,$-
F-1B28027E7B,AUTORIZADO,SEP_COMP_24,BAJO DEMANDA,1,Monitor 24 pulgadas,SA_MICH,MICHOACAN,MORELIA,12/12/2023,,,,30,$91.12,$3.04,30,$-,$-,$-,$-,$91.12,$14.58,$105.70
F-BED5697768,AUTORIZADO,SEP_COMP_24,BAJO DEMANDA,1,Monitor 24 pulgadas,SA_SON,SONORA,HERMOSILLO,11/01/2024,,,,30,$91.12,$3.04,30,$-,$-,$-,$-,$91.12,$14.58,$105.70
F-CC71F9A50B,AUTORIZADO,SEP_COMP_24,BAJO DEMANDA,3,Teclado y raton inalambricos,SA_OAX,OAXACA,SALINA CRUZ,21/09/2023,,,,30,$29.68,$0.99,30,$-,$-,$-,$-,$29.68,$4.75,$34.43
F-B8D3A85649,AUTORIZADO,SEP_COMP_24,BAJO DEMANDA,1,Monitor 24 pulgadas,SA_NL,NUEVO LEON,GUADALUPE,16/01/2024,,,,30,$91.12,$3.04,30,$-,$-,$-,$-,$91.12,$14.58,$105.70
F-3FD0F0A34B,AUTORIZADO,SEP_COMP_24,BAJO DEMANDA,1,Teclado y raton inalambricos,SA_SLP,SAN LUIS POTOSI,SAN LUIS POTOSI,19/02/2024,,,,30,$29.68,$0.99,30,$-,$-,$-,$-,$29.68,$4.75,$34.43
F-5933DAA7C9,PAUSADO (JUNIO 2026),FEB-MAY_23,FASE INICIAL,1,Computadora de Escritorio Estandar,DGRMSG,CIUDAD DE MEXICO,CUAUHTÉMOC,15/03/2023,26,4,,30,$607.34,$20.24,26,$-,$-,$-,$-,$526.36,$84.22,$610.58
F-CCCED5C06E,AUTORIZADO,FEB-MAY_23,FASE INICIAL,1,Computadora de Escritorio Estandar,CFSPC,CIUDAD DE MEXICO,CUAUHTÉMOC,13/04/2023,,,,30,$607.34,$20.24,30,$-,$-,$-,$-,$607.34,$97.17,$704.51
F-B61686BFA1,AUTORIZADO,FEB-MAY_23,FASE INICIAL,1,Computadora de Escritorio Estandar,SA_TAMPS,TAMAULIPAS,VICTORIA,10/05/2023,,,,30,$607.34,$20.24,30,$-,$-,$-,$-,$607.34,$97.17,$704.51
F-C1718ADB0B,PAUSADO (MAYO 2026),FEB-MAY_23,FASE INICIAL,1,Computadora de Escritorio Estandar,PFM,CIUDAD DE MEXICO,MIGUEL HIDALGO,05/04/2023,,24,,30,$607.34,$20.24,0,-,-,-,,$-,$-,$-
F-D44B8B02DA,DEVOLUCION (FRACCION DE SALIDA),FEB-MAY_23,FASE INICIAL,1,Computadora Portatil Estandar,SA_QRO,QUERETARO,QUERETARO,13/04/2023,,,,30,$664.99,$22.17,18,$-,$-,$-,$-,$398.99,$63.84,$462.83
F-099E91B2F6,AUTORIZADO,SEP_COMP_24,BAJO DEMANDA,1,Monitor 24 pulgadas,SA_TAMPS,TAMAULIPAS,REYNOSA,07/12/2023,,,,30,$91.12,$3.04,30,$-,$-,$-,$-,$91.12,$14.58,$105.70
F-4FD32A45CC,AUTORIZADO,SEP_COMP_24,BAJO DEMANDA,1,Monitor 24 pulgadas,SA_EDOMEX,MEXICO,TEXCOCO,31/01/2024,,,,30,$91.12,$3.04,30,$-,$-,$-,$-,$91.12,$14.58,$105.70
F-8772E673D7,AUTORIZADO,FEB-MAY_23,FASE INICIAL,1,Computadora Portatil Estandar,FECOC,CIUDAD DE MEXICO,CUAUHTÉMOC,31/03/2023,,,,30,$664.99,$22.17,30,$-,$-,$-,$-,$664.99,$106.40,$771.39
F-F258D237F8,AUTORIZADO,FEB-MAY_23,FASE INICIAL,1,Computadora de Escritorio Estandar,UDET,CIUDAD DE MEXICO,CUAUHTÉMOC,10/03/2023,,,,30,$607.34,$20.24,30,$-,$-,$-,$-,$607.34,$97.17,$704.51
F-3D9C48124A,AUTORIZADO,FEB-MAY_23,FASE INICIAL,1,Computadora de Escritorio Estandar,PFM,CIUDAD DE MEXICO,MIGUEL HIDALGO,22/05/2023,,,,30,$607.34,$20.24,30,$-,$-,$-,$-,$607.34,$97.17,$704.51
F-9CA24D6BA2,AUTORIZADO,SEP_COMP_24,BAJO DEMANDA,2,Monitor 24 pulgadas,SA_CHIH,CHIHUAHUA,JUAREZ,08/12/2023,,,,30,$91.12,$3.04,30,$-,$-,$-,$-,$91.12,$14.58,$105.70
F-43F0D8E672,AUTORIZADO,SEP_COMP_24,BAJO DEMANDA,2,Teclado y raton inalambricos,SA_CHIH,CHIHUAHUA,JUAREZ,06/12/2023,,,,30,$29.68,$0.99,30,$-,$-,$-,$-,$29.68,$4.75,$34.43
F-0863361B54,AUTORIZADO,FEB-MAY_23,FASE INICIAL,1,Computadora de Escritorio Estandar,FECOR,CIUDAD DE MEXICO,CUAUHTEMOC,17/03/2023,,,,30,$607.34,$20.24,30,$-,$-,$-,$-,$607.34,$97.17,$704.51
F-7E0A42694A,AUTORIZADO,ENERO_25,,1,Teclado y raton inalambricos,CFPF,CIUDAD DE MEXICO,CUAUHTEMOC,30/12/2024,,,,30,$29.68,$0.99,30,$-,$-,$-,$-,$29.68,$4.75,$34.43
F-2E07C2E8E1,AUTORIZADO,SEP_COMP_24,BAJO DEMANDA,2,Computadora Portatil Estandar,SA_NAY,NAYARIT,BAHIA DE BANDERAS,07/02/2024,,,,30,$664.99,$22.17,30,$-,$-,$-,$-,$664.99,$106.40,$771.39
F-521E962230,AUTORIZADO,SEP_COMP_24,BAJO DEMANDA,1,Computadora de Escritorio Estandar,CA_CFPF,CIUDAD DE MEXICO,CUAUHTEMOC,15/04/2024,,,,30,$607.34,$20.24,30,$-,$-,$-,$-,$607.34,$97.17,$704.51
F-5117F65AC6,AUTORIZADO,,"""776""_INICIAL",1,Computadora de Escritorio Estandar,PFM,CIUDAD DE MEXICO,MIGUEL HIDALGO,17/07/2023,,,,30,$607.34,$20.24,30,$-,$-,$-,$-,$607.34,$97.17,$704.51
F-212AB0BCA5,AUTORIZADO,FEB-MAY_23,FASE INICIAL,1,Computadora de Escritorio Estandar,SA_CDMX,CIUDAD DE MEXICO,CUAUHTÉMOC,13/04/2023,,,,30,$607.34,$20.24,30,$-,$-,$-,$-,$607.34,$97.17,$704.51
F-BEB2D72E4C,AUTORIZADO,FEB-MAY_23,FASE INICIAL,1,Computadora de Escritorio Estandar,DGRHO,CIUDAD DE MEXICO,CUAUHTÉMOC,12/04/2023,,,,30,$607.34,$20.24,30,$-,$-,$-,$-,$607.34,$97.17,$704.51
F-FB5E019D4E,AUTORIZADO,NOV_24,,1,Computadora de Escritorio Estandar,PFM,AGUASCALIENTES,AGUASCALIENTES,20/09/2024,,,,30,$607.34,$20.24,30,$-,$-,$-,$-,$607.34,$97.17,$704.51
F-407410F408,AUTORIZADO,SEP_COMP_24,BAJO DEMANDA,1,Teclado y raton inalambricos,CA_FEMDH,CIUDAD DE MEXICO,CUAUHTEMOC,13/03/2024,,,,30,$29.68,$0.99,30,$-,$-,$-,$-,$29.68,$4.75,$34.43
F-ED1082B920,AUTORIZADO,FEB-MAY_23,FASE INICIAL,1,Computadora Portatil Estandar,FECOC,CIUDAD DE MEXICO,CUAUHTÉMOC,29/03/2023,,,,30,$664.99,$22.17,30,$-,$-,$-,$-,$664.99,$106.40,$771.39
F-94586B426C,AUTORIZADO,NOV_24,,1,Monitor 24 pulgadas,FEMDH,CIUDAD DE MEXICO,CUAUHTEMOC,09/10/2024,,,,30,$91.12,$3.04,30,$-,$-,$-,$-,$91.12,$14.58,$105.70
F-00FD56CE2F,AUTORIZADO,ENERO_25,,1,Teclado y raton inalambricos,FECOR,CIUDAD DE MEXICO,ALVARO OBREGON,22/01/2024,,,,30,$29.68,$0.99,30,$-,$-,$-,$-,$29.68,$4.75,$34.43
F-9F6CA266EE,AUTORIZADO,FEB-MAY_23,FASE INICIAL,1,Computadora Portatil Estandar,SA_GRO,GUERRERO,CHILPANCINGO DE LOS BRAVO,31/05/2023,,,,30,$664.99,$22.17,30,$-,$-,$-,$-,$664.99,$106.40,$771.39
F-D4545022E9,AUTORIZADO,ENERO_25,,1,Teclado y raton inalambricos,CFPF,CIUDAD DE MEXICO,CUAUHTEMOC,05/12/2024,,,,30,$29.68,$0.99,30,$-,$-,$-,$-,$29.68,$4.75,$34.43
F-5C95362BC6,PAUSADO (MAYO 2026),SEP_COMP_24,BAJO DEMANDA,1,Computadora de Escritorio Estandar,FECOC,CIUDAD DE MEXICO,CUAUHTEMOC,04/12/2023,,3,,30,$607.34,$20.24,0,-,-,-,,$-,$-,$-
F-114C44AB89,AUTORIZADO,NOV_24,,1,Teclado y raton inalambricos,CA_FEMDH,CIUDAD DE MEXICO,CUAUHTEMOC,13/03/2024,,,,30,$29.68,$0.99,30,$-,$-,$-,$-,$29.68,$4.75,$34.43
F-76225542DA,AUTORIZADO,FEB-MAY_23,FASE INICIAL,1,Computadora Portatil Estandar,SA_CDMX,CIUDAD DE MEXICO,MIGUEL HIDALGO,30/03/2023,,,,30,$664.99,$22.17,30,$-,$-,$-,$-,$664.99,$106.40,$771.39
F-EF7EB9096E,PAUSADO (JUNIO 2026),NOV_24,,1,Monitor 24 pulgadas,CA_FEMDH,CIUDAD DE MEXICO,CUAUHTEMOC,22/03/2024,29,1,,30,$91.12,$3.04,29,$-,$-,$-,$-,$88.08,$14.09,$102.18
F-8645F91FD1,PAUSADO (JUNIO 2026),,BAJO DEMANDA,1,Computadora Portatil Estandar,SA_SON,SONORA,HERMOSILLO,13/09/2023,20,10,,30,$664.99,$22.17,20,$-,$-,$-,$-,$443.33,$70.93,$514.26
F-1DA9F7C5EC,AUTORIZADO,FEB-MAY_23,FASE INICIAL,1,Computadora de Escritorio Estandar,FECOR,CIUDAD DE MEXICO,CUAUHTÉMOC,16/03/2023,,,,30,$607.34,$20.24,30,$-,$-,$-,$-,$607.34,$97.17,$704.51
F-A9A877F56F,PAUSADO (MAYO 2026),SEP_COMP_24,BAJO DEMANDA,1,Monitor 24 pulgadas,SA_EDOMEX,MEXICO,CHALCO,28/02/2024,,5,,30,$91.12,$3.04,0,-,-,-,,$-,$-,$-
F-CF9F4683A2,AUTORIZADO,NOV_24,,1,Computadora Portatil Estandar,SA_EDOMEX,MEXICO,TOLUCA,25/04/2024,,,,30,$664.99,$22.17,30,$-,$-,$-,$-,$664.99,$106.40,$771.39
F-2FA353AA0D,AUTORIZADO,FEB-MAY_23,FASE INICIAL,1,Computadora Portatil Estandar,SA_JAL,JALISCO,GUADALAJARA,21/04/2023,,,,30,$664.99,$22.17,30,$-,$-,$-,$-,$664.99,$106.40,$771.39
F-4CC889AFDA,PAUSADO (JUNIO 2026),FEB-MAY_23,FASE INICIAL,1,Computadora de Escritorio Estandar,SA_YUC,YUCATAN,MERIDA,12/04/2023,25,5,,30,$607.34,$20.24,25,$-,$-,$-,$-,$506.12,$80.98,$587.10
F-9CEC002B92,AUTORIZADO,FEB-MAY_23,FASE INICIAL,1,Computadora de Escritorio Estandar,PFM,CIUDAD DE MEXICO,MIGUEL HIDALGO,13/03/2023,,,,30,$607.34,$20.24,30,$-,$-,$-,$-,$607.34,$97.17,$704.51
F-4FCBF25F07,AUTORIZADO,FEB-MAY_23,FASE INICIAL,1,Computadora de Escritorio Estandar,CGSP,CIUDAD DE MEXICO,CUAUHTEMOC,17/04/2023,,,,30,$607.34,$20.24,30,$-,$-,$-,$-,$607.34,$97.17,$704.51
F-55C5D790E2,AUTORIZADO,FEB-MAY_23,FASE INICIAL,1,Computadora Portatil Estandar,SA_QRO,QUERETARO,QUERÉTARO,29/03/2023,,,,30,$664.99,$22.17,30,$-,$-,$-,$-,$664.99,$106.40,$771.39
F-827B016EA6,AUTORIZADO,SEP_COMP_24,BAJO DEMANDA,1,Computadora Portatil Estandar,DGRHO,CIUDAD DE MEXICO,CUAUHTEMOC,08/01/2024,,,,30,$664.99,$22.17,30,$-,$-,$-,$-,$664.99,$106.40,$771.39
F-1C10A278ED,PAUSADO (JUNIO 2026),FEB-MAY_23,FASE INICIAL,1,Computadora de Escritorio Estandar,FEMDH,CIUDAD DE MEXICO,CUAUHTEMOC,24/04/2023,29,1,,30,$607.34,$20.24,29,$-,$-,$-,$-,$587.10,$93.94,$681.03
F-B7D65B9120,AUTORIZADO,ABRIL_25,BAJO DEMANDA,1,Monitor 24 pulgadas,FEMDH,CIUDAD DE MEXICO,CUAUHTEMOC,10/12/2024,,,,30,$91.12,$3.04,30,$-,$-,$-,$-,$91.12,$14.58,$105.70
F-6B6D07E426,PAUSADO (ABRIL 2026),FEB-MAY_23,FASE INICIAL,1,Computadora de Escritorio Estandar,DGCS,CIUDAD DE MEXICO,CUAUHTÉMOC,16/03/2023,,8,,31,$607.34,$19.59,0,-,-,-,,$-,$-,$-
F-CDEAF74CC9,AUTORIZADO,ENERO_25,,1,Monitor 24 pulgadas,SA_EDOMEX,MEXICO,TOLUCA,25/04/2024,,,,30,$91.12,$3.04,30,$-,$-,$-,$-,$91.12,$14.58,$105.70
F-0DAA35A458,AUTORIZADO,SEP_COMP_24,BAJO DEMANDA,2,Monitor 24 pulgadas,SA_COL,COLIMA,MANZANILLO,27/12/2023,,,,30,$91.12,$3.04,30,$-,$-,$-,$-,$91.12,$14.58,$105.70
F-16B24C1F01,AUTORIZADO,FEB-MAY_23,FASE INICIAL,1,Computadora de Escritorio Estandar,CGSP,CIUDAD DE MEXICO,CUAUHTEMOC,21/04/2023,,,,30,$607.34,$20.24,30,$-,$-,$-,$-,$607.34,$97.17,$704.51
F-4202874493,AUTORIZADO,FEB-MAY_23,FASE INICIAL,1,Computadora de Escritorio Estandar,SA_TAB,TABASCO,CENTRO,18/04/2023,,,,30,$607.34,$20.24,30,$-,$-,$-,$-,$607.34,$97.17,$704.51
F-24EF252118,AUTORIZADO,FEB-MAY_23,FASE INICIAL,1,Computadora de Escritorio Estandar,SA_SLP,SAN LUIS POTOSI,SAN LUIS POTOSÍ,25/04/2023,,,,30,$607.34,$20.24,30,$-,$-,$-,$-,$607.34,$97.17,$704.51
F-29C0BE0DD3,AUTORIZADO,FEB-MAY_23,FASE INICIAL,1,Computadora de Escritorio Estandar,DGSA,CIUDAD DE MEXICO,VENUSTIANO CARRANZA,21/04/2023,,,,30,$607.34,$20.24,30,$-,$-,$-,$-,$607.34,$97.17,$704.51
F-C586E34592,AUTORIZADO,,BAJO DEMANDA,1,Computadora Portatil Estandar,SA_EDOMEX,MEXICO,TOLUCA,23/08/2023,,,,30,$664.99,$22.17,30,$-,$-,$-,$-,$664.99,$106.40,$771.39
F-3A855E3153,AUTORIZADO,SEP_COMP_24,BAJO DEMANDA,1,Computadora de Escritorio Estandar,FEMDH,CIUDAD DE MEXICO,CUAUHTEMOC,30/11/2023,,,,30,$607.34,$20.24,30,$-,$-,$-,$-,$607.34,$97.17,$704.51
F-F7C7A12B66,AUTORIZADO,FEB-MAY_23,FASE INICIAL,3,Computadora de Escritorio Estandar,SA_COAH,COAHUILA,MONCLOVA,27/04/2023,,,,30,$607.34,$20.24,30,$-,$-,$-,$-,$607.34,$97.17,$704.51
F-0BFB91EDB3,AUTORIZADO,FEB-MAY_23,FASE INICIAL,1,Computadora de Escritorio Estandar,SA_EDOMEX,ESTADO DE MEXICO,TOLUCA,30/03/2023,,,,30,$607.34,$20.24,30,$-,$-,$-,$-,$607.34,$97.17,$704.51
F-8B9D844E96,DEVOLUCION (FRACCION DE SALIDA),FEB-MAY_23,FASE INICIAL,1,Computadora de Escritorio Estandar,FEMDH,CIUDAD DE MEXICO,CUAUHTEMOC,17/03/2023,,,,30,$607.34,$20.24,4,$-,$-,$-,$-,$80.98,$12.96,$93.94
F-271D1C6B8D,AUTORIZADO,FEB-MAY_23,FASE INICIAL,1,Computadora de Escritorio Estandar,SA_CDMX,CIUDAD DE MEXICO,CUAUHTÉMOC,16/03/2023,,,,30,$607.34,$20.24,30,$-,$-,$-,$-,$607.34,$97.17,$704.51
F-B027F35306,AUTORIZADO,FEB-MAY_23,FASE INICIAL,1,Computadora de Escritorio Estandar,SA_TAMPS,TAMAULIPAS,REYNOSA,11/05/2023,,,,30,$607.34,$20.24,30,$-,$-,$-,$-,$607.34,$97.17,$704.51
F-9C7145EC28,PAUSADO (JUNIO 2026),SEP_COMP_24,BAJO DEMANDA,1,Teclado y raton inalambricos,FEMDH,CIUDAD DE MEXICO,CUAUHTEMOC,19/12/2023,29,1,,30,$29.68,$0.99,29,$-,$-,$-,$-,$28.69,$4.59,$33.28
F-808C9BD7C2,AUTORIZADO,FEB-MAY_23,FASE INICIAL,1,Computadora de Escritorio Estandar,SA_SON,SONORA,HERMOSILLO,04/05/2023,,,,30,$607.34,$20.24,30,$-,$-,$-,$-,$607.34,$97.17,$704.51
F-70E4A5E631,PAUSADO (MAYO 2026),FEB-MAY_23,FASE INICIAL,1,Computadora Portatil Estandar,FEMDH,CIUDAD DE MEXICO,CUAUHTEMOC,24/04/2023,,8,,30,$664.99,$22.17,0,-,-,-,,$-,$-,$-
F-C7A0465B1A,PAUSADO (MAYO 2026),ENERO_25,,1,Teclado y raton inalambricos,FECOR,CIUDAD DE MEXICO,ALVARO OBREGON,22/01/2024,,11,,30,$29.68,$0.99,0,-,-,-,,$-,$-,$-
F-5F5F5195C9,AUTORIZADO,FEB-MAY_23,FASE INICIAL,1,Computadora Portatil Estandar,FECOC,CIUDAD DE MEXICO,CUAUHTEMOC,31/03/2023,,,,30,$664.99,$22.17,30,$-,$-,$-,$-,$664.99,$106.40,$771.39
F-DE07260F69,PAUSADO (MAYO 2026),OCT_24,,1,Computadora de Escritorio Estandar,FEMDH,CIUDAD DE MEXICO,MIGUEL HIDALGO,22/02/2024,,9,,30,$607.34,$20.24,0,-,-,-,,$-,$-,$-
F-72BF22F108,PAUSADO (ABRIL 2026),NOV_24,,1,Teclado y raton inalambricos,CA_FEMDH,CIUDAD DE MEXICO,CUAUHTEMOC,22/03/2024,,21,,31,$29.68,$0.96,0,-,-,-,,$-,$-,$-
F-FE5BF383D4,AUTORIZADO,FEB-MAY_23,FASE INICIAL,1,Computadora Portatil Estandar,SA_ZAC,ZACATECAS,FRESNILLO,04/05/2023,,,,30,$664.99,$22.17,30,$-,$-,$-,$-,$664.99,$106.40,$771.39
F-950244A5A0,AUTORIZADO,SEPTIEMBRE_25,BAJO DEMANDA,1,Computadora de Escritorio Estandar,FEMCC,CIUDAD DE MEXICO,ALVARO OBREGON,07/08/2025,,,,30,$607.34,$20.24,30,$-,$-,$-,$-,$607.34,$97.17,$704.51
F-DE9E7354A8,AUTORIZADO,FEB-MAY_23,FASE INICIAL,1,Computadora Portatil Estandar,SA_DGO,DURANGO,DURANGO,18/04/2023,,,,30,$664.99,$22.17,30,$-,$-,$-,$-,$664.99,$106.40,$771.39
F-3CC8B5C8E4,AUTORIZADO,FEB-MAY_23,FASE INICIAL,1,Computadora Portatil Estandar,SA_SIN,SINALOA,CULIACÁN,25/04/2023,,,,30,$664.99,$22.17,30,$-,$-,$-,$-,$664.99,$106.40,$771.39
F-4902DC1C93,AUTORIZADO,FEB-MAY_23,FASE INICIAL,1,Computadora de Escritorio Estandar,PFM,CIUDAD DE MEXICO,MIGUEL HIDALGO,10/03/2023,,,,30,$607.34,$20.24,30,$-,$-,$-,$-,$607.34,$97.17,$704.51
F-FC0537E534,AUTORIZADO,FEB-MAY_23,FASE INICIAL,1,Computadora de Escritorio Estandar,SA_CDMX,CIUDAD DE MEXICO,CUAUHTÉMOC,14/03/2023,,,,30,$607.34,$20.24,30,$-,$-,$-,$-,$607.34,$97.17,$704.51
F-2E44ED0ED7,AUTORIZADO,,BAJO DEMANDA,1,Computadora de Escritorio Estandar,FEMDO,CIUDAD DE MEXICO,CUAUHTEMOC,02/10/2023,,,,30,$607.34,$20.24,30,$-,$-,$-,$-,$607.34,$97.17,$704.51
F-7D0E25581B,AUTORIZADO,FEB-MAY_23,FASE INICIAL,1,Computadora de Escritorio Estandar,CECC,CIUDAD DE MEXICO,CUAUHTÉMOC,28/04/2023,,,,30,$607.34,$20.24,30,$-,$-,$-,$-,$607.34,$97.17,$704.51
F-7457AE3904,AUTORIZADO,OCT_24,,1,Computadora de Escritorio Estandar,FEMDO,CIUDAD DE MEXICO,CUAUHTEMOC,14/12/2023,,,,30,$607.34,$20.24,30,$-,$-,$-,$-,$607.34,$97.17,$704.51
F-2477C200C5,PAUSADO (MAYO 2026),,BAJO DEMANDA,1,Computadora Portatil Estandar,SA_EDOMEX,MEXICO,TOLUCA,30/08/2023,,5,,30,$664.99,$22.17,0,-,-,-,,$-,$-,$-
F-FCC54FE363,PAUSADO (MAYO 2026),JUNIO_25,BAJO DEMANDA,1,Computadora Portatil Estandar,INACIPE,CIUDAD DE MEXICO,TLALPAN,02/05/2025,,12,,30,$664.99,$22.17,0,-,-,-,,$-,$-,$-
F-EBE354DE15,AUTORIZADO (PAGO REACTIVADO)_abril,FEB-MAY_23,FASE INICIAL,1,Computadora de Escritorio Estandar,FEMDH,CIUDAD DE MEXICO,CUAUHTEMOC,23/03/2023,,21,$425.14,30,$607.34,$20.24,0,-,$425.14,$607.34,$607.34,"$1,639.82",$262.37,"$1,902.19"
F-4FDAEEDAD8,AUTORIZADO,FEB-MAY_23,FASE INICIAL,1,Computadora de Escritorio Estandar,SJAI,CIUDAD DE MEXICO,CUAUHTEMOC,28/03/2023,,,,30,$607.34,$20.24,30,$-,$-,$-,$-,$607.34,$97.17,$704.51
F-394A1DCC01,AUTORIZADO,OCTUBRE_25,BAJO DEMANDA,1,Computadora de Escritorio Estandar,CFPF,CIUDAD DE MEXICO,CUAUHTEMOC,08/10/2025,,,,30,$607.34,$20.24,30,$-,$-,$-,$-,$607.34,$97.17,$704.51
F-F20BBBF2FF,AUTORIZADO,,"""776""_INICIAL",1,Computadora de Escritorio Estandar,FECOR,CIUDAD DE MEXICO,CUAUHTEMOC,22/06/2023,,,,30,$607.34,$20.24,30,$-,$-,$-,$-,$607.34,$97.17,$704.51
F-F087F9E8AD,AUTORIZADO,NOV_24,,1,Computadora de Escritorio Estandar,PFM,QUINTANA ROO,BENITO JUAREZ,23/09/2024,,,,30,$607.34,$20.24,30,$-,$-,$-,$-,$607.34,$97.17,$704.51
F-5C6424C164,AUTORIZADO,FEB-MAY_23,FASE INICIAL,1,Computadora de Escritorio Estandar,SA_SON,SONORA,HERMOSILLO,25/04/2023,,,,30,$607.34,$20.24,30,$-,$-,$-,$-,$607.34,$97.17,$704.51
F-BFE089ED0C,AUTORIZADO,FEB-MAY_23,FASE INICIAL,2,Computadora de Escritorio Estandar,SA_SON,SONORA,NOGALES,25/04/2023,,,,30,$607.34,$20.24,30,$-,$-,$-,$-,$607.34,$97.17,$704.51
F-9438E85B27,AUTORIZADO,FEB-MAY_23,FASE INICIAL,1,Computadora de Escritorio Estandar,PFM,CIUDAD DE MEXICO,MIGUEL HIDALGO,17/04/2023,,,,30,$607.34,$20.24,30,$-,$-,$-,$-,$607.34,$97.17,$704.51
F-1204B5A5E8,AUTORIZADO,FEB-MAY_23,FASE INICIAL,1,Computadora de Escritorio Estandar,PFM,CIUDAD DE MEXICO,MIGUEL HIDALGO,22/05/2023,,,,30,$607.34,$20.24,30,$-,$-,$-,$-,$607.34,$97.17,$704.51
F-ADE5E3CD85,AUTORIZADO,SEP_COMP_24,BAJO DEMANDA,1,Teclado y raton inalambricos,SA_TAMPS,TAMAULIPAS,REYNOSA,08/12/2023,,,,30,$29.68,$0.99,30,$-,$-,$-,$-,$29.68,$4.75,$34.43
F-D341E1FA32,AUTORIZADO,SEP_COMP_24,BAJO DEMANDA,2,Teclado y raton inalambricos,SA_MICH,MICHOACAN,URUAPAN,01/02/2024,,,,30,$29.68,$0.99,30,$-,$-,$-,$-,$29.68,$4.75,$34.43
F-9A0725AA6A,AUTORIZADO,ABRIL_25,BAJO DEMANDA,1,Computadora de Escritorio Estandar,PFM,CIUDAD DE MEXICO,MIGUEL HIDALGO,30/01/2025,,,,30,$607.34,$20.24,30,$-,$-,$-,$-,$607.34,$97.17,$704.51
F-6AD10CAD50,AUTORIZADO,,BAJO DEMANDA,1,Computadora Portatil Estandar,SA_ZAC,ZACATECAS,ZACATECAS,23/08/2023,,,,30,$664.99,$22.17,30,$-,$-,$-,$-,$664.99,$106.40,$771.39
F-CFD0ECE5DB,PAUSADO (MAYO 2026),FEB-MAY_23,FASE INICIAL,1,Computadora de Escritorio Estandar,DGRMSG,CIUDAD DE MEXICO,GUSTAVO A. MADERO,27/04/2023,,6,,30,$607.34,$20.24,0,-,-,-,,$-,$-,$-
F-828A5F4919,AUTORIZADO,FEB-MAY_23,FASE INICIAL,1,Computadora de Escritorio Estandar,FECOC,CIUDAD DE MEXICO,CUAUHTÉMOC,28/03/2023,,,,30,$607.34,$20.24,30,$-,$-,$-,$-,$607.34,$97.17,$704.51
F-7A22E3E790,AUTORIZADO,FEB-MAY_23,FASE INICIAL,1,Computadora de Escritorio Estandar,FEMDH,CIUDAD DE MEXICO,CUAUHTEMOC,24/04/2023,,,,30,$607.34,$20.24,30,$-,$-,$-,$-,$607.34,$97.17,$704.51
F-270387D051,AUTORIZADO,ENERO_25,,1,Monitor 24 pulgadas,FEMDO,CIUDAD DE MEXICO,CUAUHTEMOC,02/12/2024,,,,30,$91.12,$3.04,30,$-,$-,$-,$-,$91.12,$14.58,$105.70
F-A5D2A4C2BB,DEVOLUCION (FRACCION DE SALIDA),FEB-MAY_23,FASE INICIAL,1,Computadora Portatil Estandar,FEMDH,CIUDAD DE MEXICO,CUAUHTEMOC,29/03/2023,,,,30,$664.99,$22.17,4,$-,$-,$-,$-,$88.67,$14.19,$102.85
F-C55414E7F6,AUTORIZADO,ENERO_25,,1,Monitor 24 pulgadas,FEMED,CIUDAD DE MEXICO,ALVARO OBREGON,06/02/2024,,,,30,$91.12,$3.04,30,$-,$-,$-,$-,$91.12,$14.58,$105.70
F-BC282D0326,AUTORIZADO,FEB-MAY_23,FASE INICIAL,1,Computadora de Escritorio Estandar,SA_TLAX,TLAXCALA,TLAXCALA,31/03/2023,,,,30,$607.34,$20.24,30,$-,$-,$-,$-,$607.34,$97.17,$704.51
F-A628811827,AUTORIZADO,FEB-MAY_23,FASE INICIAL,1,Computadora de Escritorio Estandar,SA_EDOMEX,ESTADO DE MEXICO,NAUCALPAN DE JUAREZ,12/04/2023,,,,30,$607.34,$20.24,30,$-,$-,$-,$-,$607.34,$97.17,$704.51
F-58E70A36F0,AUTORIZADO,SEP_COMP_24,BAJO DEMANDA,1,Teclado y raton inalambricos,SA_EDOMEX,MEXICO,TEXCOCO,29/01/2024,,,,30,$29.68,$0.99,30,$-,$-,$-,$-,$29.68,$4.75,$34.43
F-452D1A4C20,AUTORIZADO,FEB-MAY_23,FASE INICIAL,1,Computadora de Escritorio Estandar,DGRHO,CIUDAD DE MEXICO,CUAUHTÉMOC,17/03/2023,,,,30,$607.34,$20.24,30,$-,$-,$-,$-,$607.34,$97.17,$704.51
F-60DDF2A1A3,AUTORIZADO,FEB-MAY_23,FASE INICIAL,1,Computadora Portatil Estandar,FECOC,CIUDAD DE MEXICO,CUAUHTEMOC,17/03/2023,,,,30,$664.99,$22.17,30,$-,$-,$-,$-,$664.99,$106.40,$771.39
F-C5EBBFDFC4,PAUSADO (MAYO 2026),ENERO_25,,1,Monitor 24 pulgadas,FECOR,CIUDAD DE MEXICO,ALVARO OBREGON,22/01/2024,,11,,30,$91.12,$3.04,0,-,-,-,,$-,$-,$-
F-D525E8C63D,AUTORIZADO (PAGO REACTIVADO)_abril,SEP_COMP_24,BAJO DEMANDA,1,Monitor 24 pulgadas,CA_FEMDH,CIUDAD DE MEXICO,CUAUHTEMOC,22/03/2024,,21,$63.78,30,$91.12,$3.04,0,-,$63.78,$91.12,$91.12,$246.02,$39.36,$285.39
F-11A4F9D297,PAUSADO (JUNIO 2026),FEB-MAY_23,FASE INICIAL,1,Computadora de Escritorio Estandar,FEMDH,CIUDAD DE MEXICO,CUAUHTEMOC,30/03/2023,15,15,,30,$607.34,$20.24,15,$-,$-,$-,$-,$303.67,$48.59,$352.26
F-F65F4B01AD,PAUSADO (MAYO 2026),ENERO_25,,1,Monitor 24 pulgadas,FECOR,CIUDAD DE MEXICO,ALVARO OBREGON,22/01/2024,,11,,30,$91.12,$3.04,0,-,-,-,,$-,$-,$-
F-F8B571E27B,AUTORIZADO,OCT_24,,1,Monitor 24 pulgadas,SA_OAX,OAXACA,SAN BARTOLO COYOTEPEC,22/04/2024,,,,30,$91.12,$3.04,30,$-,$-,$-,$-,$91.12,$14.58,$105.70
F-DBC6A65435,DEVOLUCION (FRACCION DE SALIDA),FEB-MAY_23,FASE INICIAL,1,Computadora de Escritorio Estandar,FEMDH,CIUDAD DE MEXICO,CUAUHTEMOC,31/03/2023,,,,30,$607.34,$20.24,17,$-,$-,$-,$-,$344.16,$55.07,$399.22
F-3A4F3A62CF,DEVOLUCION (FRACCION DE SALIDA),FEB-MAY_23,FASE INICIAL,1,Computadora de Escritorio Estandar,OIC,CIUDAD DE MEXICO,ÁLVARO OBREGÓN,28/02/2023,,,,30,$607.34,$20.24,18,$-,$-,$-,$-,$364.40,$58.30,$422.71
F-918EE320B5,AUTORIZADO,FEB-MAY_23,FASE INICIAL,1,Computadora de Escritorio Estandar,SA_EDOMEX,ESTADO DE MEXICO,TOLUCA,12/04/2023,,,,30,$607.34,$20.24,30,$-,$-,$-,$-,$607.34,$97.17,$704.51
F-40ADB43AD8,AUTORIZADO,NOV_24,,1,Computadora de Escritorio Estandar,CFIC,CIUDAD DE MEXICO,COYOACAN,12/06/2024,,,,30,$607.34,$20.24,30,$-,$-,$-,$-,$607.34,$97.17,$704.51
F-E675CD97B5,PAUSADO (JUNIO 2026),JUNIO_25,BAJO DEMANDA,1,Computadora Portatil Estandar,FEMDH,CIUDAD DE MEXICO,GUSTAVO A. MADERO,01/08/2024,16,14,,30,$664.99,$22.17,16,$-,$-,$-,$-,$354.66,$56.75,$411.41
F-8282E715BE,PAUSADO (JUNIO 2026),,BAJO DEMANDA,1,Computadora Portatil Estandar,FEMDH,CIUDAD DE MEXICO,CUAUHTEMOC,25/10/2023,15,15,,30,$664.99,$22.17,15,$-,$-,$-,$-,$332.50,$53.20,$385.69
F-A52DDDB657,DEVOLUCION (FRACCION DE SALIDA),SEP_COMP_24,BAJO DEMANDA,1,Disco Duro SSD (1 TB),DGRMSG,CIUDAD DE MEXICO,CUAUHTEMOC,23/11/2023,,,,30,$46.40,$1.55,30,$-,$-,$-,$-,$46.40,$7.42,$53.82
F-B1DDD4C1C4,DEVOLUCION (FRACCION DE SALIDA),SEP_COMP_24,BAJO DEMANDA,1,Disco Duro SSD (1 TB),DGRMSG,CIUDAD DE MEXICO,CUAUHTEMOC,23/11/2023,,,,30,$46.40,$1.55,30,$-,$-,$-,$-,$46.40,$7.42,$53.82
F-AF14750EB5,PAUSADO (JUNIO 2026),SEP_COMP_24,BAJO DEMANDA,1,Teclado y raton inalambricos,SA_SON,SONORA,HERMOSILLO,05/01/2024,20,10,,30,$29.68,$0.99,20,$-,$-,$-,$-,$19.79,$3.17,$22.95
F-1DD64465F0,AUTORIZADO,NOV_24,,2,Computadora de Escritorio Estandar,PFM,SINALOA,GUASAVE,06/09/2024,,,,30,$607.34,$20.24,30,$-,$-,$-,$-,$607.34,$97.17,$704.51
F-1E222B982E,DEVOLUCION (FRACCION DE SALIDA),SEP_COMP_24,BAJO DEMANDA,1,Monitor 24 pulgadas,CA_FEMDH,CIUDAD DE MEXICO,CUAUHTEMOC,13/03/2024,,,,30,$91.12,$3.04,4,$-,$-,$-,$-,$12.15,$1.94,$14.09
F-493EFB2C3B,AUTORIZADO,FEB-MAY_23,FASE INICIAL,1,Computadora de Escritorio Estandar,PFM,CIUDAD DE MEXICO,MIGUEL HIDALGO,13/03/2023,,,,30,$607.34,$20.24,30,$-,$-,$-,$-,$607.34,$97.17,$704.51
F-CCBDBDF53F,AUTORIZADO,FEB-MAY_23,FASE INICIAL,1,Computadora de Escritorio Estandar,SA_EDOMEX,ESTADO DE MEXICO,TOLUCA,27/03/2023,,,,30,$607.34,$20.24,30,$-,$-,$-,$-,$607.34,$97.17,$704.51
F-C18707C07A,PAUSADO (JUNIO 2026),FEB-MAY_23,FASE INICIAL,1,Computadora de Escritorio Estandar,SA_SON,SONORA,HERMOSILLO,21/04/2023,20,10,,30,$607.34,$20.24,20,$-,$-,$-,$-,$404.89,$64.78,$469.68
F-5E387E83AA,AUTORIZADO,FEB-MAY_23,FASE INICIAL,1,Computadora de Escritorio Estandar,CENAPI,CIUDAD DE MEXICO,COYOACAN,09/05/2023,,,,30,$607.34,$20.24,30,$-,$-,$-,$-,$607.34,$97.17,$704.51
F-61BE8AE1B5,AUTORIZADO,ENERO_25,,1,Monitor 24 pulgadas,CFPF,CIUDAD DE MEXICO,CUAUHTEMOC,05/12/2024,,,,30,$91.12,$3.04,30,$-,$-,$-,$-,$91.12,$14.58,$105.70
F-D3F61DC2C6,AUTORIZADO,FEB-MAY_23,FASE INICIAL,1,Computadora de Escritorio Estandar,DGRMSG,CIUDAD DE MEXICO,CUAUHTÉMOC,13/03/2023,,,,30,$607.34,$20.24,30,$-,$-,$-,$-,$607.34,$97.17,$704.51
F-44C335D628,AUTORIZADO,FEB-MAY_23,FASE INICIAL,1,Computadora de Escritorio Estandar,FECOC,CIUDAD DE MEXICO,CUAUHTÉMOC,31/03/2023,,,,30,$607.34,$20.24,30,$-,$-,$-,$-,$607.34,$97.17,$704.51
F-09056226E4,PAUSADO (JUNIO 2026),FEB-MAY_23,FASE INICIAL,1,Computadora de Escritorio Estandar,SA_YUC,YUCATAN,MERIDA,24/04/2023,25,5,,30,$607.34,$20.24,25,$-,$-,$-,$-,$506.12,$80.98,$587.10
F-8FAF6E5017,AUTORIZADO,FEB-MAY_23,FASE INICIAL,1,Computadora de Escritorio Estandar,FEMDO,CIUDAD DE MEXICO,CUAUHTÉMOC,16/03/2023,,,,30,$607.34,$20.24,30,$-,$-,$-,$-,$607.34,$97.17,$704.51
F-0EDF23B770,AUTORIZADO,JULIO_25,BAJO DEMANDA,1,Teclado y raton inalambricos,OIC,CIUDAD DE MEXICO,ALVARO OBREGON,01/07/2025,,,,30,$29.68,$0.99,30,$-,$-,$-,$-,$29.68,$4.75,$34.43
F-B37DAEA4B9,AUTORIZADO,,BAJO DEMANDA,1,Computadora Portatil Estandar,SA_NL,NUEVO LEON,GENERAL ESCOBEDO,06/09/2023,,,,30,$664.99,$22.17,30,$-,$-,$-,$-,$664.99,$106.40,$771.39
F-0E3FEDE05E,PAUSADO (JUNIO 2026),NOV_24,,1,Teclado y raton inalambricos,FEMDH,CIUDAD DE MEXICO,CUAUHTEMOC,15/07/2024,29,1,,30,$29.68,$0.99,29,$-,$-,$-,$-,$28.69,$4.59,$33.28
F-4D14A0B30F,AUTORIZADO (PAGO REACTIVADO)_abril,SEP_COMP_24,BAJO DEMANDA,1,Teclado y raton inalambricos,CA_FEMDH,CIUDAD DE MEXICO,CUAUHTEMOC,22/03/2024,,6,$5.94,30,$29.68,$0.99,0,-,$5.94,$29.68,$29.68,$65.30,$10.45,$75.74
F-F4ABE281D6,AUTORIZADO,FEB-MAY_23,FASE INICIAL,1,Computadora de Escritorio Estandar,DGRHO,CIUDAD DE MEXICO,CUAUHTÉMOC,12/04/2023,,,,30,$607.34,$20.24,30,$-,$-,$-,$-,$607.34,$97.17,$704.51
F-96F63EE6D5,AUTORIZADO,,"""776""_INICIAL",1,Computadora de Escritorio Estandar,PFM,CIUDAD DE MEXICO,MIGUEL HIDALGO,27/06/2023,,,,30,$607.34,$20.24,30,$-,$-,$-,$-,$607.34,$97.17,$704.51
F-C08A66CD3A,AUTORIZADO,FEB-MAY_23,FASE INICIAL,1,Computadora de Escritorio Estandar,DGRHO,CIUDAD DE MEXICO,CUAUHTÉMOC,12/04/2023,,,,30,$607.34,$20.24,30,$-,$-,$-,$-,$607.34,$97.17,$704.51
F-70AB96EC32,AUTORIZADO,FEB-MAY_23,FASE INICIAL,1,Computadora de Escritorio Estandar,PFM,CIUDAD DE MEXICO,MIGUEL HIDALGO,18/04/2023,,,,30,$607.34,$20.24,30,$-,$-,$-,$-,$607.34,$97.17,$704.51
F-E219BCBA3E,AUTORIZADO,SEP_COMP_24,BAJO DEMANDA,1,Computadora Portatil Estandar,FECOR,CIUDAD DE MEXICO,ALVARO OBREGON,26/03/2024,,,,30,$664.99,$22.17,30,$-,$-,$-,$-,$664.99,$106.40,$771.39
F-14FA3171E7,AUTORIZADO,FEB-MAY_23,FASE INICIAL,1,Computadora Portatil Estandar,SA_VER,VERACRUZ,VERACRUZ,25/04/2023,,,,30,$664.99,$22.17,30,$-,$-,$-,$-,$664.99,$106.40,$771.39
F-89EBB572B1,AUTORIZADO,FEB-MAY_23,FASE INICIAL,2,Computadora de Escritorio Estandar,SA_BCS,BAJA CALIFORNIA SUR,LA PAZ,28/04/2023,,,,30,$607.34,$20.24,30,$-,$-,$-,$-,$607.34,$97.17,$704.51
F-9377A03972,AUTORIZADO,SEP_COMP_24,BAJO DEMANDA,2,Monitor 24 pulgadas,SA_CHIS,CHIAPAS,TAPACHULA,16/04/2024,,,,30,$91.12,$3.04,30,$-,$-,$-,$-,$91.12,$14.58,$105.70
F-68BD1829D8,PAUSADO (JUNIO 2026),ABRIL_25,BAJO DEMANDA,1,Monitor 24 pulgadas,FEMDH,CIUDAD DE MEXICO,CUAUHTEMOC,06/02/2025,29,1,,30,$91.12,$3.04,29,$-,$-,$-,$-,$88.08,$14.09,$102.18
F-F688BE0FC3,DEVOLUCION (FRACCION DE SALIDA),OCT_24,,1,Teclado y raton inalambricos,FEMDH,CIUDAD DE MEXICO,CUAUHTEMOC,28/06/2024,,,,30,$29.68,$0.99,4,$-,$-,$-,$-,$3.96,$0.63,$4.59
F-A988E5BBBD,AUTORIZADO,FEB-MAY_23,FASE INICIAL,1,Computadora de Escritorio Estandar,SA_YUC,YUCATAN,MERIDA,14/04/2023,,,,30,$607.34,$20.24,30,$-,$-,$-,$-,$607.34,$97.17,$704.51
F-A82B7204BD,AUTORIZADO,MAYO_2026,BAJO DEMANDA,1,Computadora de Escritorio Diseñador,CFIC,CIUDAD DE MEXICO,COYOACAN,11/11/2025,,,,30,"$1,143.90",$38.13,30,$-,$-,$-,$-,"$1,143.90",$183.02,"$1,326.92"
F-8AC45DEC97,AUTORIZADO,FEB-MAY_23,FASE INICIAL,1,Computadora de Escritorio Estandar,SA_SON,SONORA,HERMOSILLO,12/05/2023,,,,30,$607.34,$20.24,30,$-,$-,$-,$-,$607.34,$97.17,$704.51
F-F0B6EB6748,AUTORIZADO,FEB-MAY_23,FASE INICIAL,1,Computadora Portatil Estandar,FEAI,CIUDAD DE MEXICO,ALVARO OBREGON,12/03/2023,,,,30,$664.99,$22.17,30,$-,$-,$-,$-,$664.99,$106.40,$771.39
F-7F4DAE45F8,AUTORIZADO,FEB-MAY_23,FASE INICIAL,1,Computadora Portatil Estandar,CGSP,JALISCO,GUADALAJARA,02/03/2023,,,,30,$664.99,$22.17,30,$-,$-,$-,$-,$664.99,$106.40,$771.39
F-85952FB05B,AUTORIZADO,SEP_COMP_24,BAJO DEMANDA,1,Teclado y raton inalambricos,SA_EDOMEX,MEXICO,TEXCOCO,30/01/2024,,,,30,$29.68,$0.99,30,$-,$-,$-,$-,$29.68,$4.75,$34.43
F-BEB0D6C494,AUTORIZADO,JULIO_25,BAJO DEMANDA,1,Monitor 24 pulgadas,CDMX,CIUDAD DE MEXICO,CUAUHTEMOC,04/07/2025,,,,30,$91.12,$3.04,30,$-,$-,$-,$-,$91.12,$14.58,$105.70
F-EF0F633F3E,AUTORIZADO,SEP_COMP_24,BAJO DEMANDA,1,Teclado y raton inalambricos,SA_PUE,PUEBLA,PUEBLA,08/12/2023,,,,30,$29.68,$0.99,30,$-,$-,$-,$-,$29.68,$4.75,$34.43
F-0FB56585C6,AUTORIZADO,SEP_COMP_24,BAJO DEMANDA,1,Camara Web,UESII,CIUDAD DE MEXICO,ALVARO OBREGON,02/05/2024,,,,30,$150.84,$5.03,30,$-,$-,$-,$-,$150.84,$24.13,$174.97
F-3D5C036A92,DEVOLUCION (FRACCION DE SALIDA),FEB-MAY_23,FASE INICIAL,1,Computadora Portatil Estandar,FEMDH,CIUDAD DE MEXICO,CUAUHTEMOC,14/04/2023,,,,30,$664.99,$22.17,4,$-,$-,$-,$-,$88.67,$14.19,$102.85
F-279E263242,AUTORIZADO,FEB-MAY_23,FASE INICIAL,2,Computadora de Escritorio Estandar,SA_CHIH,CHIHUAHUA,JUAREZ,09/05/2023,,,,30,$607.34,$20.24,30,$-,$-,$-,$-,$607.34,$97.17,$704.51
F-E497B45439,AUTORIZADO,FEB-MAY_23,FASE INICIAL,1,Computadora de Escritorio Estandar,SA_QROO,QUINTANA ROO,BENITO JUÁREZ,19/04/2023,,,,30,$607.34,$20.24,30,$-,$-,$-,$-,$607.34,$97.17,$704.51
F-070683B6B9,AUTORIZADO,SEP_COMP_24,BAJO DEMANDA,1,Computadora Portatil Estandar,CGSP,TABASCO,CENTRO,28/11/2023,,,,30,$664.99,$22.17,30,$-,$-,$-,$-,$664.99,$106.40,$771.39
F-07A75CC345,PAUSADO (MAYO 2026),JUNIO_25,BAJO DEMANDA,1,Computadora Portatil Estandar,INACIPE,CIUDAD DE MEXICO,TLALPAN,02/05/2025,,12,,30,$664.99,$22.17,0,-,-,-,,$-,$-,$-
F-9F007A288D,PAUSADO (MAYO 2026),,BAJO DEMANDA,1,Computadora de Escritorio Estandar,FEMDO,CIUDAD DE MEXICO,GUSTAVO A. MADERO,17/07/2023,,9,,30,$607.34,$20.24,0,-,-,-,,$-,$-,$-
F-BA9C47D4D5,AUTORIZADO,FEB-MAY_23,FASE INICIAL,1,Computadora de Escritorio Estandar,CGSP,CIUDAD DE MEXICO,CUAUHTEMOC,14/04/2023,,,,30,$607.34,$20.24,30,$-,$-,$-,$-,$607.34,$97.17,$704.51
F-8A8984509F,AUTORIZADO,JULIO_25,BAJO DEMANDA,1,Computadora Portatil Estandar,CDMX,CIUDAD DE MEXICO,CUAUHTEMOC,24/10/2023,,,,30,$664.99,$22.17,30,$-,$-,$-,$-,$664.99,$106.40,$771.39
F-297646B73B,AUTORIZADO,FEB-MAY_23,FASE INICIAL,1,Computadora Portatil Estandar,SA_AGS,AGUASCALIENTES,AGUASCALIENTES,28/04/2023,,,,30,$664.99,$22.17,30,$-,$-,$-,$-,$664.99,$106.40,$771.39
F-77335DD868,AUTORIZADO,SEP_COMP_24,BAJO DEMANDA,1,Monitor 24 pulgadas,CDMX,CIUDAD DE MEXICO,CUAUHTEMOC,10/01/2024,,,,30,$91.12,$3.04,30,$-,$-,$-,$-,$91.12,$14.58,$105.70
F-B48FB10365,AUTORIZADO,,BAJO DEMANDA,1,Computadora Portatil Estandar,SA_EDOMEX,MEXICO,TOLUCA,31/08/2023,,,,30,$664.99,$22.17,30,$-,$-,$-,$-,$664.99,$106.40,$771.39
F-16C9AD916E,AUTORIZADO,FEB-MAY_23,FASE INICIAL,1,Computadora de Escritorio Estandar,SA_TAMPS,TAMAULIPAS,TAMPICO,04/05/2023,,,,30,$607.34,$20.24,30,$-,$-,$-,$-,$607.34,$97.17,$704.51
F-8CFF45B4C5,DEVOLUCION (FRACCION DE SALIDA),FEB-MAY_23,FASE INICIAL,1,Computadora Portatil Estandar,SA_QRO,QUERETARO,SAN JUAN DEL RIO,27/03/2023,,,,30,$664.99,$22.17,18,$-,$-,$-,$-,$398.99,$63.84,$462.83
F-FDC4793657,PAUSADO (MAYO 2026),FEB-MAY_23,FASE INICIAL,1,Computadora de Escritorio Estandar,SA_JAL,JALISCO,GUADALAJARA,11/04/2023,,3,,30,$607.34,$20.24,0,-,-,-,,$-,$-,$-
F-DC317D1583,DEVOLUCION (FRACCION DE SALIDA),FEB-MAY_23,FASE INICIAL,1,Computadora de Escritorio Estandar,FEMDH,CIUDAD DE MEXICO,CUAUHTEMOC,29/03/2023,,,,30,$607.34,$20.24,4,$-,$-,$-,$-,$80.98,$12.96,$93.94
F-8D2E81FE06,PAUSADO (JUNIO 2026),SEP_COMP_24,BAJO DEMANDA,1,Teclado y raton inalambricos,SA_SON,SONORA,HERMOSILLO,05/01/2024,20,10,,30,$29.68,$0.99,20,$-,$-,$-,$-,$19.79,$3.17,$22.95
F-54766BACFA,AUTORIZADO,FEB-MAY_23,FASE INICIAL,1,Computadora de Escritorio Estandar,DGSA,JALISCO,TLAJOMULCO DE ZUÑIGA,04/04/2023,,,,30,$607.34,$20.24,30,$-,$-,$-,$-,$607.34,$97.17,$704.51
F-8D4B277069,PAUSADO (MAYO 2026),ENERO_25,,1,Teclado y raton inalambricos,FECOR,CIUDAD DE MEXICO,ALVARO OBREGON,22/01/2024,,11,,30,$29.68,$0.99,0,-,-,-,,$-,$-,$-
F-D783D0755E,AUTORIZADO,MAYO_2026,BAJO DEMANDA,1,Computadora de Escritorio Diseñador,CFIC,CIUDAD DE MEXICO,COYOACAN,11/11/2025,,,,30,"$1,143.90",$38.13,30,$-,$-,$-,$-,"$1,143.90",$183.02,"$1,326.92"
F-F63F6242D6,AUTORIZADO,FEB-MAY_23,FASE INICIAL,2,Computadora de Escritorio Estandar,SA_GRO,GUERRERO,ACAPULCO DE JUAREZ,31/05/2023,,,,30,$607.34,$20.24,30,$-,$-,$-,$-,$607.34,$97.17,$704.51
F-ECE3A8D5EF,AUTORIZADO,FEB-MAY_23,FASE INICIAL,1,Computadora Portatil Estandar,SA_NAY,NAYARIT,TEPIC,20/04/2023,,,,30,$664.99,$22.17,30,$-,$-,$-,$-,$664.99,$106.40,$771.39
F-04D7843136,AUTORIZADO,ENERO_25,,1,Monitor 24 pulgadas,FEMED,CIUDAD DE MEXICO,ALVARO OBREGON,06/02/2024,,,,30,$91.12,$3.04,30,$-,$-,$-,$-,$91.12,$14.58,$105.70
F-B07A52EA0E,AUTORIZADO,FEB-MAY_23,FASE INICIAL,1,Computadora de Escritorio Estandar,PFM,CIUDAD DE MEXICO,MIGUEL HIDALGO,03/04/2023,,,,30,$607.34,$20.24,30,$-,$-,$-,$-,$607.34,$97.17,$704.51
F-1E23F74D2E,AUTORIZADO,FEB-MAY_23,FASE INICIAL,1,Computadora de Escritorio Estandar,SJAI,CIUDAD DE MEXICO,CUAUHTEMOC,24/03/2023,,,,30,$607.34,$20.24,30,$-,$-,$-,$-,$607.34,$97.17,$704.51
F-6DAF3E939B,AUTORIZADO,FEB-MAY_23,FASE INICIAL,3,Computadora de Escritorio Estandar,SA_BC,BAJA CALIFORNIA,TIJUANA,28/04/2023,,,,30,$607.34,$20.24,30,$-,$-,$-,$-,$607.34,$97.17,$704.51
F-45D7499143,AUTORIZADO,FEB-MAY_23,FASE INICIAL,1,Computadora de Escritorio Estandar,CGSP,CIUDAD DE MEXICO,CUAUHTEMOC,18/04/2023,,,,30,$607.34,$20.24,30,$-,$-,$-,$-,$607.34,$97.17,$704.51
F-33482AA6FE,AUTORIZADO,SEP_COMP_24,BAJO DEMANDA,1,Monitor 24 pulgadas,SA_EDOMEX,MEXICO,ECATEPEC DE MORELOS,16/01/2024,,,,30,$91.12,$3.04,30,$-,$-,$-,$-,$91.12,$14.58,$105.70
F-63DB27B29E,PAUSADO (MAYO 2026),FEB-MAY_23,FASE INICIAL,1,Computadora de Escritorio Estandar,FECOC,CIUDAD DE MEXICO,CUAUHTEMOC,31/03/2023,,3,,30,$607.34,$20.24,0,-,-,-,,$-,$-,$-
F-17A8BDD93B,DEVOLUCION (FRACCION DE SALIDA),FEB-MAY_23,FASE INICIAL,1,Computadora de Escritorio Estandar,FEMDH,CIUDAD DE MEXICO,CUAUHTEMOC,27/03/2023,,,,30,$607.34,$20.24,17,$-,$-,$-,$-,$344.16,$55.07,$399.22
F-082EBD8A1D,AUTORIZADO,JULIO_25,BAJO DEMANDA,1,Monitor 24 pulgadas,FEMDH,CIUDAD DE MEXICO,CUAUHTEMOC,12/06/2025,,,,30,$91.12,$3.04,30,$-,$-,$-,$-,$91.12,$14.58,$105.70
F-8DCB62C2BE,AUTORIZADO,SEP_COMP_24,BAJO DEMANDA,3,Monitor 24 pulgadas,SA_COAH,COAHUILA,ACUÑA,30/01/2024,,,,30,$91.12,$3.04,30,$-,$-,$-,$-,$91.12,$14.58,$105.70
F-3754E9E896,AUTORIZADO,SEP_COMP_24,BAJO DEMANDA,1,Monitor 24 pulgadas,CDMX,CIUDAD DE MEXICO,CUAUHTEMOC,19/01/2024,,,,30,$91.12,$3.04,30,$-,$-,$-,$-,$91.12,$14.58,$105.70
F-53506FDA68,AUTORIZADO,FEB-MAY_23,FASE INICIAL,3,Computadora de Escritorio Estandar,SA_SON,SONORA,ALTAR,31/05/2023,,,,30,$607.34,$20.24,30,$-,$-,$-,$-,$607.34,$97.17,$704.51
F-0407E46FC0,AUTORIZADO,FEB-MAY_23,FASE INICIAL,1,Computadora de Escritorio Estandar,CECC,CIUDAD DE MEXICO,CUAUHTÉMOC,28/04/2023,,,,30,$607.34,$20.24,30,$-,$-,$-,$-,$607.34,$97.17,$704.51
F-FEBB516866,AUTORIZADO,FEBRERO_25,,1,Computadora de Escritorio Diseñador,FEMDH,CIUDAD DE MEXICO,CUAUHTEMOC,09/12/2024,,,,30,"$1,143.90",$38.13,30,$-,$-,$-,$-,"$1,143.90",$183.02,"$1,326.92"
F-3A450397E5,DEVOLUCION (FRACCION DE SALIDA),FEB-MAY_23,FASE INICIAL,1,Computadora de Escritorio Estandar,FEMDH,CIUDAD DE MEXICO,CUAUHTEMOC,16/03/2023,,,,30,$607.34,$20.24,4,$-,$-,$-,$-,$80.98,$12.96,$93.94
F-5091C641DE,AUTORIZADO,FEBRERO_25,,1,Monitor 24 pulgadas,FEMDH,CIUDAD DE MEXICO,CUAUHTEMOC,10/12/2024,,,,30,$91.12,$3.04,30,$-,$-,$-,$-,$91.12,$14.58,$105.70
F-3418050E24,AUTORIZADO,NOV_24,,1,Teclado y raton inalambricos,SA_COAH,COAHUILA,TORREON,11/04/2024,,,,30,$29.68,$0.99,30,$-,$-,$-,$-,$29.68,$4.75,$34.43
F-5182150F06,AUTORIZADO (RESG ACT PENDIENTE X PROVEEDOR),ENERO_25,,1,Teclado y raton inalambricos,FECOR,CIUDAD DE MEXICO,ALVARO OBREGON,22/01/2024,,,,30,$29.68,$0.99,30,$-,$-,$-,$-,$29.68,$4.75,$34.43
F-802CEF3D7D,AUTORIZADO,NOV_24,,1,Teclado y raton inalambricos,FEMDH,CIUDAD DE MEXICO,ALVARO OBREGON,14/02/2024,,,,30,$29.68,$0.99,30,$-,$-,$-,$-,$29.68,$4.75,$34.43
F-2924B78ECD,PAUSADO (MAYO 2026),,BAJO DEMANDA,1,Computadora Portatil Estandar,FECOR,CIUDAD DE MEXICO,CUAUHTEMOC,14/08/2023,,11,,30,$664.99,$22.17,0,-,-,-,,$-,$-,$-
F-3A20545C95,AUTORIZADO,SEP_COMP_24,BAJO DEMANDA,1,Teclado y raton inalambricos,SA_PUE,PUEBLA,PUEBLA,29/12/2023,,,,30,$29.68,$0.99,30,$-,$-,$-,$-,$29.68,$4.75,$34.43
F-A1BA2F9927,AUTORIZADO,FEB-MAY_23,FASE INICIAL,2,Computadora de Escritorio Estandar,SA_GTO,GUANAJUATO,CELAYA,24/04/2023,,,,30,$607.34,$20.24,30,$-,$-,$-,$-,$607.34,$97.17,$704.51
F-CB6D7CB486,PAUSADO (MAYO 2026),JUNIO_25,BAJO DEMANDA,1,Computadora Portatil Estandar,INACIPE,CIUDAD DE MEXICO,TLALPAN,02/05/2025,,12,,30,$664.99,$22.17,0,-,-,-,,$-,$-,$-
F-935CC4FB0A,AUTORIZADO,FEB-MAY_23,FASE INICIAL,1,Computadora Portatil Estandar,CGSP,TAMAULIPAS,MATAMOROS,05/05/2023,,,,30,$664.99,$22.17,30,$-,$-,$-,$-,$664.99,$106.40,$771.39
F-2E0C222456,AUTORIZADO (PAGO REACTIVADO)_marzo,FEB-MAY_23,FASE INICIAL,1,Computadora Portatil Estandar,UISPPA,CIUDAD DE MEXICO,CUAUHTÉMOC,22/03/2023,,4,$85.81,30,$664.99,$22.17,0,$85.81,$664.99,$664.99,$664.99,"$2,080.78",$332.92,"$2,413.70"
F-BB3A8CAA07,PAUSADO (JUNIO 2026),,BAJO DEMANDA,1,Computadora de Escritorio Estandar,FEMDH,CIUDAD DE MEXICO,CUAUHTEMOC,03/08/2023,15,15,,30,$607.34,$20.24,15,$-,$-,$-,$-,$303.67,$48.59,$352.26
F-2AD68CB64E,PAUSADO (JUNIO 2026),,BAJO DEMANDA,1,Computadora Portatil Estandar,FECOR,CIUDAD DE MEXICO,CUAUHTEMOC,16/08/2023,16,14,,30,$664.99,$22.17,16,$-,$-,$-,$-,$354.66,$56.75,$411.41
F-B70F74F4F8,AUTORIZADO,FEB-MAY_23,FASE INICIAL,1,Computadora de Escritorio Estandar,SA_BCS,BAJA CALIFORNIA SUR,LA PAZ,24/04/2023,,,,30,$607.34,$20.24,30,$-,$-,$-,$-,$607.34,$97.17,$704.51
F-D29354E6BB,DEVOLUCION (FRACCION DE SALIDA),FEB-MAY_23,FASE INICIAL,1,Computadora de Escritorio Estandar,DGSI,CIUDAD DE MEXICO,MIGUEL HIDALGO,30/03/2023,,,,30,$607.34,$20.24,30,$-,$-,$-,$-,$607.34,$97.17,$704.51
F-702E48DC68,AUTORIZADO,ENERO_25,,1,Teclado y raton inalambricos,CDMX,CIUDAD DE MEXICO,CUAUHTEMOC,31/12/2023,,,,30,$29.68,$0.99,30,$-,$-,$-,$-,$29.68,$4.75,$34.43
F-D655EDED5E,AUTORIZADO,FEB-MAY_23,FASE INICIAL,1,Computadora de Escritorio Estandar,FECOC,CIUDAD DE MEXICO,CUAUHTÉMOC,24/03/2023,,,,30,$607.34,$20.24,30,$-,$-,$-,$-,$607.34,$97.17,$704.51
F-985C4CC31F,AUTORIZADO (PAGO REACTIVADO)_abril,JULIO_25,BAJO DEMANDA,1,Computadora de Escritorio Estandar,FEMDH,CIUDAD DE MEXICO,CUAUHTEMOC,26/06/2025,,21,$425.14,30,$607.34,$20.24,0,-,$425.14,$607.34,$607.34,"$1,639.82",$262.37,"$1,902.19"
F-A6A1D3CE54,AUTORIZADO,ENERO_25,,1,Computadora de Escritorio Estandar,PFM,CIUDAD DE MEXICO,MIGUEL HIDALGO,28/11/2024,,,,30,$607.34,$20.24,30,$-,$-,$-,$-,$607.34,$97.17,$704.51
F-428707FF59,AUTORIZADO,ENERO_25,,1,Computadora Portatil Estandar,CDMX,CIUDAD DE MEXICO,VENUSTIANO CARRANZA,10/06/2024,,,,30,$664.99,$22.17,30,$-,$-,$-,$-,$664.99,$106.40,$771.39
F-CCC1CAFDFD,DEVOLUCION (FRACCION DE SALIDA),NOV_24,,1,Monitor 24 pulgadas,CA_FEMDH,CIUDAD DE MEXICO,CUAUHTEMOC,13/03/2024,,,,30,$91.12,$3.04,4,$-,$-,$-,$-,$12.15,$1.94,$14.09
F-8D8C70803F,AUTORIZADO (PAGO REACTIVADO)_abril,FEB-MAY_23,FASE INICIAL,1,Computadora de Escritorio Estandar,FEMDH,CIUDAD DE MEXICO,CUAUHTEMOC,24/03/2023,,2,$40.49,30,$607.34,$20.24,0,-,$40.49,$607.34,$607.34,"$1,255.17",$200.83,"$1,456.00"
F-18B065103C,AUTORIZADO,FEB-MAY_23,FASE INICIAL,2,Computadora Portatil Estandar,SA_GRO,GUERRERO,IGUALA DE LA INDEPENDENCIA,17/05/2023,,,,30,$664.99,$22.17,30,$-,$-,$-,$-,$664.99,$106.40,$771.39
F-0033C0193A,AUTORIZADO,FEB-MAY_23,FASE INICIAL,3,Computadora de Escritorio Estandar,SA_BC,BAJA CALIFORNIA,TIJUANA,27/04/2023,,,,30,$607.34,$20.24,30,$-,$-,$-,$-,$607.34,$97.17,$704.51
F-9CFEFF226A,DEVOLUCION (FRACCION DE SALIDA),JULIO_25,BAJO DEMANDA,1,Computadora Portatil Estandar,FECOR,CIUDAD DE MEXICO,ALVARO OBREGON,20/05/2024,,,,30,$664.99,$22.17,4,$-,$-,$-,$-,$88.67,$14.19,$102.85
F-D824052A35,DEVOLUCION (FRACCION DE SALIDA),FEB-MAY_23,FASE INICIAL,1,Computadora de Escritorio Estandar,SA_GRO,GUERRERO,CHILPANCINGO DE LOS BRAVO,28/04/2023,,,,30,$607.34,$20.24,4,$-,$-,$-,$-,$80.98,$12.96,$93.94
F-689B74E467,AUTORIZADO,FEB-MAY_23,FASE INICIAL,1,Computadora Portatil Estandar,OIC,CIUDAD DE MEXICO,ÁLVARO OBREGÓN,08/03/2023,,,,30,$664.99,$22.17,30,$-,$-,$-,$-,$664.99,$106.40,$771.39
F-BEC9AB0814,AUTORIZADO,FEB-MAY_23,FASE INICIAL,1,Computadora Portatil Estandar,PFM,CIUDAD DE MEXICO,MIGUEL HIDALGO,13/04/2023,,,,30,$664.99,$22.17,30,$-,$-,$-,$-,$664.99,$106.40,$771.39
F-5EC6E7B873,AUTORIZADO,SEP_COMP_24,BAJO DEMANDA,1,Monitor 24 pulgadas,SA_NAY,NAYARIT,TEPIC,29/01/2024,,,,30,$91.12,$3.04,30,$-,$-,$-,$-,$91.12,$14.58,$105.70
F-35D38D9032,DEVOLUCION (FRACCION DE SALIDA),FEB-MAY_23,FASE INICIAL,1,Computadora Portatil Estandar,FEMDH,CIUDAD DE MEXICO,CUAUHTEMOC,28/03/2023,,,,30,$664.99,$22.17,4,$-,$-,$-,$-,$88.67,$14.19,$102.85
F-F27192C1A0,AUTORIZADO,FEB-MAY_23,FASE INICIAL,1,Computadora Portatil Estandar,SA_GTO,GUANAJUATO,LEON,19/05/2023,,,,30,$664.99,$22.17,30,$-,$-,$-,$-,$664.99,$106.40,$771.39
F-804892FE9B,AUTORIZADO,FEB-MAY_23,FASE INICIAL,1,Computadora de Escritorio Estandar,SA_CHIS,CHIAPAS,TUXTLA GUTIERREZ,11/05/2023,,,,30,$607.34,$20.24,30,$-,$-,$-,$-,$607.34,$97.17,$704.51
F-5F8694A452,AUTORIZADO,NOV_24,,1,Teclado y raton inalambricos,UEITICS,CIUDAD DE MEXICO,CUAUHTEMOC,22/07/2024,,,,30,$29.68,$0.99,30,$-,$-,$-,$-,$29.68,$4.75,$34.43
F-7AB746469F,AUTORIZADO,SEP_COMP_24,BAJO DEMANDA,2,Computadora Portatil Estandar,SA_CHIH,CHIHUAHUA,JUAREZ,06/12/2023,,,,30,$664.99,$22.17,30,$-,$-,$-,$-,$664.99,$106.40,$771.39
F-7EE72E3D79,AUTORIZADO,ENERO_25,,1,Monitor 24 pulgadas,CDMX,CIUDAD DE MEXICO,CUAUHTEMOC,23/10/2024,,,,30,$91.12,$3.04,30,$-,$-,$-,$-,$91.12,$14.58,$105.70
F-43EF94903C,AUTORIZADO,,BAJO DEMANDA,1,Computadora Portatil Estandar,SA_SON,SONORA,HERMOSILLO,23/08/2023,,,,30,$664.99,$22.17,30,$-,$-,$-,$-,$664.99,$106.40,$771.39
F-62E46C2799,PAUSADO (MAYO 2026),AGOSTO_25,BAJO DEMANDA,1,Computadora Portatil Estandar,FECOR,CIUDAD DE MEXICO,ALVARO OBREGON,20/05/2025,,9,,30,$664.99,$22.17,0,-,-,-,,$-,$-,$-
F-C57BC689CF,DEVOLUCION (FRACCION DE SALIDA),FEB-MAY_23,FASE INICIAL,1,Computadora de Escritorio Estandar,CAOF,CIUDAD DE MEXICO,CUAUHTEMOC,22/03/2023,,,,30,$607.34,$20.24,15,$-,$-,$-,$-,$303.67,$48.59,$352.26
F-4897FFECA2,PAUSADO (JUNIO 2026),SEP_COMP_24,BAJO DEMANDA,1,Monitor 24 pulgadas,FEMDH,CIUDAD DE MEXICO,CUAUHTEMOC,19/12/2023,29,1,,30,$91.12,$3.04,29,$-,$-,$-,$-,$88.08,$14.09,$102.18
F-FC556F0294,AUTORIZADO,ENERO_25,,1,Monitor 24 pulgadas,FECOR,CIUDAD DE MEXICO,ALVARO OBREGON,22/01/2024,,,,30,$91.12,$3.04,30,$-,$-,$-,$-,$91.12,$14.58,$105.70
F-9514457ABC,AUTORIZADO,FEB-MAY_23,FASE INICIAL,1,Computadora de Escritorio Estandar,DGCRAM,CIUDAD DE MEXICO,MIGUEL HIDALGO,13/03/2023,,,,30,$607.34,$20.24,30,$-,$-,$-,$-,$607.34,$97.17,$704.51
F-C5AD16EBA4,AUTORIZADO,FEB-MAY_23,FASE INICIAL,2,Computadora Portatil Estandar,SA_VER,VERACRUZ,CORDOBA,08/05/2023,,,,30,$664.99,$22.17,30,$-,$-,$-,$-,$664.99,$106.40,$771.39
F-7EB3E2E0C3,PAUSADO (MAYO 2026),,BAJO DEMANDA,1,Computadora Portatil Estandar,FECOR,CIUDAD DE MEXICO,CUAUHTEMOC,15/08/2023,,11,,30,$664.99,$22.17,0,-,-,-,,$-,$-,$-
F-3993DF40C7,AUTORIZADO,SEP_COMP_24,BAJO DEMANDA,2,Teclado y raton inalambricos,SA_MICH,MICHOACAN,ZAMORA,29/01/2024,,,,30,$29.68,$0.99,30,$-,$-,$-,$-,$29.68,$4.75,$34.43
F-D79372D9EA,AUTORIZADO,SEP_COMP_24,BAJO DEMANDA,1,Monitor 24 pulgadas,SA_PUE,PUEBLA,PUEBLA,12/04/2024,,,,30,$91.12,$3.04,30,$-,$-,$-,$-,$91.12,$14.58,$105.70
F-0CF00D24D9,AUTORIZADO,FEB-MAY_23,FASE INICIAL,1,Computadora de Escritorio Estandar,SJAI,CIUDAD DE MEXICO,CUAUHTÉMOC,17/03/2023,,,,30,$607.34,$20.24,30,$-,$-,$-,$-,$607.34,$97.17,$704.51
F-E93C83AA7E,AUTORIZADO,SEP_COMP_24,BAJO DEMANDA,1,Teclado y raton inalambricos,SA_EDOMEX,MEXICO,ECATEPEC DE MORELOS,16/01/2024,,,,30,$29.68,$0.99,30,$-,$-,$-,$-,$29.68,$4.75,$34.43
F-0E2051A72A,AUTORIZADO,FEB-MAY_23,FASE INICIAL,1,Computadora de Escritorio Estandar,SA_JAL,JALISCO,GUADALAJARA,27/04/2023,,,,30,$607.34,$20.24,30,$-,$-,$-,$-,$607.34,$97.17,$704.51
F-E7C72ABC51,PAUSADO (JUNIO 2026),SEP_COMP_24,BAJO DEMANDA,1,Teclado y raton inalambricos,CGSP,SONORA,HERMOSILLO,19/02/2024,20,10,,30,$29.68,$0.99,20,$-,$-,$-,$-,$19.79,$3.17,$22.95
F-1D6C036E5D,AUTORIZADO,SEP_COMP_24,BAJO DEMANDA,1,Computadora Portatil Estandar,FISEL,CIUDAD DE MEXICO,ALVARO OBREGON,25/03/2024,,,,30,$664.99,$22.17,30,$-,$-,$-,$-,$664.99,$106.40,$771.39
F-B9A3B071FC,DEVOLUCION (FRACCION DE SALIDA),FEB-MAY_23,FASE INICIAL,1,Computadora de Escritorio Estandar,FEMDH,CIUDAD DE MEXICO,CUAUHTEMOC,28/03/2023,,,,30,$607.34,$20.24,17,$-,$-,$-,$-,$344.16,$55.07,$399.22
F-EAE945A88B,AUTORIZADO,FEB-MAY_23,FASE INICIAL,1,Computadora Portatil Estandar,SA_QRO,QUERETARO,SAN JUAN DEL RIO,02/05/2023,,,,30,$664.99,$22.17,30,$-,$-,$-,$-,$664.99,$106.40,$771.39
F-1A47B69213,AUTORIZADO,SEP_COMP_24,BAJO DEMANDA,1,Teclado y raton inalambricos,SA_NL,NUEVO LEON,GENERAL ESCOBEDO,09/07/2024,,,,30,$29.68,$0.99,30,$-,$-,$-,$-,$29.68,$4.75,$34.43
F-5B44B7B72D,PAUSADO (JUNIO 2026),FEB-MAY_23,FASE INICIAL,1,Computadora de Escritorio Estandar,SA_YUC,YUCATAN,MERIDA,18/04/2023,25,5,,30,$607.34,$20.24,25,$-,$-,$-,$-,$506.12,$80.98,$587.10
F-B0F83391F5,AUTORIZADO,FEB-MAY_23,FASE INICIAL,1,Computadora de Escritorio Estandar,PFM,CIUDAD DE MEXICO,MIGUEL HIDALGO,24/03/2023,,,,30,$607.34,$20.24,30,$-,$-,$-,$-,$607.34,$97.17,$704.51
F-137A5B2A00,DEVOLUCION (FRACCION DE SALIDA),FEB-MAY_23,FASE INICIAL,1,Computadora de Escritorio Estandar,FEMDH,CIUDAD DE MEXICO,CUAUHTEMOC,16/03/2023,,,,30,$607.34,$20.24,4,$-,$-,$-,$-,$80.98,$12.96,$93.94
F-CB1B7EE9FE,AUTORIZADO,SEP_COMP_24,BAJO DEMANDA,3,Teclado y raton inalambricos,SA_SON,SONORA,SAN LUIS RIO COLORADO,08/02/2024,,,,30,$29.68,$0.99,30,$-,$-,$-,$-,$29.68,$4.75,$34.43
F-AE5EDF9A43,DEVOLUCION (FRACCION DE SALIDA),SEP_COMP_24,BAJO DEMANDA,1,Monitor 24 pulgadas,CA_FEMDH,CIUDAD DE MEXICO,CUAUHTEMOC,13/03/2024,,,,30,$91.12,$3.04,4,$-,$-,$-,$-,$12.15,$1.94,$14.09
F-2028A5F44E,AUTORIZADO,FEB-MAY_23,FASE INICIAL,1,Computadora Portatil Estandar,FEMDH,CIUDAD DE MEXICO,CUAUHTEMOC,24/03/2023,,,,30,$664.99,$22.17,30,$-,$-,$-,$-,$664.99,$106.40,$771.39
F-0FB8634F3C,AUTORIZADO (RESG ACT PENDIENTE X PROVEEDOR),ENERO_25,,1,Memoria RAM Escritorio (32 GB),UCS,CIUDAD DE MEXICO,CUAUHTEMOC,26/11/2024,,,,30,$48.85,$1.63,30,$-,$-,$-,$-,$48.85,$7.82,$56.67
F-44D4E09A11,AUTORIZADO,SEP_COMP_24,BAJO DEMANDA,1,Monitor 24 pulgadas,FEAIN,CIUDAD DE MEXICO,ALVARO OBREGON,09/05/2024,,,,30,$91.12,$3.04,30,$-,$-,$-,$-,$91.12,$14.58,$105.70
F-81EEAC2321,AUTORIZADO,SEP_COMP_24,BAJO DEMANDA,1,Monitor 24 pulgadas,SA_EDOMEX,MEXICO,TOLUCA,13/02/2024,,,,30,$91.12,$3.04,30,$-,$-,$-,$-,$91.12,$14.58,$105.70
F-11BA9F33B5,AUTORIZADO,FEB-MAY_23,FASE INICIAL,1,Computadora de Escritorio Estandar,SA_TLAX,TLAXCALA,TLAXCALA,31/03/2023,,,,30,$607.34,$20.24,30,$-,$-,$-,$-,$607.34,$97.17,$704.51
F-BDBBA21716,DEVOLUCION (FRACCION DE SALIDA)_se reactiva PAUSADO (MAYO 2026),FEB-MAY_23,FASE INICIAL,1,Computadora de Escritorio Estandar,FEMDO,CIUDAD DE MEXICO,CUAUHTEMOC,27/04/2023,,9,$176.32,30,$607.34,$20.24,-,-,-,$176.32,$303.67,$479.99,$76.80,$556.79
F-12262FC15F,AUTORIZADO,SEP_COMP_24,BAJO DEMANDA,1,Monitor 24 pulgadas,SA_TAMPS,TAMAULIPAS,REYNOSA,07/12/2023,,,,30,$91.12,$3.04,30,$-,$-,$-,$-,$91.12,$14.58,$105.70
F-F796789BAF,DEVOLUCION (FRACCION DE SALIDA),SEP_COMP_24,BAJO DEMANDA,1,Teclado y raton inalambricos,FEMDH,CIUDAD DE MEXICO,CUAUHTEMOC,19/12/2023,,,,30,$29.68,$0.99,4,$-,$-,$-,$-,$3.96,$0.63,$4.59
F-75A3FBB81E,AUTORIZADO,,"""776""_INICIAL",1,Computadora de Escritorio Estandar,CENAPI,CIUDAD DE MEXICO,COYOACAN,07/06/2023,,,,30,$607.34,$20.24,30,$-,$-,$-,$-,$607.34,$97.17,$704.51
F-4B0A868442,AUTORIZADO,FEB-MAY_23,FASE INICIAL,1,Computadora de Escritorio Estandar,SA_EDOMEX,ESTADO DE MEXICO,TLALNEPANTLA DE BAZ,27/04/2023,,,,30,$607.34,$20.24,30,$-,$-,$-,$-,$607.34,$97.17,$704.51
F-00AF793D67,AUTORIZADO,FEB-MAY_23,FASE INICIAL,1,Computadora de Escritorio Estandar,DGRHO,CIUDAD DE MEXICO,CUAUHTÉMOC,15/03/2023,,,,30,$607.34,$20.24,30,$-,$-,$-,$-,$607.34,$97.17,$704.51
F-D5293AA691,PAUSADO (MAYO 2026),FEB-MAY_23,FASE INICIAL,1,Computadora Portatil Estandar,FECOC,CIUDAD DE MEXICO,CUAUHTEMOC,17/03/2023,,3,,30,$664.99,$22.17,0,-,-,-,,$-,$-,$-
F-5628670B94,AUTORIZADO,SEP_COMP_24,BAJO DEMANDA,1,Monitor 24 pulgadas,SA_QRO,QUERETARO,QUERETARO,12/12/2023,,,,30,$91.12,$3.04,30,$-,$-,$-,$-,$91.12,$14.58,$105.70
F-23DA722C38,PAUSADO (MAYO 2026),SEP_COMP_24,BAJO DEMANDA,1,Monitor 24 pulgadas,CA_FEMDH,CIUDAD DE MEXICO,GUSTAVO A. MADERO,13/03/2024,,9,,30,$91.12,$3.04,0,-,-,-,,$-,$-,$-
F-67C2BD548B,PAUSADO (MAYO 2026),FEB-MAY_23,FASE INICIAL,1,Computadora Portatil Estandar,FEMDH,CIUDAD DE MEXICO,CUAUHTEMOC,31/03/2023,,8,,30,$664.99,$22.17,0,-,-,-,,$-,$-,$-
F-51EAE51761,AUTORIZADO,,"""776""_INICIAL",1,Computadora de Escritorio Estandar,CFSPC,CIUDAD DE MEXICO,CUAUHTEMOC,18/07/2023,,,,30,$607.34,$20.24,30,$-,$-,$-,$-,$607.34,$97.17,$704.51
F-9F9C457DD6,PAUSADO (MAYO 2026),ENERO_25,,1,Monitor 24 pulgadas,FECOR,CIUDAD DE MEXICO,ALVARO OBREGON,22/01/2024,,11,,30,$91.12,$3.04,0,-,-,-,,$-,$-,$-
F-116D4D3501,PAUSADO (MAYO 2026),FEB-MAY_23,FASE INICIAL,1,Computadora de Escritorio Estandar,FEMDH,CIUDAD DE MEXICO,CUAUHTEMOC,27/03/2023,,9,,30,$607.34,$20.24,0,-,-,-,,$-,$-,$-
F-9E44755212,PAUSADO (JUNIO 2026),NOV_24,,1,Monitor 24 pulgadas,CA_FEMDH,CIUDAD DE MEXICO,CUAUHTEMOC,22/03/2024,16,14,,30,$91.12,$3.04,16,$-,$-,$-,$-,$48.60,$7.78,$56.37
F-D018F5BE34,PAUSADO (MAYO 2026),ENERO_25,,1,Teclado y raton inalambricos,FECOR,CIUDAD DE MEXICO,ALVARO OBREGON,22/01/2024,,11,,30,$29.68,$0.99,0,-,-,-,,$-,$-,$-
F-49386D76D1,AUTORIZADO,SEP_COMP_24,BAJO DEMANDA,1,Monitor 24 pulgadas,SA_QRO,QUERETARO,QUERETARO,12/12/2023,,,,30,$91.12,$3.04,30,$-,$-,$-,$-,$91.12,$14.58,$105.70
F-1FF4643E4B,AUTORIZADO,FEB-MAY_23,FASE INICIAL,1,Computadora Portatil Estandar,SA_CDMX,CIUDAD DE MEXICO,MIGUEL HIDALGO,31/03/2023,,,,30,$664.99,$22.17,30,$-,$-,$-,$-,$664.99,$106.40,$771.39
F-726948FF4A,AUTORIZADO,NOV_24,,1,Computadora de Escritorio Estandar,FESC,CIUDAD DE MEXICO,ALVARO OBREGON,05/02/2024,,,,30,$607.34,$20.24,30,$-,$-,$-,$-,$607.34,$97.17,$704.51
F-9014ED7F79,AUTORIZADO,ENERO_25,,1,Monitor 24 pulgadas,CDMX,CIUDAD DE MEXICO,CUAUHTEMOC,03/06/2024,,,,30,$91.12,$3.04,30,$-,$-,$-,$-,$91.12,$14.58,$105.70
F-2CED12C248,AUTORIZADO,FEB-MAY_23,FASE INICIAL,1,Computadora de Escritorio Estandar,SA_TAMPS,TAMAULIPAS,REYNOSA,11/05/2023,,,,30,$607.34,$20.24,30,$-,$-,$-,$-,$607.34,$97.17,$704.51
F-0265E99021,AUTORIZADO,FEB-MAY_23,FASE INICIAL,1,Computadora de Escritorio Estandar,SA_NAY,NAYARIT,TEPIC,13/04/2023,,,,30,$607.34,$20.24,30,$-,$-,$-,$-,$607.34,$97.17,$704.51
F-F44B56CE51,AUTORIZADO,OCT_24,,1,Computadora de Escritorio Estandar,SA_MOR,MORELOS,CUERNAVACA,26/08/2024,,,,30,$607.34,$20.24,30,$-,$-,$-,$-,$607.34,$97.17,$704.51
F-AD5C7A1AA7,AUTORIZADO,FEBRERO_25,,1,Teclado y raton inalambricos,FEMDH,CIUDAD DE MEXICO,CUAUHTEMOC,10/12/2024,,,,30,$29.68,$0.99,30,$-,$-,$-,$-,$29.68,$4.75,$34.43
F-64CFED24E4,AUTORIZADO,ENERO_25,,1,Computadora Portatil Estandar,CFPF,CIUDAD DE MEXICO,CUAUHTEMOC,22/11/2024,,,,30,$664.99,$22.17,30,$-,$-,$-,$-,$664.99,$106.40,$771.39
F-CB26FA720A,AUTORIZADO,FEB-MAY_23,FASE INICIAL,1,Computadora de Escritorio Estandar,SA_EDOMEX,ESTADO DE MEXICO,TOLUCA,27/03/2023,,,,30,$607.34,$20.24,30,$-,$-,$-,$-,$607.34,$97.17,$704.51
F-3ACDA85D6C,PAUSADO (MAYO 2026),ENERO_25,,1,Teclado y raton inalambricos,FECOR,CIUDAD DE MEXICO,ALVARO OBREGON,22/01/2024,,11,,30,$29.68,$0.99,0,-,-,-,,$-,$-,$-
F-C31CB09B12,AUTORIZADO,ENERO_25,,1,Computadora Portatil Estandar,CDMX,CIUDAD DE MEXICO,IZTAPALAPA,24/10/2024,,,,30,$664.99,$22.17,30,$-,$-,$-,$-,$664.99,$106.40,$771.39
F-FF43C0435A,AUTORIZADO,FEB-MAY_23,FASE INICIAL,1,Computadora de Escritorio Estandar,CGSP,CIUDAD DE MEXICO,CUAUHTEMOC,17/04/2023,,,,30,$607.34,$20.24,30,$-,$-,$-,$-,$607.34,$97.17,$704.51
F-16467B0BC9,AUTORIZADO,ABRIL_25,BAJO DEMANDA,1,Teclado y raton inalambricos,INACIPE,CIUDAD DE MEXICO,TLALPAN,18/03/2025,,,,30,$29.68,$0.99,30,$-,$-,$-,$-,$29.68,$4.75,$34.43
F-FD58B1BA52,AUTORIZADO,FEB-MAY_23,FASE INICIAL,2,Computadora Portatil Estandar,SA_SIN,SINALOA,MAZATLAN,24/04/2023,,,,30,$664.99,$22.17,30,$-,$-,$-,$-,$664.99,$106.40,$771.39
F-4040AA1C87,AUTORIZADO,NOV_24,,1,Monitor 24 pulgadas,CA_FEMDH,CIUDAD DE MEXICO,CUAUHTEMOC,22/03/2024,,,,30,$91.12,$3.04,30,$-,$-,$-,$-,$91.12,$14.58,$105.70
F-F4463D87D2,AUTORIZADO,FEB-MAY_23,FASE INICIAL,1,Computadora de Escritorio Estandar,FECOR,CIUDAD DE MEXICO,CUAUHTÉMOC,15/03/2023,,,,30,$607.34,$20.24,30,$-,$-,$-,$-,$607.34,$97.17,$704.51
F-6A73DC138E,AUTORIZADO,FEB-MAY_23,FASE INICIAL,1,Computadora Portatil Estandar,CGSP,JALISCO,GUADALAJARA,18/04/2023,,,,30,$664.99,$22.17,30,$-,$-,$-,$-,$664.99,$106.40,$771.39
F-D8AC9F460D,AUTORIZADO,AGOSTO_25,BAJO DEMANDA,1,Monitor 24 pulgadas,CDMX,CIUDAD DE MEXICO,IZTAPALAPA,05/08/2025,,,,30,$91.12,$3.04,30,$-,$-,$-,$-,$91.12,$14.58,$105.70
F-FF8DD646E3,AUTORIZADO,OCT_24,,1,Monitor 24 pulgadas,SA_OAX,OAXACA,SAN BARTOLO COYOTEPEC,14/02/2024,,,,30,$91.12,$3.04,30,$-,$-,$-,$-,$91.12,$14.58,$105.70
F-E2011F5E97,AUTORIZADO,FEB-MAY_23,FASE INICIAL,1,Computadora Portatil Estandar,SA_TAB,TABASCO,CENTRO,31/05/2023,,,,30,$664.99,$22.17,30,$-,$-,$-,$-,$664.99,$106.40,$771.39
F-868B3B70BF,AUTORIZADO (RESG ACT PENDIENTE X PROVEEDOR),ENERO_25,,1,Memoria RAM Escritorio (32 GB),UCS,CIUDAD DE MEXICO,CUAUHTEMOC,26/11/2024,,,,30,$48.85,$1.63,30,$-,$-,$-,$-,$48.85,$7.82,$56.67
F-AFB8A70784,AUTORIZADO,FEB-MAY_23,FASE INICIAL,1,Computadora Portatil Estandar,FEMDH,CIUDAD DE MEXICO,CUAUHTEMOC,28/03/2023,,,,30,$664.99,$22.17,30,$-,$-,$-,$-,$664.99,$106.40,$771.39
F-3A0F281944,PAUSADO (ABRIL 2026),FEB-MAY_23,FASE INICIAL,1,Computadora Portatil Estandar,FEMDH,CIUDAD DE MEXICO,CUAUHTEMOC,23/03/2023,,21,,31,$664.99,$21.45,0,-,-,-,,$-,$-,$-
F-07AA5D8579,AUTORIZADO,NOV_24,,2,Computadora de Escritorio Estandar,PFM,SINALOA,GUASAVE,06/09/2024,,,,30,$607.34,$20.24,30,$-,$-,$-,$-,$607.34,$97.17,$704.51
F-3B2B75C861,AUTORIZADO,SEP_COMP_24,BAJO DEMANDA,1,Monitor 24 pulgadas,SA_OAX,OAXACA,SAN BARTOLO COYOTEPEC,14/02/2024,,,,30,$91.12,$3.04,30,$-,$-,$-,$-,$91.12,$14.58,$105.70
F-35BA881101,AUTORIZADO,FEB-MAY_23,FASE INICIAL,3,Computadora de Escritorio Estandar,SA_GRO,GUERRERO,PUNGARABATO,29/05/2023,,,,30,$607.34,$20.24,30,$-,$-,$-,$-,$607.34,$97.17,$704.51
F-EF13ED9FF6,AUTORIZADO,SEP_COMP_24,BAJO DEMANDA,1,Teclado y raton inalambricos,SA_TLAX,TLAXCALA,TLAXCALA,15/12/2023,,,,30,$29.68,$0.99,30,$-,$-,$-,$-,$29.68,$4.75,$34.43
F-DED7C473E6,AUTORIZADO,FEB-MAY_23,FASE INICIAL,1,Computadora de Escritorio Estandar,FEMDH,CIUDAD DE MEXICO,CUAUHTEMOC,24/04/2023,,,,30,$607.34,$20.24,30,$-,$-,$-,$-,$607.34,$97.17,$704.51
F-D417C8B46C,AUTORIZADO,ENERO_25,,1,Monitor 24 pulgadas,FECOR,CIUDAD DE MEXICO,ALVARO OBREGON,22/01/2024,,,,30,$91.12,$3.04,30,$-,$-,$-,$-,$91.12,$14.58,$105.70
F-27A1BDA3A4,PAUSADO (MAYO 2026),,BAJO DEMANDA,1,Computadora Portatil Estandar,FECOR,CIUDAD DE MEXICO,CUAUHTEMOC,31/08/2023,,11,,30,$664.99,$22.17,0,-,-,-,,$-,$-,$-
F-C71A7E2F9C,PAUSADO (MAYO 2026),SEP_COMP_24,BAJO DEMANDA,1,Monitor 24 pulgadas,FEMDH,CIUDAD DE MEXICO,CUAUHTEMOC,29/12/2023,,9,,30,$91.12,$3.04,0,-,-,-,,$-,$-,$-
F-79E1EC4332,AUTORIZADO,FEB-MAY_23,FASE INICIAL,1,Computadora Portatil Estandar,CGSP,TAMAULIPAS,REYNOSA,27/04/2023,,,,30,$664.99,$22.17,30,$-,$-,$-,$-,$664.99,$106.40,$771.39
F-0AAE8E5D0C,AUTORIZADO,FEB-MAY_23,FASE INICIAL,2,Computadora Portatil Estandar,SA_SIN,SINALOA,MAZATLAN,21/04/2023,,,,30,$664.99,$22.17,30,$-,$-,$-,$-,$664.99,$106.40,$771.39
F-69D6E7D11E,AUTORIZADO,SEP_COMP_24,BAJO DEMANDA,1,Monitor 24 pulgadas,SA_CHIS,CHIAPAS,TUXTLA GUTIERREZ,29/01/2024,,,,30,$91.12,$3.04,30,$-,$-,$-,$-,$91.12,$14.58,$105.70
F-8A5A1AB2A2,AUTORIZADO,SEP_COMP_24,BAJO DEMANDA,1,Monitor 24 pulgadas,SA_COAH,COAHUILA,TORREON,13/12/2023,,,,30,$91.12,$3.04,30,$-,$-,$-,$-,$91.12,$14.58,$105.70
F-189436A2E5,PAUSADO (JUNIO 2026),SEP_COMP_24,BAJO DEMANDA,1,Monitor 24 pulgadas,SA_SON,SONORA,HERMOSILLO,05/01/2024,20,10,,30,$91.12,$3.04,20,$-,$-,$-,$-,$60.75,$9.72,$70.47
F-F44615EB5E,AUTORIZADO,FEB-MAY_23,FASE INICIAL,1,Computadora Portatil Estandar,CGSP,NUEVO LEON,GENERAL ESCOBEDO,08/05/2023,,,,30,$664.99,$22.17,30,$-,$-,$-,$-,$664.99,$106.40,$771.39
F-E2FF6B8029,DEVOLUCION (FRACCION DE SALIDA),FEB-MAY_23,FASE INICIAL,1,Computadora de Escritorio Estandar,SA_GRO,GUERRERO,CHILPANCINGO DE LOS BRAVO,27/04/2023,,,,30,$607.34,$20.24,4,$-,$-,$-,$-,$80.98,$12.96,$93.94
F-D3FBB7809D,AUTORIZADO,SEP_COMP_24,BAJO DEMANDA,1,Computadora Portatil Estandar,FEMDH,CIUDAD DE MEXICO,CUAUHTEMOC,29/12/2023,,,,30,$664.99,$22.17,30,$-,$-,$-,$-,$664.99,$106.40,$771.39
F-0903112E1C,AUTORIZADO,JUNIO_25,BAJO DEMANDA,1,Computadora de Escritorio Estandar,PFM,CIUDAD DE MEXICO,CUAUHTEMOC,09/04/2025,,,,30,$607.34,$20.24,30,$-,$-,$-,$-,$607.34,$97.17,$704.51
F-46B6DC1237,AUTORIZADO (PAGO REACTIVADO)_abril,FEB-MAY_23,FASE INICIAL,1,Computadora de Escritorio Estandar,DGCS,CIUDAD DE MEXICO,CUAUHTÉMOC,21/03/2023,,7,$141.71,30,$607.34,$20.24,0,-,$141.71,$607.34,$607.34,"$1,356.39",$217.02,"$1,573.42"
F-1B75C7D643,AUTORIZADO,FEB-MAY_23,FASE INICIAL,2,Computadora de Escritorio Estandar,SA_GTO,GUANAJUATO,CELAYA,19/05/2023,,,,30,$607.34,$20.24,30,$-,$-,$-,$-,$607.34,$97.17,$704.51
F-E12B0C5884,AUTORIZADO,FEB-MAY_23,FASE INICIAL,1,Computadora de Escritorio Estandar,CENAPI,CIUDAD DE MEXICO,COYOACAN,08/05/2023,,,,30,$607.34,$20.24,30,$-,$-,$-,$-,$607.34,$97.17,$704.51
F-A20242E67C,AUTORIZADO,FEB-MAY_23,FASE INICIAL,1,Computadora de Escritorio Estandar,SJAI,CIUDAD DE MEXICO,CUAUHTEMOC,23/03/2023,,,,30,$607.34,$20.24,30,$-,$-,$-,$-,$607.34,$97.17,$704.51
F-C8F0C15675,AUTORIZADO,SEP_COMP_24,BAJO DEMANDA,3,Monitor 24 pulgadas,SA_COAH,COAHUILA,ACUÑA,30/01/2024,,,,30,$91.12,$3.04,30,$-,$-,$-,$-,$91.12,$14.58,$105.70
F-9830298F41,AUTORIZADO,FEB-MAY_23,FASE INICIAL,1,Computadora de Escritorio Estandar,FEMDH,CIUDAD DE MEXICO,CUAUHTÉMOC,23/03/2023,,,,30,$607.34,$20.24,30,$-,$-,$-,$-,$607.34,$97.17,$704.51
F-1A5F52E66B,AUTORIZADO,FEB-MAY_23,FASE INICIAL,1,Computadora de Escritorio Estandar,SA_YUC,YUCATAN,MERIDA,13/04/2023,,,,30,$607.34,$20.24,30,$-,$-,$-,$-,$607.34,$97.17,$704.51
F-32F05139A0,AUTORIZADO,FEB-MAY_23,FASE INICIAL,1,Computadora de Escritorio Estandar,FEMDO,CIUDAD DE MEXICO,CUAUHTEMOC,07/03/2023,,,,30,$607.34,$20.24,30,$-,$-,$-,$-,$607.34,$97.17,$704.51
F-A41F31D86A,AUTORIZADO,SEP_COMP_24,BAJO DEMANDA,3,Computadora Portatil Estandar,SA_OAX,OAXACA,SALINA CRUZ,20/09/2023,,,,30,$664.99,$22.17,30,$-,$-,$-,$-,$664.99,$106.40,$771.39
F-0AC9208DE6,DEVOLUCION (FRACCION DE SALIDA),SEP_COMP_24,BAJO DEMANDA,1,Computadora de Escritorio Estandar,FEMDH,CIUDAD DE MEXICO,CUAUHTEMOC,30/11/2023,,,,30,$607.34,$20.24,17,$-,$-,$-,$-,$344.16,$55.07,$399.22
F-3491895C30,AUTORIZADO,ENERO_25,,1,Teclado y raton inalambricos,FESC,CIUDAD DE MEXICO,ALVARO OBREGON,06/02/2024,,,,30,$29.68,$0.99,30,$-,$-,$-,$-,$29.68,$4.75,$34.43
F-6CB1669BF1,PAUSADO (JUNIO 2026),FEB-MAY_23,FASE INICIAL,1,Computadora de Escritorio Estandar,FEMDH,CIUDAD DE MEXICO,CUAUHTEMOC,24/04/2023,29,1,,30,$607.34,$20.24,29,$-,$-,$-,$-,$587.10,$93.94,$681.03
F-5D5E2BFEE2,AUTORIZADO,FEB-MAY_23,FASE INICIAL,1,Computadora de Escritorio Estandar,SA_AGS,AGUASCALIENTES,AGUASCALIENTES,27/04/2023,,,,30,$607.34,$20.24,30,$-,$-,$-,$-,$607.34,$97.17,$704.51
F-E2462388E7,AUTORIZADO,SEP_COMP_24,BAJO DEMANDA,1,Monitor 24 pulgadas,SA_MOR,MORELOS,CUERNAVACA,04/12/2023,,,,30,$91.12,$3.04,30,$-,$-,$-,$-,$91.12,$14.58,$105.70
F-A9FEF4F1D3,AUTORIZADO,FEB-MAY_23,FASE INICIAL,1,Computadora Portatil Estandar,SA_TAB,TABASCO,CENTRO,18/04/2023,,,,30,$664.99,$22.17,30,$-,$-,$-,$-,$664.99,$106.40,$771.39
F-9B403B20DC,PAUSADO (MAYO 2026),SEP_COMP_24,BAJO DEMANDA,1,Teclado y raton inalambricos,CA_FEMDH,CIUDAD DE MEXICO,MIGUEL HIDALGO,13/03/2024,,9,,30,$29.68,$0.99,0,-,-,-,,$-,$-,$-
F-95EE726997,AUTORIZADO,SEP_COMP_24,BAJO DEMANDA,1,Teclado y raton inalambricos,UESII,CIUDAD DE MEXICO,CUAUHTEMOC,27/05/2024,,,,30,$29.68,$0.99,30,$-,$-,$-,$-,$29.68,$4.75,$34.43
F-E336C93433,AUTORIZADO,FEB-MAY_23,FASE INICIAL,1,Computadora de Escritorio Estandar,FEAI,CIUDAD DE MEXICO,ALVARO OBREGON,12/04/2023,,,,30,$607.34,$20.24,30,$-,$-,$-,$-,$607.34,$97.17,$704.51
F-CB7EAA29DB,PAUSADO (MAYO 2026),SEP_COMP_24,BAJO DEMANDA,1,Monitor 24 pulgadas,CA_FEMDH,CIUDAD DE MEXICO,MIGUEL HIDALGO,13/03/2024,,9,,30,$91.12,$3.04,0,-,-,-,,$-,$-,$-
F-2680D05A54,AUTORIZADO,FEB-MAY_23,FASE INICIAL,1,Computadora de Escritorio Estandar,DGSA,CIUDAD DE MEXICO,VENUSTIANO CARRANZA,23/02/2023,,,,30,$607.34,$20.24,30,$-,$-,$-,$-,$607.34,$97.17,$704.51
F-AA0501B963,PAUSADO (MAYO 2026),ENERO_25,,1,Monitor 24 pulgadas,FECOR,CIUDAD DE MEXICO,ALVARO OBREGON,22/01/2024,,11,,30,$91.12,$3.04,0,-,-,-,,$-,$-,$-
F-3548F0AD0F,AUTORIZADO,NOVIEMBRE_25,BAJO DEMANDA,1,Computadora de Escritorio Estandar,UEITICS,CIUDAD DE MEXICO,ALVARO OBREGON,24/10/2025,,,,30,$607.34,$20.24,30,$-,$-,$-,$-,$607.34,$97.17,$704.51
F-2E4CC86143,AUTORIZADO,SEP_COMP_24,BAJO DEMANDA,1,Computadora Portatil Estandar,UESII,CIUDAD DE MEXICO,CUAUHTEMOC,16/05/2024,,,,30,$664.99,$22.17,30,$-,$-,$-,$-,$664.99,$106.40,$771.39
F-28E2BC94F7,AUTORIZADO,,"""776""_INICIAL",1,Computadora Portatil Estandar,CAOM,CIUDAD DE MEXICO,CUAUHTEMOC,06/06/2023,,,,30,$664.99,$22.17,30,$-,$-,$-,$-,$664.99,$106.40,$771.39
F-99A345229D,AUTORIZADO,NOV_24,,1,Teclado y raton inalambricos,FEMDH,CIUDAD DE MEXICO,CUAUHTEMOC,01/08/2024,,,,30,$29.68,$0.99,30,$-,$-,$-,$-,$29.68,$4.75,$34.43
F-E3B045E841,PAUSADO (MAYO 2026),JUNIO_25,BAJO DEMANDA,1,Computadora Portatil Estandar,INACIPE,CIUDAD DE MEXICO,TLALPAN,02/05/2025,,12,,30,$664.99,$22.17,0,-,-,-,,$-,$-,$-
F-DB8E7688B0,AUTORIZADO,FEB-MAY_23,FASE INICIAL,1,Computadora Portatil Estandar,FEAI,CIUDAD DE MEXICO,ALVARO OBREGON,24/04/2023,,,,30,$664.99,$22.17,30,$-,$-,$-,$-,$664.99,$106.40,$771.39
F-1DD78D00A7,AUTORIZADO,SEP_COMP_24,BAJO DEMANDA,2,Teclado y raton inalambricos,SA_BC,BAJA CALIFORNIA,MEXICALI,27/12/2023,,,,30,$29.68,$0.99,30,$-,$-,$-,$-,$29.68,$4.75,$34.43
F-89B4AF994C,PAUSADO (JUNIO 2026),FEB-MAY_23,FASE INICIAL,1,Computadora de Escritorio Estandar,SA_YUC,YUCATAN,MERIDA,24/04/2023,25,5,,30,$607.34,$20.24,25,$-,$-,$-,$-,$506.12,$80.98,$587.10
F-26B774DEEC,PAUSADO (MAYO 2026),,BAJO DEMANDA,1,Computadora Portatil Estandar,FECOR,CIUDAD DE MEXICO,CUAUHTEMOC,15/08/2023,,11,,30,$664.99,$22.17,0,-,-,-,,$-,$-,$-
F-38BC36F4B5,AUTORIZADO,SEP_COMP_24,BAJO DEMANDA,1,Computadora Portatil Estandar,CGSP,YUCATAN,MERIDA,13/12/2023,,,,30,$664.99,$22.17,30,$-,$-,$-,$-,$664.99,$106.40,$771.39
F-6ECC5C49E5,AUTORIZADO (RESG ACT PENDIENTE X PROVEEDOR),ENERO_25,,1,Teclado y raton inalambricos,FECOR,CIUDAD DE MEXICO,ALVARO OBREGON,22/01/2024,,,,30,$29.68,$0.99,30,$-,$-,$-,$-,$29.68,$4.75,$34.43
F-92312FF29B,AUTORIZADO,FEB-MAY_23,FASE INICIAL,1,Computadora de Escritorio Estandar,FECOR,CIUDAD DE MEXICO,CUAUHTEMOC,17/03/2023,,,,30,$607.34,$20.24,30,$-,$-,$-,$-,$607.34,$97.17,$704.51
F-B54C659D5D,PAUSADO (MAYO 2026),SEP_COMP_24,BAJO DEMANDA,1,Computadora Portatil Estandar,FECOR,CIUDAD DE MEXICO,CUAUHTEMOC,29/09/2023,,11,,30,$664.99,$22.17,0,-,-,-,,$-,$-,$-
F-045810D6FF,AUTORIZADO,FEB-MAY_23,FASE INICIAL,1,Computadora de Escritorio Estandar,SA_SIN,SINALOA,CULIACAN,20/04/2023,,,,30,$607.34,$20.24,30,$-,$-,$-,$-,$607.34,$97.17,$704.51
F-CBE509BFE7,DEVOLUCION (FRACCION DE SALIDA),FEB-MAY_23,FASE INICIAL,1,Computadora Portatil Estandar,FEMDH,CIUDAD DE MEXICO,CUAUHTEMOC,25/04/2023,,,,30,$664.99,$22.17,4,$-,$-,$-,$-,$88.67,$14.19,$102.85
F-949A4A0D52,PAUSADO (MAYO 2026),FEB-MAY_23,FASE INICIAL,1,Computadora de Escritorio Estandar,FEMDH,CIUDAD DE MEXICO,CUAUHTEMOC,24/03/2023,,9,,30,$607.34,$20.24,0,-,-,-,,$-,$-,$-
F-44C2A112ED,AUTORIZADO,FEB-MAY_23,FASE INICIAL,1,Computadora Portatil Estandar,SA_CDMX,CIUDAD DE MEXICO,IZTAPALAPA,08/05/2023,,,,30,$664.99,$22.17,30,$-,$-,$-,$-,$664.99,$106.40,$771.39
F-5F22F7DC84,AUTORIZADO,SEP_COMP_24,BAJO DEMANDA,1,Teclado y raton inalambricos,CGSP,MICHOACAN,MORELIA,07/12/2023,,,,30,$29.68,$0.99,30,$-,$-,$-,$-,$29.68,$4.75,$34.43
F-610D8173DA,AUTORIZADO,SEP_COMP_24,BAJO DEMANDA,1,Computadora Portatil Estandar,SA_VER,VERACRUZ,COATZACOALCOS,02/10/2023,,,,30,$664.99,$22.17,30,$-,$-,$-,$-,$664.99,$106.40,$771.39
F-9EF5D494D5,AUTORIZADO,SEP_COMP_24,BAJO DEMANDA,2,Monitor 24 pulgadas,SA_CHIH,CHIHUAHUA,JUAREZ,06/12/2023,,,,30,$91.12,$3.04,30,$-,$-,$-,$-,$91.12,$14.58,$105.70
F-2D7A4EC3F3,AUTORIZADO,FEB-MAY_23,FASE INICIAL,1,Computadora de Escritorio Estandar,DGTIC,CIUDAD DE MEXICO,CUAUHTEMOC,23/03/2023,,,,30,$607.34,$20.24,30,$-,$-,$-,$-,$607.34,$97.17,$704.51
F-A986AC8C3B,PAUSADO (MAYO 2026),ENERO_25,,1,Teclado y raton inalambricos,FECOR,CIUDAD DE MEXICO,ALVARO OBREGON,22/01/2024,,11,,30,$29.68,$0.99,0,-,-,-,,$-,$-,$-
F-78A178DB29,AUTORIZADO,SEP_COMP_24,BAJO DEMANDA,1,Computadora de Escritorio Estandar,SA_TAB,TABASCO,CENTRO,03/04/2024,,,,30,$607.34,$20.24,30,$-,$-,$-,$-,$607.34,$97.17,$704.51
F-7CD94E3EC8,PAUSADO (JUNIO 2026),FEB-MAY_23,FASE INICIAL,1,Computadora de Escritorio Estandar,FEMDH,CIUDAD DE MEXICO,CUAUHTEMOC,29/03/2023,15,15,,30,$607.34,$20.24,15,$-,$-,$-,$-,$303.67,$48.59,$352.26
F-09DE7888D2,DEVOLUCION (FRACCION DE SALIDA),FEB-MAY_23,FASE INICIAL,1,Computadora de Escritorio Estandar,FEMDH,CIUDAD DE MEXICO,CUAUHTEMOC,28/03/2023,,,,30,$607.34,$20.24,4,$-,$-,$-,$-,$80.98,$12.96,$93.94
F-EBAD145196,PAUSADO (MAYO 2026),,BAJO DEMANDA,1,Computadora Portatil Estandar,SA_EDOMEX,MEXICO,CHALCO,07/09/2023,,5,,30,$664.99,$22.17,0,-,-,-,,$-,$-,$-
F-D4CC4C75C4,AUTORIZADO,NOV_24,,1,Teclado y raton inalambricos,SA_EDOMEX,MEXICO,TEXCOCO DE MORA,31/01/2024,,,,30,$29.68,$0.99,30,$-,$-,$-,$-,$29.68,$4.75,$34.43
F-9677B57312,AUTORIZADO,,"""776""_INICIAL",1,Computadora de Escritorio Estandar,PFM,CIUDAD DE MEXICO,MIGUEL HIDALGO,30/06/2023,,,,30,$607.34,$20.24,30,$-,$-,$-,$-,$607.34,$97.17,$704.51
F-1980E832D3,AUTORIZADO,SEP_COMP_24,BAJO DEMANDA,2,Computadora Portatil Estandar,SA_CHIH,CHIHUAHUA,JUAREZ,06/12/2023,,,,30,$664.99,$22.17,30,$-,$-,$-,$-,$664.99,$106.40,$771.39
F-02F13BB22F,PAUSADO (JUNIO 2026),FEBRERO_25,,1,Monitor 24 pulgadas,FEMDH,CIUDAD DE MEXICO,CUAUHTEMOC,10/12/2024,15,15,,30,$91.12,$3.04,15,$-,$-,$-,$-,$45.56,$7.29,$52.85
F-75F2B1E81E,AUTORIZADO,FEB-MAY_23,FASE INICIAL,1,Computadora Portatil Estandar,OIC,CIUDAD DE MEXICO,ÁLVARO OBREGÓN,08/03/2023,,,,30,$664.99,$22.17,30,$-,$-,$-,$-,$664.99,$106.40,$771.39
F-5290D870F1,AUTORIZADO,,BAJO DEMANDA,1,Computadora Portatil Estandar,FECOR,CIUDAD DE MEXICO,CUAUHTEMOC,22/08/2023,,,,30,$664.99,$22.17,30,$-,$-,$-,$-,$664.99,$106.40,$771.39
F-EF24C00BA9,AUTORIZADO,FEB-MAY_23,FASE INICIAL,1,Computadora de Escritorio Estandar,PFM,CIUDAD DE MEXICO,MIGUEL HIDALGO,14/03/2023,,,,30,$607.34,$20.24,30,$-,$-,$-,$-,$607.34,$97.17,$704.51
F-92D7DECB9F,AUTORIZADO,FEB-MAY_23,FASE INICIAL,1,Computadora Portatil Estandar,DGCRAM,CIUDAD DE MEXICO,MIGUEL HIDALGO,29/03/2023,,,,30,$664.99,$22.17,30,$-,$-,$-,$-,$664.99,$106.40,$771.39
F-00F18BF5A2,AUTORIZADO,,BAJO DEMANDA,1,Computadora Portatil Estandar,SA_BC,BAJA CALIFORNIA,TIJUANA,14/09/2023,,,,30,$664.99,$22.17,30,$-,$-,$-,$-,$664.99,$106.40,$771.39
F-18CDCFED55,AUTORIZADO,ENERO_25,,1,Monitor 24 pulgadas,CDMX,CIUDAD DE MEXICO,XOCHIMILCO,01/12/2023,,,,30,$91.12,$3.04,30,$-,$-,$-,$-,$91.12,$14.58,$105.70
F-CCF1E37B70,PAUSADO (JUNIO 2026),FEBRERO_25,,1,Computadora Portatil Estandar,CFPF,CIUDAD DE MEXICO,CUAUHTEMOC,10/01/2025,23,7,,30,$664.99,$22.17,23,$-,$-,$-,$-,$509.83,$81.57,$591.40
F-8F41A3DC11,PAUSADO (JUNIO 2026),FEB-MAY_23,FASE INICIAL,1,Computadora de Escritorio Estandar,SA_CDMX,CIUDAD DE MEXICO,CUAUHTÉMOC,29/03/2023,24,6,,30,$607.34,$20.24,24,$-,$-,$-,$-,$485.87,$77.74,$563.61
F-085604765B,AUTORIZADO,FEB-MAY_23,FASE INICIAL,1,Computadora de Escritorio Estandar,FEMDH,CIUDAD DE MEXICO,CUAUHTEMOC,30/03/2023,,,,30,$607.34,$20.24,30,$-,$-,$-,$-,$607.34,$97.17,$704.51
F-0AA6B3C695,DEVOLUCION (FRACCION DE SALIDA),SEP_COMP_24,BAJO DEMANDA,1,Teclado y raton inalambricos,CA_FEMDH,CIUDAD DE MEXICO,CUAUHTEMOC,13/03/2024,,,,30,$29.68,$0.99,4,$-,$-,$-,$-,$3.96,$0.63,$4.59
F-E52E2DA58E,PAUSADO (MAYO 2026),ENERO_25,,1,Teclado y raton inalambricos,FECOR,CIUDAD DE MEXICO,ALVARO OBREGON,22/01/2024,,11,,30,$29.68,$0.99,0,-,-,-,,$-,$-,$-
F-9BC9D78877,DEVOLUCION (FRACCION DE SALIDA),SEP_COMP_24,BAJO DEMANDA,1,Teclado y raton inalambricos,CA_FEMDH,CIUDAD DE MEXICO,CUAUHTEMOC,13/03/2024,,,,30,$29.68,$0.99,4,$-,$-,$-,$-,$3.96,$0.63,$4.59
F-FE14C0BF6B,AUTORIZADO,SEP_COMP_24,BAJO DEMANDA,1,Computadora Portatil Estandar,CDMX,CIUDAD DE MEXICO,CUAUHTEMOC,12/01/2024,,,,30,$664.99,$22.17,30,$-,$-,$-,$-,$664.99,$106.40,$771.39
F-6D8A78FE2E,AUTORIZADO,FEB-MAY_23,FASE INICIAL,1,Computadora de Escritorio Estandar,DGSA,CIUDAD DE MEXICO,VENUSTIANO CARRANZA,23/02/2023,,,,30,$607.34,$20.24,30,$-,$-,$-,$-,$607.34,$97.17,$704.51
F-1EBE2DEB67,AUTORIZADO,FEB-MAY_23,FASE INICIAL,1,Computadora de Escritorio Estandar,SA_OAX,OAXACA,OAXACA DE JUÁREZ,24/04/2023,,,,30,$607.34,$20.24,30,$-,$-,$-,$-,$607.34,$97.17,$704.51
F-50A521DD4B,AUTORIZADO,FEB-MAY_23,FASE INICIAL,1,Computadora Portatil Estandar,FEMDO,CIUDAD DE MEXICO,CUAUHTEMOC,03/04/2023,,,,30,$664.99,$22.17,30,$-,$-,$-,$-,$664.99,$106.40,$771.39
F-EFDFDF2E4C,AUTORIZADO,SEP_COMP_24,BAJO DEMANDA,2,Monitor 24 pulgadas,SA_CHIH,CHIHUAHUA,JUAREZ,08/12/2023,,,,30,$91.12,$3.04,30,$-,$-,$-,$-,$91.12,$14.58,$105.70
F-9B40F04D7F,PAUSADO (JUNIO 2026),FEB-MAY_23,FASE INICIAL,1,Computadora de Escritorio Estandar,CGSP,SONORA,HERMOSILLO,10/05/2023,20,10,,30,$607.34,$20.24,20,$-,$-,$-,$-,$404.89,$64.78,$469.68
F-07F1985783,DEVOLUCION (FRACCION DE SALIDA),FEB-MAY_23,FASE INICIAL,2,Computadora de Escritorio Estandar,SA_GRO,GUERRERO,ACAPULCO DE JUAREZ,04/05/2023,,,,30,$607.34,$20.24,26,$-,$-,$-,$-,$526.36,$84.22,$610.58
F-CF9A74D168,AUTORIZADO,FEB-MAY_23,FASE INICIAL,1,Computadora de Escritorio Estandar,FEMDO,CIUDAD DE MEXICO,CUAUHTÉMOC,27/02/2023,,,,30,$607.34,$20.24,30,$-,$-,$-,$-,$607.34,$97.17,$704.51
F-7139EFEF5D,AUTORIZADO,ENERO_25,,1,Monitor 24 pulgadas,CDMX,CIUDAD DE MEXICO,CUAUHTEMOC,23/10/2024,,,,30,$91.12,$3.04,30,$-,$-,$-,$-,$91.12,$14.58,$105.70
F-C38CA5106D,DEVOLUCION (FRACCION DE SALIDA),FEB-MAY_23,FASE INICIAL,1,Computadora Portatil Estandar,SA_QRO,QUERETARO,QUERÉTARO,03/04/2023,,,,30,$664.99,$22.17,18,$-,$-,$-,$-,$398.99,$63.84,$462.83
F-B65973AE51,AUTORIZADO,FEB-MAY_23,FASE INICIAL,1,Computadora de Escritorio Estandar,SA_OAX,OAXACA,OAXACA DE JUÁREZ,21/04/2023,,,,30,$607.34,$20.24,30,$-,$-,$-,$-,$607.34,$97.17,$704.51
F-DF2CF03D6C,PAUSADO (JUNIO 2026),FEB-MAY_23,FASE INICIAL,1,Computadora Portatil Estandar,FEMDH,CIUDAD DE MEXICO,CUAUHTEMOC,24/04/2023,16,14,,30,$664.99,$22.17,16,$-,$-,$-,$-,$354.66,$56.75,$411.41
F-DB57CD80B1,AUTORIZADO,FEB-MAY_23,FASE INICIAL,1,Computadora de Escritorio Estandar,FECOR,CIUDAD DE MEXICO,CUAUHTÉMOC,04/04/2023,,,,30,$607.34,$20.24,30,$-,$-,$-,$-,$607.34,$97.17,$704.51
F-D4638BF683,PAUSADO (MAYO 2026),JUNIO_25,BAJO DEMANDA,1,Computadora Portatil Estandar,INACIPE,CIUDAD DE MEXICO,TLALPAN,02/05/2025,,12,,30,$664.99,$22.17,0,-,-,-,,$-,$-,$-
F-008CC3F2F4,PAUSADO (MAYO 2026),JUNIO_25,BAJO DEMANDA,1,Computadora Portatil Estandar,INACIPE,CIUDAD DE MEXICO,TLALPAN,02/05/2025,,12,,30,$664.99,$22.17,0,-,-,-,,$-,$-,$-
F-30B36D3BDA,AUTORIZADO,FEB-MAY_23,FASE INICIAL,1,Computadora de Escritorio Estandar,SA_EDOMEX,ESTADO DE MEXICO,NAUCALPAN DE JUAREZ,11/04/2023,,,,30,$607.34,$20.24,30,$-,$-,$-,$-,$607.34,$97.17,$704.51
F-AA0DC9464D,AUTORIZADO,SEP_COMP_24,BAJO DEMANDA,1,Monitor 24 pulgadas,SA_TAMPS,TAMAULIPAS,REYNOSA,07/12/2023,,,,30,$91.12,$3.04,30,$-,$-,$-,$-,$91.12,$14.58,$105.70
F-20BFC393CC,DEVOLUCION (FRACCION DE SALIDA),FEB-MAY_23,FASE INICIAL,1,Computadora Portatil Estandar,SA_QRO,QUERETARO,QUERÉTARO,10/04/2023,,,,30,$664.99,$22.17,18,$-,$-,$-,$-,$398.99,$63.84,$462.83
F-3CC640FC7F,AUTORIZADO,,"""776""_INICIAL",1,Computadora de Escritorio Estandar,FEMDH,CIUDAD DE MEXICO,CUAUHTEMOC,24/04/2023,,,,30,$607.34,$20.24,30,$-,$-,$-,$-,$607.34,$97.17,$704.51
F-4A61E5536B,PAUSADO (MAYO 2026),FEB-MAY_23,FASE INICIAL,1,Computadora de Escritorio Estandar,FEMDO,CIUDAD DE MEXICO,CUAUHTEMOC,13/04/2023,,10,,30,$607.34,$20.24,0,-,-,-,,$-,$-,$-
F-ADA3384BC3,DEVOLUCION (FRACCION DE SALIDA),FEB-MAY_23,FASE INICIAL,1,Computadora Portatil Estandar,SA_QRO,QUERETARO,QUERÉTARO,29/03/2023,,,,30,$664.99,$22.17,18,$-,$-,$-,$-,$398.99,$63.84,$462.83
F-3FAD71A435,AUTORIZADO,SEP_COMP_24,BAJO DEMANDA,3,Monitor 24 pulgadas,SA_COAH,COAHUILA,PIEDRAS NEGRAS,29/01/2024,,,,30,$91.12,$3.04,30,$-,$-,$-,$-,$91.12,$14.58,$105.70
F-7B9F3CE36A,AUTORIZADO,FEB-MAY_23,FASE INICIAL,1,Computadora de Escritorio Estandar,FEMDO,CIUDAD DE MEXICO,CUAUHTEMOC,17/04/2023,,,,30,$607.34,$20.24,30,$-,$-,$-,$-,$607.34,$97.17,$704.51
F-65A1F0B0D4,AUTORIZADO,JUNIO_25,BAJO DEMANDA,1,Teclado y raton inalambricos,INACIPE,CIUDAD DE MEXICO,TLALPAN,02/05/2025,,,,30,$29.68,$0.99,30,$-,$-,$-,$-,$29.68,$4.75,$34.43
F-FCEC63B81E,AUTORIZADO,FEB-MAY_23,FASE INICIAL,1,Computadora de Escritorio Estandar,CAOF,CIUDAD DE MEXICO,CUAUHTEMOC,21/03/2023,,,,30,$607.34,$20.24,30,$-,$-,$-,$-,$607.34,$97.17,$704.51
F-846A22C8FD,AUTORIZADO,NOV_24,,2,Computadora de Escritorio Estandar,PFM,SINALOA,MAZATLAN,28/08/2024,,,,30,$607.34,$20.24,30,$-,$-,$-,$-,$607.34,$97.17,$704.51
F-DF09D03DE3,AUTORIZADO,FEB-MAY_23,FASE INICIAL,1,Computadora de Escritorio Estandar,SA_CDMX,CIUDAD DE MEXICO,CUAUHTÉMOC,21/03/2023,,,,30,$607.34,$20.24,30,$-,$-,$-,$-,$607.34,$97.17,$704.51
F-C76FBB6C04,AUTORIZADO,SEP_COMP_24,BAJO DEMANDA,3,Computadora Portatil Estandar,SA_CAMP,CAMPECHE,CARMEN,12/12/2023,,,,30,$664.99,$22.17,30,$-,$-,$-,$-,$664.99,$106.40,$771.39
F-5AF7EFE160,AUTORIZADO,FEB-MAY_23,FASE INICIAL,1,Computadora de Escritorio Estandar,DGSA,CIUDAD DE MEXICO,VENUSTIANO CARRANZA,21/02/2023,,,,30,$607.34,$20.24,30,$-,$-,$-,$-,$607.34,$97.17,$704.51
F-1805B8068B,AUTORIZADO,NOV_24,,1,Monitor 24 pulgadas,FESC,CIUDAD DE MEXICO,ALVARO OBREGON,06/02/2024,,,,30,$91.12,$3.04,30,$-,$-,$-,$-,$91.12,$14.58,$105.70
F-82C0916DDA,AUTORIZADO,,BAJO DEMANDA,1,Computadora Portatil Estandar,FECOR,CIUDAD DE MEXICO,CUAUHTEMOC,15/08/2023,,,,30,$664.99,$22.17,30,$-,$-,$-,$-,$664.99,$106.40,$771.39
F-30D815E2F4,AUTORIZADO,NOV_24,,1,Monitor 24 pulgadas,CA_FEMDH,CIUDAD DE MEXICO,CUAUHTEMOC,13/03/2024,,,,30,$91.12,$3.04,30,$-,$-,$-,$-,$91.12,$14.58,$105.70
F-F3A071DD0C,PAUSADO (JUNIO 2026),SEP_COMP_24,BAJO DEMANDA,1,Monitor 24 pulgadas,CGSP,SONORA,HERMOSILLO,19/02/2024,20,10,,30,$91.12,$3.04,20,$-,$-,$-,$-,$60.75,$9.72,$70.47
F-C563E8EA89,DEVOLUCION (FRACCION DE SALIDA),FEB-MAY_23,FASE INICIAL,1,Computadora de Escritorio Estandar,DGSI,CIUDAD DE MEXICO,MIGUEL HIDALGO,03/04/2023,,,,30,$607.34,$20.24,30,$-,$-,$-,$-,$607.34,$97.17,$704.51
F-41CD54430E,AUTORIZADO,FEB-MAY_23,FASE INICIAL,1,Computadora Portatil Estandar,SA_TLAX,TLAXCALA,TLAXCALA,29/03/2023,,,,30,$664.99,$22.17,30,$-,$-,$-,$-,$664.99,$106.40,$771.39
F-817C421277,AUTORIZADO,SEP_COMP_24,BAJO DEMANDA,1,Monitor 24 pulgadas,SA_CHIS,CHIAPAS,TUXTLA GUTIERREZ,14/06/2024,,,,30,$91.12,$3.04,30,$-,$-,$-,$-,$91.12,$14.58,$105.70
F-74A3322101,AUTORIZADO,JUNIO_25,BAJO DEMANDA,1,Computadora de Escritorio Estandar,FEAI,CIUDAD DE MEXICO,ALVARO OBREGON,27/05/2025,,,,30,$607.34,$20.24,30,$-,$-,$-,$-,$607.34,$97.17,$704.51
F-312B8B75AA,AUTORIZADO,FEB-MAY_23,FASE INICIAL,1,Computadora de Escritorio Estandar,SJAI,CIUDAD DE MEXICO,CUAUHTEMOC,08/05/2023,,,,30,$607.34,$20.24,30,$-,$-,$-,$-,$607.34,$97.17,$704.51
F-26599CA968,AUTORIZADO,FEB-MAY_23,FASE INICIAL,3,Computadora de Escritorio Estandar,SA_CAMP,CAMPECHE,CARMEN,09/05/2023,,,,30,$607.34,$20.24,30,$-,$-,$-,$-,$607.34,$97.17,$704.51
F-11D3DFFBAB,AUTORIZADO,ABRIL_25,BAJO DEMANDA,1,Computadora de Escritorio Estandar,SA_DGO,DURANGO,DURANGO,28/03/2025,,,,30,$607.34,$20.24,30,$-,$-,$-,$-,$607.34,$97.17,$704.51
F-2ABB7D8C17,AUTORIZADO,SEP_COMP_24,BAJO DEMANDA,1,Monitor 24 pulgadas,SA_SON,SONORA,HERMOSILLO,05/01/2024,,,,30,$91.12,$3.04,30,$-,$-,$-,$-,$91.12,$14.58,$105.70
F-00EC8163DF,AUTORIZADO,FEB-MAY_23,FASE INICIAL,1,Computadora Portatil Estandar,FEAI,CIUDAD DE MEXICO,ALVARO OBREGON,11/04/2023,,,,30,$664.99,$22.17,30,$-,$-,$-,$-,$664.99,$106.40,$771.39
F-C14FC535A5,AUTORIZADO,SEP_COMP_24,BAJO DEMANDA,2,Teclado y raton inalambricos,SA_CHIH,CHIHUAHUA,JUAREZ,11/12/2023,,,,30,$29.68,$0.99,30,$-,$-,$-,$-,$29.68,$4.75,$34.43
F-4462061C54,AUTORIZADO,FEB-MAY_23,FASE INICIAL,1,Computadora de Escritorio Estandar,SA_BCS,BAJA CALIFORNIA SUR,LA PAZ,24/04/2023,,,,30,$607.34,$20.24,30,$-,$-,$-,$-,$607.34,$97.17,$704.51
F-3FFD4BB670,AUTORIZADO,FEB-MAY_23,FASE INICIAL,1,Computadora de Escritorio Estandar,FEMDO,CIUDAD DE MEXICO,CUAUHTEMOC,08/03/2023,,,,30,$607.34,$20.24,30,$-,$-,$-,$-,$607.34,$97.17,$704.51
F-B74AD2A796,AUTORIZADO,FEB-MAY_23,FASE INICIAL,1,Computadora de Escritorio Estandar,UDET,CIUDAD DE MEXICO,CUAUHTÉMOC,17/03/2023,,,,30,$607.34,$20.24,30,$-,$-,$-,$-,$607.34,$97.17,$704.51
F-102C7709C0,AUTORIZADO,,FASE INICIAL,1,Computadora de Escritorio Estandar,FEMDO,CIUDAD DE MEXICO,CUAUHTEMOC,10/03/2023,,,,30,$607.34,$20.24,30,$-,$-,$-,$-,$607.34,$97.17,$704.51
F-88C53ECB78,PAUSADO (JUNIO 2026),SEP_COMP_24,BAJO DEMANDA,1,Monitor 24 pulgadas,FEMDH,CIUDAD DE MEXICO,CUAUHTEMOC,19/12/2023,16,14,,30,$91.12,$3.04,16,$-,$-,$-,$-,$48.60,$7.78,$56.37
F-3D8DA5A5DA,AUTORIZADO,FEB-MAY_23,FASE INICIAL,2,Computadora de Escritorio Estandar,SA_DGO,DURANGO,GOMEZ PALACIO,11/04/2023,,,,30,$607.34,$20.24,30,$-,$-,$-,$-,$607.34,$97.17,$704.51
F-C8C77CC352,AUTORIZADO,AGOSTO_25,BAJO DEMANDA,1,Computadora Portatil Estandar,CECC,CIUDAD DE MEXICO,CUAUHTEMOC,01/07/2025,,,,30,$664.99,$22.17,30,$-,$-,$-,$-,$664.99,$106.40,$771.39
F-46699F59A0,AUTORIZADO,SEP_COMP_24,BAJO DEMANDA,2,Computadora Portatil Estandar,SA_VER,VERACRUZ,TUXPAN,10/10/2023,,,,30,$664.99,$22.17,30,$-,$-,$-,$-,$664.99,$106.40,$771.39
F-FC97A1A515,AUTORIZADO,SEP_COMP_24,BAJO DEMANDA,1,Monitor 24 pulgadas,CA_FEMDH,CIUDAD DE MEXICO,CUAUHTEMOC,13/03/2024,,,,30,$91.12,$3.04,30,$-,$-,$-,$-,$91.12,$14.58,$105.70
F-C0FA9C51EF,AUTORIZADO,,"""776""_INICIAL",1,Computadora de Escritorio Estandar,PFM,CIUDAD DE MEXICO,MIGUEL HIDALGO,29/06/2023,,,,30,$607.34,$20.24,30,$-,$-,$-,$-,$607.34,$97.17,$704.51
F-8371C8807B,AUTORIZADO,FEB-MAY_23,FASE INICIAL,1,Computadora Portatil Estandar,SA_TAMPS,TAMAULIPAS,REYNOSA,08/05/2023,,,,30,$664.99,$22.17,30,$-,$-,$-,$-,$664.99,$106.40,$771.39
F-E05A5C640A,PAUSADO (MAYO 2026),FEB-MAY_23,FASE INICIAL,1,Computadora de Escritorio Estandar,FEMDH,CIUDAD DE MEXICO,CUAUHTEMOC,24/03/2023,,9,,30,$607.34,$20.24,0,-,-,-,,$-,$-,$-
F-2FCD3B0076,AUTORIZADO (PAGO REACTIVADO)_mayo,SEP_COMP_24,BAJO DEMANDA,1,Teclado y raton inalambricos,SA_NL,NUEVO LEON,GENERAL ESCOBEDO,11/01/2024,,3,$2.87,30,$29.68,$0.99,0,-,-,$2.87,$29.68,$32.55,$5.21,$37.76
F-DA19B3E9FF,AUTORIZADO,OCT_24,,1,Teclado y raton inalambricos,SA_OAX,OAXACA,SAN BARTOLO COYOTEPEC,22/04/2024,,,,30,$29.68,$0.99,30,$-,$-,$-,$-,$29.68,$4.75,$34.43
F-2AF98EF574,AUTORIZADO,SEP_COMP_24,BAJO DEMANDA,1,Computadora de Escritorio Diseñador,AIC,CIUDAD DE MEXICO,MIGUEL HIDALGO,02/02/2024,,,,30,"$1,143.90",$38.13,30,$-,$-,$-,$-,"$1,143.90",$183.02,"$1,326.92"
F-C66D5AFBE8,AUTORIZADO,FEB-MAY_23,FASE INICIAL,1,Computadora Portatil Estandar,FECOC,CIUDAD DE MEXICO,CUAUHTÉMOC,10/04/2023,,,,30,$664.99,$22.17,30,$-,$-,$-,$-,$664.99,$106.40,$771.39
F-A460A3A88E,AUTORIZADO,SEP_COMP_24,BAJO DEMANDA,1,Teclado y raton inalambricos,FEMDH,CIUDAD DE MEXICO,CUAUHTEMOC,19/12/2023,,,,30,$29.68,$0.99,30,$-,$-,$-,$-,$29.68,$4.75,$34.43
F-D646FB1551,DEVOLUCION (FRACCION DE SALIDA),MAYO_25,BAJO DEMANDA,1,Computadora Portatil Estandar,FEMDH,CIUDAD DE MEXICO,CUAUHTEMOC,09/10/2024,,,,30,$664.99,$22.17,17,$-,$-,$-,$-,$376.83,$60.29,$437.12
F-8157F8B8C9,AUTORIZADO,ENERO_25,,1,Teclado y raton inalambricos,SA_EDOMEX,MEXICO,NAUCALPAN DE JUAREZ,23/01/2024,,,,30,$29.68,$0.99,30,$-,$-,$-,$-,$29.68,$4.75,$34.43
F-9A36BC8B79,DEVOLUCION (FRACCION DE SALIDA),SEP_COMP_24,BAJO DEMANDA,1,Teclado y raton inalambricos,CA_FEMDH,CIUDAD DE MEXICO,CUAUHTEMOC,13/03/2024,,,,30,$29.68,$0.99,4,$-,$-,$-,$-,$3.96,$0.63,$4.59
F-F3D63131B7,AUTORIZADO,,BAJO DEMANDA,1,Computadora Portatil Estandar,SA_COAH,COAHUILA,TORREON,22/08/2023,,,,30,$664.99,$22.17,30,$-,$-,$-,$-,$664.99,$106.40,$771.39
F-77B94F6027,AUTORIZADO,FEB-MAY_23,FASE INICIAL,1,Computadora Portatil Estandar,SA_CDMX,CIUDAD DE MEXICO,GUSTAVO A. MADERO,04/05/2023,,,,30,$664.99,$22.17,30,$-,$-,$-,$-,$664.99,$106.40,$771.39
F-532CB60D98,AUTORIZADO,SEP_COMP_24,BAJO DEMANDA,1,Monitor 24 pulgadas,SA_TAMPS,TAMAULIPAS,REYNOSA,20/09/2023,,,,30,$91.12,$3.04,30,$-,$-,$-,$-,$91.12,$14.58,$105.70
F-40B100B914,DEVOLUCION (FRACCION DE SALIDA),NOV_24,,1,Monitor 24 pulgadas,FEMDH,CIUDAD DE MEXICO,CUAUHTEMOC,07/08/2024,,,,30,$91.12,$3.04,4,$-,$-,$-,$-,$12.15,$1.94,$14.09
F-57A3E8578B,DEVOLUCION (FRACCION DE SALIDA),SEP_COMP_24,BAJO DEMANDA,1,Monitor 24 pulgadas,CA_FEMDH,CIUDAD DE MEXICO,CUAUHTEMOC,13/03/2024,,,,30,$91.12,$3.04,4,$-,$-,$-,$-,$12.15,$1.94,$14.09
F-C52595913F,AUTORIZADO,FEB-MAY_23,FASE INICIAL,2,Computadora de Escritorio Estandar,SA_COAH,COAHUILA,TORREÓN,25/04/2023,,,,30,$607.34,$20.24,30,$-,$-,$-,$-,$607.34,$97.17,$704.51
F-B485BABEAF,AUTORIZADO,SEP_COMP_24,BAJO DEMANDA,1,Monitor 24 pulgadas,CDMX,CIUDAD DE MEXICO,CUAUHTEMOC,17/01/2024,,,,30,$91.12,$3.04,30,$-,$-,$-,$-,$91.12,$14.58,$105.70
F-534EE970E4,AUTORIZADO,SEPTIEMBRE_25,BAJO DEMANDA,1,Computadora Portatil Estandar,OM,CIUDAD DE MEXICO,ALVARO OBREGON,27/01/2025,,,,30,$664.99,$22.17,30,$-,$-,$-,$-,$664.99,$106.40,$771.39
F-2539E7E1C2,AUTORIZADO,SEP_COMP_24,BAJO DEMANDA,1,Computadora de Escritorio Diseñador,URH,CIUDAD DE MEXICO,CUAUHTEMOC,23/01/2024,,,,30,"$1,143.90",$38.13,30,$-,$-,$-,$-,"$1,143.90",$183.02,"$1,326.92"
F-C7D0AB23E3,AUTORIZADO,FEB-MAY_23,FASE INICIAL,1,Computadora de Escritorio Estandar,CECC,CIUDAD DE MEXICO,CUAUHTÉMOC,28/04/2023,,,,30,$607.34,$20.24,30,$-,$-,$-,$-,$607.34,$97.17,$704.51
F-FF365B8CD9,AUTORIZADO,SEP_COMP_24,BAJO DEMANDA,2,Teclado y raton inalambricos,SA_CHIH,CHIHUAHUA,JUAREZ,11/12/2023,,,,30,$29.68,$0.99,30,$-,$-,$-,$-,$29.68,$4.75,$34.43
F-9281DB4CDD,PAUSADO (MAYO 2026),,BAJO DEMANDA,1,Computadora Portatil Estandar,FECOR,CIUDAD DE MEXICO,CUAUHTEMOC,15/08/2023,,11,,30,$664.99,$22.17,0,-,-,-,,$-,$-,$-
F-E2A5049526,PAUSADO (JUNIO 2026),FEB-MAY_23,FASE INICIAL,1,Computadora de Escritorio Estandar,SA_SON,SONORA,HERMOSILLO,04/05/2023,20,10,,30,$607.34,$20.24,20,$-,$-,$-,$-,$404.89,$64.78,$469.68
F-65A20EA5EC,AUTORIZADO,FEB-MAY_23,FASE INICIAL,1,Computadora de Escritorio Estandar,PFM,CIUDAD DE MEXICO,MIGUEL HIDALGO,04/04/2023,,,,30,$607.34,$20.24,30,$-,$-,$-,$-,$607.34,$97.17,$704.51
F-E0B05E8B1C,AUTORIZADO,SEP_COMP_24,BAJO DEMANDA,3,Monitor 24 pulgadas,SA_COAH,COAHUILA,PIEDRAS NEGRAS,18/12/2023,,,,30,$91.12,$3.04,30,$-,$-,$-,$-,$91.12,$14.58,$105.70
F-C18C59B96F,PAUSADO (MAYO 2026),FEB-MAY_23,FASE INICIAL,1,Computadora de Escritorio Estandar,SA_JAL,JALISCO,GUADALAJARA,13/04/2023,,3,,30,$607.34,$20.24,0,-,-,-,,$-,$-,$-
F-EFD7B8AB77,PAUSADO (MAYO 2026),ENERO_25,,1,Monitor 24 pulgadas,FECOR,CIUDAD DE MEXICO,ALVARO OBREGON,22/01/2024,,11,,30,$91.12,$3.04,0,-,-,-,,$-,$-,$-
F-077C396AFD,PAUSADO (JUNIO 2026),FEBRERO_25,,1,Teclado y raton inalambricos,CFPF,CIUDAD DE MEXICO,CUAUHTEMOC,10/01/2025,23,7,,30,$29.68,$0.99,23,$-,$-,$-,$-,$22.75,$3.64,$26.40
F-2882E68B7E,PAUSADO (JUNIO 2026),FEB-MAY_23,FASE INICIAL,1,Computadora de Escritorio Estandar,FEMDH,CIUDAD DE MEXICO,CUAUHTEMOC,30/03/2023,15,15,,30,$607.34,$20.24,15,$-,$-,$-,$-,$303.67,$48.59,$352.26
F-50066790DB,AUTORIZADO,FEB-MAY_23,FASE INICIAL,1,Computadora Portatil Estandar,SA_JAL,JALISCO,GUADALAJARA,27/04/2023,,,,30,$664.99,$22.17,30,$-,$-,$-,$-,$664.99,$106.40,$771.39
F-BC897EAA45,AUTORIZADO,,FASE INICIAL,1,Computadora de Escritorio Estandar,SA_PUE,PUEBLA,PUEBLA,24/07/2023,,,,30,$607.34,$20.24,30,$-,$-,$-,$-,$607.34,$97.17,$704.51
F-5F54F7CF0D,AUTORIZADO,SEP_COMP_24,BAJO DEMANDA,1,Computadora Portatil Estandar,CGSP,MICHOACAN,MORELIA,19/12/2023,,,,30,$664.99,$22.17,30,$-,$-,$-,$-,$664.99,$106.40,$771.39
F-5E7F6A403E,AUTORIZADO,FEB-MAY_23,FASE INICIAL,1,Computadora Portatil Estandar,FEMDH,CIUDAD DE MEXICO,CUAUHTEMOC,29/03/2023,,,,30,$664.99,$22.17,30,$-,$-,$-,$-,$664.99,$106.40,$771.39
F-57ACE76888,AUTORIZADO,FEB-MAY_23,FASE INICIAL,1,Computadora de Escritorio Estandar,CGSP,CIUDAD DE MEXICO,CUAUHTEMOC,21/04/2023,,,,30,$607.34,$20.24,30,$-,$-,$-,$-,$607.34,$97.17,$704.51
F-0A119E035D,AUTORIZADO,NOV_24,,1,Teclado y raton inalambricos,CA_FEMDH,CIUDAD DE MEXICO,CUAUHTEMOC,13/03/2024,,,,30,$29.68,$0.99,30,$-,$-,$-,$-,$29.68,$4.75,$34.43
F-BD45C4AFD2,AUTORIZADO,FEB-MAY_23,FASE INICIAL,1,Computadora Portatil Estandar,SA_CDMX,CIUDAD DE MEXICO,CUAUHTÉMOC,31/03/2023,,,,30,$664.99,$22.17,30,$-,$-,$-,$-,$664.99,$106.40,$771.39
F-3BE578A1C0,AUTORIZADO,FEB-MAY_23,FASE INICIAL,1,Computadora de Escritorio Estandar,SA_AGS,AGUASCALIENTES,AGUASCALIENTES,20/04/2023,,,,30,$607.34,$20.24,30,$-,$-,$-,$-,$607.34,$97.17,$704.51
F-A048493CC9,AUTORIZADO,FEB-MAY_23,FASE INICIAL,1,Computadora de Escritorio Estandar,SA_EDOMEX,ESTADO DE MEXICO,TOLUCA,12/04/2023,,,,30,$607.34,$20.24,30,$-,$-,$-,$-,$607.34,$97.17,$704.51
F-D718F1E3E0,AUTORIZADO,SEP_COMP_24,BAJO DEMANDA,1,Monitor 24 pulgadas,SA_QRO,QUERETARO,QUERETARO,12/12/2023,,,,30,$91.12,$3.04,30,$-,$-,$-,$-,$91.12,$14.58,$105.70
F-9213F46B1F,AUTORIZADO,FEB-MAY_23,FASE INICIAL,1,Computadora de Escritorio Estandar,SA_CHIS,CHIAPAS,TUXTLA GUTIERREZ,08/05/2023,,,,30,$607.34,$20.24,30,$-,$-,$-,$-,$607.34,$97.17,$704.51
F-4116184717,AUTORIZADO,ENERO_25,,1,Monitor 24 pulgadas,CFPF,CIUDAD DE MEXICO,CUAUHTEMOC,23/12/2024,,,,30,$91.12,$3.04,30,$-,$-,$-,$-,$91.12,$14.58,$105.70
F-405EAAE668,AUTORIZADO,SEP_COMP_24,BAJO DEMANDA,1,Monitor 24 pulgadas,SA_QRO,QUERETARO,QUERETARO,12/12/2023,,,,30,$91.12,$3.04,30,$-,$-,$-,$-,$91.12,$14.58,$105.70
F-7271A9AA5A,PAUSADO (ABRIL 2026),ABRIL_25,BAJO DEMANDA,1,Teclado y raton inalambricos,FEMDH,CIUDAD DE MEXICO,CUAUHTEMOC,10/02/2025,,2,,31,$29.68,$0.96,0,-,-,-,,$-,$-,$-
F-41CB2ED464,DEVOLUCION (FRACCION DE SALIDA),FEB-MAY_23,FASE INICIAL,1,Computadora Portatil Estandar,SA_QRO,QUERETARO,SAN JUAN DEL RIO,27/03/2023,,,,30,$664.99,$22.17,18,$-,$-,$-,$-,$398.99,$63.84,$462.83
F-377B4B0AEE,PAUSADO (MAYO 2026),JUNIO_25,BAJO DEMANDA,1,Computadora Portatil Estandar,INACIPE,CIUDAD DE MEXICO,TLALPAN,02/05/2025,,12,,30,$664.99,$22.17,0,-,-,-,,$-,$-,$-
F-DC1D4BB4BB,PAUSADO (MAYO 2026),NOV_24,,1,Monitor 24 pulgadas,CA_FEMDH,CIUDAD DE MEXICO,MIGUEL HIDALGO,13/03/2024,,9,,30,$91.12,$3.04,0,-,-,-,,$-,$-,$-
F-8414499FEE,DEVOLUCION (FRACCION DE SALIDA),FEB-MAY_23,FASE INICIAL,1,Computadora de Escritorio Estandar,FEMDH,CIUDAD DE MEXICO,CUAUHTÉMOC,04/04/2023,,,,30,$607.34,$20.24,4,$-,$-,$-,$-,$80.98,$12.96,$93.94
F-DBA2628F1D,DEVOLUCION (FRACCION DE SALIDA),NOV_24,,1,Teclado y raton inalambricos,FEMDH,CIUDAD DE MEXICO,CUAUHTEMOC,07/08/2024,,,,30,$29.68,$0.99,4,$-,$-,$-,$-,$3.96,$0.63,$4.59
F-853D8FBB93,PAUSADO (JUNIO 2026),JULIO_25,BAJO DEMANDA,1,Computadora Portatil Estandar,FECOR,CIUDAD DE MEXICO,ALVARO OBREGON,20/05/2024,29,1,,30,$664.99,$22.17,29,$-,$-,$-,$-,$642.82,$102.85,$745.68
F-67ACF81C5D,DEVOLUCION (FRACCION DE SALIDA)_se reactiva PAUSADO (ABRIL 2026),FEB-MAY_23,FASE INICIAL,1,Computadora de Escritorio Estandar,FEMDH,CIUDAD DE MEXICO,CUAUHTEMOC,17/03/2023,,2,$40.49,30,$607.34,$20.24,-,-,$40.49,$607.34,$80.98,$728.81,$116.61,$845.42
F-1512D7443E,AUTORIZADO,SEP_COMP_24,BAJO DEMANDA,1,Computadora Portatil Estandar,SA_SLP,SAN LUIS POTOSI,SAN LUIS POTOSI,19/02/2024,,,,30,$664.99,$22.17,30,$-,$-,$-,$-,$664.99,$106.40,$771.39
F-4B2B1C4F60,AUTORIZADO,,BAJO DEMANDA,1,Computadora Portatil Estandar,SA_EDOMEX,MEXICO,TOLUCA,23/08/2023,,,,30,$664.99,$22.17,30,$-,$-,$-,$-,$664.99,$106.40,$771.39
F-5A480A4A87,AUTORIZADO,SEP_COMP_24,BAJO DEMANDA,2,Monitor 24 pulgadas,SA_CHIH,CHIHUAHUA,JUAREZ,12/12/2023,,,,30,$91.12,$3.04,30,$-,$-,$-,$-,$91.12,$14.58,$105.70
F-3DEDD5C39F,AUTORIZADO,FEB-MAY_23,FASE INICIAL,1,Computadora de Escritorio Estandar,SA_NL,NUEVO LEON,GENERAL ESCOBEDO,03/05/2023,,,,30,$607.34,$20.24,30,$-,$-,$-,$-,$607.34,$97.17,$704.51
F-5E8355631C,AUTORIZADO,ENERO_25,,1,Monitor 24 pulgadas,CFPF,CIUDAD DE MEXICO,CUAUHTEMOC,12/11/2024,,,,30,$91.12,$3.04,30,$-,$-,$-,$-,$91.12,$14.58,$105.70
F-AB47E4F1B0,AUTORIZADO,SEP_COMP_24,BAJO DEMANDA,1,Computadora Portatil Estandar,SA_PUE,PUEBLA,PUEBLA,09/01/2024,,,,30,$664.99,$22.17,30,$-,$-,$-,$-,$664.99,$106.40,$771.39
F-47587C7D97,PAUSADO (JUNIO 2026),FEB-MAY_23,FASE INICIAL,1,Computadora de Escritorio Estandar,FEMDH,CIUDAD DE MEXICO,CUAUHTÉMOC,24/03/2023,15,15,,30,$607.34,$20.24,15,$-,$-,$-,$-,$303.67,$48.59,$352.26
F-817AADCA0C,AUTORIZADO,FEB-MAY_23,FASE INICIAL,1,Computadora de Escritorio Estandar,FEAI,CIUDAD DE MEXICO,ALVARO OBREGON,17/04/2023,,,,30,$607.34,$20.24,30,$-,$-,$-,$-,$607.34,$97.17,$704.51
F-B973A674AD,AUTORIZADO,FEB-MAY_23,FASE INICIAL,2,Computadora de Escritorio Estandar,SA_GTO,GUANAJUATO,CELAYA,02/05/2023,,,,30,$607.34,$20.24,30,$-,$-,$-,$-,$607.34,$97.17,$704.51
F-72E93C12CF,AUTORIZADO,FEB-MAY_23,FASE INICIAL,1,Computadora de Escritorio Estandar,CGSP,CIUDAD DE MEXICO,CUAUHTEMOC,21/04/2023,,,,30,$607.34,$20.24,30,$-,$-,$-,$-,$607.34,$97.17,$704.51
F-D8D90BFD39,AUTORIZADO,,"""776""_INICIAL",1,Computadora de Escritorio Estandar,FECOR,CIUDAD DE MEXICO,CUAUHTEMOC,22/06/2023,,,,30,$607.34,$20.24,30,$-,$-,$-,$-,$607.34,$97.17,$704.51
F-2F66BBAEF6,AUTORIZADO,ENERO_25,,1,Teclado y raton inalambricos,CFPF,CIUDAD DE MEXICO,CUAUHTEMOC,12/11/2024,,,,30,$29.68,$0.99,30,$-,$-,$-,$-,$29.68,$4.75,$34.43
F-CA1A4B9978,AUTORIZADO,AGOSTO_25,BAJO DEMANDA,1,Computadora de Escritorio Estandar,OEMASC,CIUDAD DE MEXICO,ALVARO OBREGON,27/06/2025,,,,30,$607.34,$20.24,30,$-,$-,$-,$-,$607.34,$97.17,$704.51
F-26423205B4,AUTORIZADO,ENERO_25,,1,Teclado y raton inalambricos,CFPF,CIUDAD DE MEXICO,CUAUHTEMOC,12/11/2024,,,,30,$29.68,$0.99,30,$-,$-,$-,$-,$29.68,$4.75,$34.43
F-7F33212A65,PAUSADO (JUNIO 2026),SEP_COMP_24,BAJO DEMANDA,1,Teclado y raton inalambricos,CGSP,SONORA,HERMOSILLO,19/02/2024,20,10,,30,$29.68,$0.99,20,$-,$-,$-,$-,$19.79,$3.17,$22.95
F-547D31F51C,PAUSADO (JUNIO 2026),FEB-MAY_23,FASE INICIAL,1,Computadora de Escritorio Estandar,SA_YUC,YUCATAN,MERIDA,12/04/2023,25,5,,30,$607.34,$20.24,25,$-,$-,$-,$-,$506.12,$80.98,$587.10
F-343D77DD5E,AUTORIZADO,MAYO_2026,BAJO DEMANDA,1,Computadora Portatil Estandar,CFPF,CIUDAD DE MEXICO,CUAUHTEMOC,08/04/2026,,,,30,$664.99,$22.17,30,$-,$-,$-,$-,$664.99,$106.40,$771.39
F-F149DB51C1,AUTORIZADO,OCTUBRE_25,BAJO DEMANDA,1,Teclado y raton inalambricos,SA_OAX,OAXACA,OAXACA DE JUAREZ,24/09/2025,,,,30,$29.68,$0.99,30,$-,$-,$-,$-,$29.68,$4.75,$34.43
F-BA59F27441,AUTORIZADO,SEP_COMP_24,BAJO DEMANDA,2,Teclado y raton inalambricos,SA_CHIS,CHIAPAS,TAPACHULA,16/04/2024,,,,30,$29.68,$0.99,30,$-,$-,$-,$-,$29.68,$4.75,$34.43
F-7B67B60FDD,AUTORIZADO (PAGO REACTIVADO)_abril,FEB-MAY_23,FASE INICIAL,1,Computadora de Escritorio Estandar,FEMDH,CIUDAD DE MEXICO,CUAUHTEMOC,21/03/2023,,2,$40.49,30,$607.34,$20.24,0,-,$40.49,$607.34,$607.34,"$1,255.17",$200.83,"$1,456.00"
F-10E7D13A52,PAUSADO (JUNIO 2026),,"""776""_INICIAL",1,Computadora de Escritorio Estandar,FECOR,CIUDAD DE MEXICO,CUAUHTEMOC,21/06/2023,22,8,,30,$607.34,$20.24,22,$-,$-,$-,$-,$445.38,$71.26,$516.64
F-D972E5D0E0,AUTORIZADO,SEP_COMP_24,BAJO DEMANDA,1,Teclado y raton inalambricos,SA_MICH,MICHOACAN,MORELIA,20/12/2023,,,,30,$29.68,$0.99,30,$-,$-,$-,$-,$29.68,$4.75,$34.43
F-96DD05952B,AUTORIZADO,,"""776""_INICIAL",1,Computadora de Escritorio Estandar,PFM,CIUDAD DE MEXICO,MIGUEL HIDALGO,07/07/2023,,,,30,$607.34,$20.24,30,$-,$-,$-,$-,$607.34,$97.17,$704.51
F-779281D5C6,PAUSADO (JUNIO 2026),FEB-MAY_23,FASE INICIAL,1,Computadora de Escritorio Estandar,FEMDH,CIUDAD DE MEXICO,CUAUHTÉMOC,28/03/2023,15,15,,30,$607.34,$20.24,15,$-,$-,$-,$-,$303.67,$48.59,$352.26
F-8AC71F12F1,AUTORIZADO (PAGO REACTIVADO)_abril,FEB-MAY_23,FASE INICIAL,1,Computadora Portatil Estandar,FEMDH,CIUDAD DE MEXICO,CUAUHTEMOC,23/03/2023,,21,$465.49,30,$664.99,$22.17,0,-,$465.49,$664.99,$664.99,"$1,795.47",$287.28,"$2,082.75"
F-B7E2229FF7,AUTORIZADO,JUNIO_25,BAJO DEMANDA,1,Monitor 24 pulgadas,SA_NAY,NAYARIT,TEPIC,13/05/2025,,,,30,$91.12,$3.04,30,$-,$-,$-,$-,$91.12,$14.58,$105.70
F-7A368997D5,AUTORIZADO,SEP_COMP_24,BAJO DEMANDA,1,Teclado y raton inalambricos,SA_MOR,MORELOS,CUERNAVACA,04/01/2024,,,,30,$29.68,$0.99,30,$-,$-,$-,$-,$29.68,$4.75,$34.43
F-3D54D56E21,DEVOLUCION (FRACCION DE SALIDA),FEB-MAY_23,FASE INICIAL,1,Computadora de Escritorio Estandar,FEMDH,CIUDAD DE MEXICO,CUAUHTÉMOC,02/04/2023,,,,30,$607.34,$20.24,17,$-,$-,$-,$-,$344.16,$55.07,$399.22
F-8FB5410608,AUTORIZADO,FEB-MAY_23,FASE INICIAL,1,Computadora Portatil Estandar,PFM,CIUDAD DE MEXICO,MIGUEL HIDALGO,31/05/2023,,,,30,$664.99,$22.17,30,$-,$-,$-,$-,$664.99,$106.40,$771.39
F-DA6A9E66AD,AUTORIZADO,SEP_COMP_24,BAJO DEMANDA,1,Teclado y raton inalambricos,COPLADII,CIUDAD DE MEXICO,ALVARO OBREGON,21/12/2023,,,,30,$29.68,$0.99,30,$-,$-,$-,$-,$29.68,$4.75,$34.43
F-4E053F7226,AUTORIZADO,FEB-MAY_23,FASE INICIAL,1,Computadora de Escritorio Estandar,SA_CHIS,CHIAPAS,TUXTLA GUTIÉRREZ,21/04/2023,,,,30,$607.34,$20.24,30,$-,$-,$-,$-,$607.34,$97.17,$704.51
F-8E3A82D3B6,AUTORIZADO,FEB-MAY_23,FASE INICIAL,1,Computadora de Escritorio Estandar,CECC,CIUDAD DE MEXICO,CUAUHTÉMOC,28/04/2023,,,,30,$607.34,$20.24,30,$-,$-,$-,$-,$607.34,$97.17,$704.51
F-D0131B89FC,AUTORIZADO,FEB-MAY_23,FASE INICIAL,1,Computadora de Escritorio Estandar,FEAI,CIUDAD DE MEXICO,ALVARO OBREGON,17/04/2023,,,,30,$607.34,$20.24,30,$-,$-,$-,$-,$607.34,$97.17,$704.51
F-F6C20E0E04,AUTORIZADO,,BAJO DEMANDA,1,Computadora Portatil Estandar,CDMX,CIUDAD DE MEXICO,IZTAPALAPA,24/08/2023,,,,30,$664.99,$22.17,30,$-,$-,$-,$-,$664.99,$106.40,$771.39
F-2B8B406EC3,AUTORIZADO,JULIO_25,BAJO DEMANDA,1,Computadora de Escritorio Estandar,CFIC,CIUDAD DE MEXICO,COYOACAN,12/02/2025,,,,30,$607.34,$20.24,30,$-,$-,$-,$-,$607.34,$97.17,$704.51
F-1B78D2A4BD,AUTORIZADO,FEB-MAY_23,FASE INICIAL,1,Computadora de Escritorio Estandar,SA_OAX,OAXACA,OAXACA DE JUÁREZ,18/04/2023,,,,30,$607.34,$20.24,30,$-,$-,$-,$-,$607.34,$97.17,$704.51
F-10255F1CD3,DEVOLUCION (FRACCION DE SALIDA),NOV_24,,1,Monitor 24 pulgadas,CA_FEMDH,CIUDAD DE MEXICO,CUAUHTEMOC,13/03/2024,,,,30,$91.12,$3.04,4,$-,$-,$-,$-,$12.15,$1.94,$14.09
F-9EA28EF75F,AUTORIZADO,FEB-MAY_23,FASE INICIAL,1,Computadora de Escritorio Estandar,PFM,CIUDAD DE MEXICO,MIGUEL HIDALGO,10/03/2023,,,,30,$607.34,$20.24,30,$-,$-,$-,$-,$607.34,$97.17,$704.51
F-EE0209D2D3,PAUSADO (JUNIO 2026),,"""776""_INICIAL",1,Computadora de Escritorio Estandar,FECOR,CIUDAD DE MEXICO,CUAUHTEMOC,21/06/2023,15,15,,30,$607.34,$20.24,15,$-,$-,$-,$-,$303.67,$48.59,$352.26
F-E5D0D6E16D,AUTORIZADO,ENERO_2026,BAJO DEMANDA,1,Monitor 24 pulgadas,UEITICS,CIUDAD DE MEXICO,CUAUHTEMOC,07/01/2026,,,,30,$91.12,$3.04,30,$-,$-,$-,$-,$91.12,$14.58,$105.70
F-561F17C4DE,AUTORIZADO,ENERO_25,,1,Teclado y raton inalambricos,CFPF,CIUDAD DE MEXICO,CUAUHTEMOC,12/11/2024,,,,30,$29.68,$0.99,30,$-,$-,$-,$-,$29.68,$4.75,$34.43
F-873EC47C67,AUTORIZADO,NOV_24,,1,Teclado y raton inalambricos,CA_FEMDH,CIUDAD DE MEXICO,CUAUHTEMOC,13/03/2024,,,,30,$29.68,$0.99,30,$-,$-,$-,$-,$29.68,$4.75,$34.43
F-DAF1DB1549,PAUSADO (JUNIO 2026),SEP_COMP_24,BAJO DEMANDA,1,Teclado y raton inalambricos,SA_YUC,YUCATAN,MERIDA,13/12/2023,26,4,,30,$29.68,$0.99,26,$-,$-,$-,$-,$25.72,$4.12,$29.84
F-CC8689B828,AUTORIZADO,SEP_COMP_24,BAJO DEMANDA,1,Teclado y raton inalambricos,CGSP,YUCATAN,MERIDA,13/12/2023,,,,30,$29.68,$0.99,30,$-,$-,$-,$-,$29.68,$4.75,$34.43
F-13E0B957D4,AUTORIZADO,FEB-MAY_23,FASE INICIAL,1,Computadora de Escritorio Estandar,SA_TLAX,TLAXCALA,TLAXCALA,28/03/2023,,,,30,$607.34,$20.24,30,$-,$-,$-,$-,$607.34,$97.17,$704.51
F-F087B3EEB1,PAUSADO (MAYO 2026),SEP_COMP_24,BAJO DEMANDA,1,Monitor 24 pulgadas,CA_FEMDH,CIUDAD DE MEXICO,GUSTAVO A. MADERO,13/03/2024,,9,,30,$91.12,$3.04,0,-,-,-,,$-,$-,$-
F-A01677AE04,AUTORIZADO,ENERO_2026,BAJO DEMANDA,1,Teclado y raton inalambricos,SA_PUE,PUEBLA,PUEBLA,11/12/2025,,,,30,$29.68,$0.99,30,$-,$-,$-,$-,$29.68,$4.75,$34.43
F-AA7642E150,AUTORIZADO,,BAJO DEMANDA,1,Computadora de Escritorio Estandar,DGRMSG,CIUDAD DE MEXICO,ALVARO OBREGON,02/10/2023,,,,30,$607.34,$20.24,30,$-,$-,$-,$-,$607.34,$97.17,$704.51
F-42B59414F9,PAUSADO (JUNIO 2026),FEB-MAY_23,FASE INICIAL,1,Computadora de Escritorio Estandar,FEMDH,CIUDAD DE MEXICO,CUAUHTÉMOC,29/03/2023,15,15,,30,$607.34,$20.24,15,$-,$-,$-,$-,$303.67,$48.59,$352.26
F-12C649BF32,AUTORIZADO,FEB-MAY_23,FASE INICIAL,1,Computadora de Escritorio Estandar,DGRHO,CIUDAD DE MEXICO,CUAUHTÉMOC,12/04/2023,,,,30,$607.34,$20.24,30,$-,$-,$-,$-,$607.34,$97.17,$704.51
F-D4FCA37FA7,AUTORIZADO,JULIO_25,BAJO DEMANDA,1,Computadora de Escritorio Estandar,SA_GTO,GUANAJUATO,LEON,28/01/2025,,,,30,$607.34,$20.24,30,$-,$-,$-,$-,$607.34,$97.17,$704.51
F-F6C96BEEAE,DEVOLUCION (FRACCION DE SALIDA),SEP_COMP_24,BAJO DEMANDA,1,Teclado y raton inalambricos,CA_FEMDH,CIUDAD DE MEXICO,CUAUHTEMOC,13/03/2024,,,,30,$29.68,$0.99,4,$-,$-,$-,$-,$3.96,$0.63,$4.59
F-E98421B187,PAUSADO (MAYO 2026),SEP_COMP_24,BAJO DEMANDA,1,Monitor 24 pulgadas,CA_FEMDH,CIUDAD DE MEXICO,MIGUEL HIDALGO,13/03/2024,,9,,30,$91.12,$3.04,0,-,-,-,,$-,$-,$-
F-672A22A29F,AUTORIZADO,SEP_COMP_24,BAJO DEMANDA,2,Monitor 24 pulgadas,SA_CHIS,CHIAPAS,TAPACHULA,16/04/2024,,,,30,$91.12,$3.04,30,$-,$-,$-,$-,$91.12,$14.58,$105.70
F-F8D1F07C6C,AUTORIZADO,ENERO_25,,1,Teclado y raton inalambricos,FESC,CIUDAD DE MEXICO,ALVARO OBREGON,06/02/2024,,,,30,$29.68,$0.99,30,$-,$-,$-,$-,$29.68,$4.75,$34.43
F-17E1695EB8,AUTORIZADO,FEB-MAY_23,FASE INICIAL,1,Computadora de Escritorio Estandar,SA_MOR,MORELOS,CUERNAVACA,17/04/2023,,,,30,$607.34,$20.24,30,$-,$-,$-,$-,$607.34,$97.17,$704.51
F-782FE40213,AUTORIZADO,FEB-MAY_23,FASE INICIAL,1,Computadora de Escritorio Estandar,PFM,CIUDAD DE MEXICO,MIGUEL HIDALGO,17/05/2023,,,,30,$607.34,$20.24,30,$-,$-,$-,$-,$607.34,$97.17,$704.51
F-65D82B69AE,AUTORIZADO,FEB-MAY_23,FASE INICIAL,1,Computadora de Escritorio Estandar,SA_JAL,JALISCO,GUADALAJARA,18/05/2023,,,,30,$607.34,$20.24,30,$-,$-,$-,$-,$607.34,$97.17,$704.51
F-61CF4AADAD,PAUSADO (ABRIL 2026),NOV_24,,1,Monitor 24 pulgadas,CA_FEMDH,CIUDAD DE MEXICO,CUAUHTEMOC,22/03/2024,,21,,31,$91.12,$2.94,0,-,-,-,,$-,$-,$-
F-C37484C26F,AUTORIZADO,FEB-MAY_23,FASE INICIAL,1,Computadora de Escritorio Estandar,FEMDO,CIUDAD DE MEXICO,CUAUHTEMOC,14/04/2023,,,,30,$607.34,$20.24,30,$-,$-,$-,$-,$607.34,$97.17,$704.51
F-574997A6F8,PAUSADO (JUNIO 2026),FEB-MAY_23,FASE INICIAL,1,Computadora de Escritorio Estandar,SA_SON,SONORA,HERMOSILLO,24/04/2023,20,10,,30,$607.34,$20.24,20,$-,$-,$-,$-,$404.89,$64.78,$469.68
F-825B07AD32,PAUSADO (JUNIO 2026),FEB-MAY_23,FASE INICIAL,1,Computadora de Escritorio Estandar,SA_SON,SONORA,HERMOSILLO,21/04/2023,20,10,,30,$607.34,$20.24,20,$-,$-,$-,$-,$404.89,$64.78,$469.68
F-1DAD1ABBFE,DEVOLUCION (FRACCION DE SALIDA),FEB-MAY_23,FASE INICIAL,1,Computadora de Escritorio Estandar,FEMDH,CIUDAD DE MEXICO,CUAUHTEMOC,29/03/2023,,,,30,$607.34,$20.24,4,$-,$-,$-,$-,$80.98,$12.96,$93.94
F-0F406B272C,AUTORIZADO,SEP_COMP_24,BAJO DEMANDA,1,Teclado y raton inalambricos,SA_MOR,MORELOS,CUERNAVACA,04/12/2023,,,,30,$29.68,$0.99,30,$-,$-,$-,$-,$29.68,$4.75,$34.43
F-8C1F07DFA7,AUTORIZADO,NOV_24,,1,Teclado y raton inalambricos,UEITICS,CIUDAD DE MEXICO,CUAUHTEMOC,25/07/2024,,,,30,$29.68,$0.99,30,$-,$-,$-,$-,$29.68,$4.75,$34.43
F-A5DD875DB5,AUTORIZADO,FEB-MAY_23,FASE INICIAL,1,Computadora de Escritorio Estandar,FECOC,CIUDAD DE MEXICO,CUAUHTÉMOC,10/04/2023,,,,30,$607.34,$20.24,30,$-,$-,$-,$-,$607.34,$97.17,$704.51
F-D027A6418A,AUTORIZADO,NOV_24,,1,Computadora de Escritorio Estandar,PFM,CHIAPAS,TUXTLA GUTIERREZ,18/09/2024,,,,30,$607.34,$20.24,30,$-,$-,$-,$-,$607.34,$97.17,$704.51
F-DD0B36D6AB,AUTORIZADO,SEP_COMP_24,BAJO DEMANDA,1,Computadora Portatil Estandar,FECOR,CIUDAD DE MEXICO,ALVARO OBREGON,26/03/2024,,,,30,$664.99,$22.17,30,$-,$-,$-,$-,$664.99,$106.40,$771.39
F-75768CEBC2,AUTORIZADO,SEP_COMP_24,BAJO DEMANDA,1,Computadora Portatil Estandar,SA_SLP,SAN LUIS POTOSI,SAN LUIS POTOSI,19/02/2024,,,,30,$664.99,$22.17,30,$-,$-,$-,$-,$664.99,$106.40,$771.39
F-11F38DE91B,AUTORIZADO,ABRIL_25,BAJO DEMANDA,1,Monitor 24 pulgadas,INACIPE,CIUDAD DE MEXICO,TLALPAN,31/03/2025,,,,30,$91.12,$3.04,30,$-,$-,$-,$-,$91.12,$14.58,$105.70
F-0A27553D79,AUTORIZADO,FEB-MAY_23,FASE INICIAL,1,Computadora Portatil Estandar,SA_NL,NUEVO LEON,GENERAL ESCOBEDO,25/04/2023,,,,30,$664.99,$22.17,30,$-,$-,$-,$-,$664.99,$106.40,$771.39
F-2E011FCF6B,AUTORIZADO,FEB-MAY_23,FASE INICIAL,1,Computadora de Escritorio Estandar,DGTIC,CIUDAD DE MEXICO,CUAUHTEMOC,22/03/2023,,,,30,$607.34,$20.24,30,$-,$-,$-,$-,$607.34,$97.17,$704.51
F-7DB8F9472A,PAUSADO (JUNIO 2026),ENERO_25,,1,Teclado y raton inalambricos,FECOR,CIUDAD DE MEXICO,ALVARO OBREGON,22/01/2024,16,14,,30,$29.68,$0.99,16,$-,$-,$-,$-,$15.83,$2.53,$18.36
F-18C35C0DEE,PAUSADO (JUNIO 2026),FEB-MAY_23,FASE INICIAL,1,Computadora Portatil Estandar,SA_QRO,QUERETARO,SAN JUAN DEL RIO,13/04/2023,29,1,,30,$664.99,$22.17,29,$-,$-,$-,$-,$642.82,$102.85,$745.68
F-49188A22D5,PAUSADO (JUNIO 2026),,"""776""_INICIAL",1,Computadora de Escritorio Estandar,DGRHO,CIUDAD DE MEXICO,CUAUHTEMOC,29/06/2023,19,11,,30,$607.34,$20.24,19,$-,$-,$-,$-,$384.65,$61.54,$446.19
F-21A8AA0378,PAUSADO (JUNIO 2026),ENERO_2026,BAJO DEMANDA,1,Monitor 24 pulgadas,FEMDH,CIUDAD DE MEXICO,CUAUHTEMOC,11/12/2025,15,15,,30,$91.12,$3.04,15,$-,$-,$-,$-,$45.56,$7.29,$52.85
F-03A4E36966,PAUSADO (JUNIO 2026),,"""776""_INICIAL",1,Computadora Portatil 2 en 1,FECOR,CIUDAD DE MEXICO,CUAUHTEMOC,27/06/2023,23,7,,30,"$1,239.14",$41.30,23,$-,$-,$-,$-,$950.01,$152.00,"$1,102.01"
F-FBE02B2234,AUTORIZADO,SEP_COMP_24,BAJO DEMANDA,2,Monitor 24 pulgadas,SA_SIN,SINALOA,MAZATLAN,02/02/2024,,,,30,$91.12,$3.04,30,$-,$-,$-,$-,$91.12,$14.58,$105.70
F-EBC0912121,AUTORIZADO,ENERO_25,,1,Teclado y raton inalambricos,CDMX,CIUDAD DE MEXICO,CUAUHTEMOC,21/11/2024,,,,30,$29.68,$0.99,30,$-,$-,$-,$-,$29.68,$4.75,$34.43
F-195F92E1B8,AUTORIZADO,FEB-MAY_23,FASE INICIAL,1,Computadora de Escritorio Estandar,FISEL,CIUDAD DE MEXICO,ÁLVARO OBREGÓN,10/04/2023,,,,30,$607.34,$20.24,30,$-,$-,$-,$-,$607.34,$97.17,$704.51
F-1866BE1EE8,AUTORIZADO,FEB-MAY_23,FASE INICIAL,1,Computadora Portatil Estandar,SA_CDMX,CIUDAD DE MEXICO,CUAUHTEMOC,23/04/2023,,,,30,$664.99,$22.17,30,$-,$-,$-,$-,$664.99,$106.40,$771.39
F-848137E3CF,AUTORIZADO,FEB-MAY_23,FASE INICIAL,1,Computadora Portatil Estandar,FECOC,CIUDAD DE MEXICO,CUAUHTEMOC,17/03/2023,,,,30,$664.99,$22.17,30,$-,$-,$-,$-,$664.99,$106.40,$771.39
F-616AC7D4F0,AUTORIZADO,JUNIO_25,BAJO DEMANDA,1,Teclado y raton inalambricos,SA_CDMX,CIUDAD DE MEXICO,MIGUEL HIDALGO,09/06/2025,,,,30,$29.68,$0.99,30,$-,$-,$-,$-,$29.68,$4.75,$34.43
F-653C5C871A,AUTORIZADO,SEP_COMP_24,BAJO DEMANDA,2,Computadora Portatil Estandar,SA_COL,COLIMA,MANZANILLO,27/12/2023,,,,30,$664.99,$22.17,30,$-,$-,$-,$-,$664.99,$106.40,$771.39
F-AB89978D5C,AUTORIZADO,SEP_COMP_24,BAJO DEMANDA,1,Monitor 24 pulgadas,SA_EDOMEX,MEXICO,TOLUCA,14/02/2024,,,,30,$91.12,$3.04,30,$-,$-,$-,$-,$91.12,$14.58,$105.70
F-7709278AEA,AUTORIZADO,SEP_COMP_24,BAJO DEMANDA,1,Monitor 24 pulgadas,SA_YUC,YUCATAN,MERIDA,30/11/2023,,,,30,$91.12,$3.04,30,$-,$-,$-,$-,$91.12,$14.58,$105.70
F-61A66BE809,AUTORIZADO,SEP_COMP_24,BAJO DEMANDA,2,Teclado y raton inalambricos,SA_TAMPS,TAMAULIPAS,NUEVO LAREDO,14/12/2023,,,,30,$29.68,$0.99,30,$-,$-,$-,$-,$29.68,$4.75,$34.43
F-D211EED326,DEVOLUCION (FRACCION DE SALIDA),FEB-MAY_23,FASE INICIAL,1,Computadora de Escritorio Estandar,COPLADII,CIUDAD DE MEXICO,CUAUHTEMOC,30/03/2023,,,,30,$607.34,$20.24,25,$-,$-,$-,$-,$506.12,$80.98,$587.10
F-710452EB41,AUTORIZADO,,BAJO DEMANDA,1,Computadora Portatil 2 en 1,SA_BCS,BAJA CALIFORNIA SUR,LA PAZ,23/08/2023,,,,30,"$1,239.14",$41.30,30,$-,$-,$-,$-,"$1,239.14",$198.26,"$1,437.40"
F-0249E77CE4,AUTORIZADO,AGOSTO_25,BAJO DEMANDA,1,Computadora de Escritorio Estandar,UEAJ,CIUDAD DE MEXICO,MIGUEL HIDALGO,23/07/2025,,,,30,$607.34,$20.24,30,$-,$-,$-,$-,$607.34,$97.17,$704.51
F-CF1BAD2507,AUTORIZADO,FEB-MAY_23,FASE INICIAL,1,Computadora de Escritorio Estandar,SA_GTO,GUANAJUATO,GUANAJUATO,27/04/2023,,,,30,$607.34,$20.24,30,$-,$-,$-,$-,$607.34,$97.17,$704.51
F-C37E4C30C4,AUTORIZADO,ENERO_2026,BAJO DEMANDA,1,Computadora Portatil Estandar,PFM,PUEBLA,PUEBLA,14/11/2025,,,,30,$664.99,$22.17,30,$-,$-,$-,$-,$664.99,$106.40,$771.39
F-7DD2F740C6,AUTORIZADO,ENERO_25,,1,Monitor 24 pulgadas,FEMED,CIUDAD DE MEXICO,ALVARO OBREGON,06/02/2024,,,,30,$91.12,$3.04,30,$-,$-,$-,$-,$91.12,$14.58,$105.70
F-C3A256F2B1,AUTORIZADO,SEP_COMP_24,BAJO DEMANDA,3,Teclado y raton inalambricos,SA_CAMP,CAMPECHE,CARMEN,12/12/2023,,,,30,$29.68,$0.99,30,$-,$-,$-,$-,$29.68,$4.75,$34.43
F-1122A8FAB0,AUTORIZADO,,BAJO DEMANDA,1,Computadora Portatil Estandar,SA_TAMPS,TAMAULIPAS,REYNOSA,21/08/2023,,,,30,$664.99,$22.17,30,$-,$-,$-,$-,$664.99,$106.40,$771.39
F-9E8CE7FD3F,DEVOLUCION (FRACCION DE SALIDA),FEB-MAY_23,FASE INICIAL,1,Computadora de Escritorio Estandar,FEMDH,CIUDAD DE MEXICO,CUAUHTEMOC,28/03/2023,,,,30,$607.34,$20.24,4,$-,$-,$-,$-,$80.98,$12.96,$93.94
F-877037A219,AUTORIZADO,SEP_COMP_24,BAJO DEMANDA,1,Monitor 24 pulgadas,SA_MOR,MORELOS,CUERNAVACA,12/12/2023,,,,30,$91.12,$3.04,30,$-,$-,$-,$-,$91.12,$14.58,$105.70
F-807AFA8C97,AUTORIZADO,MARZO_25,,1,Teclado y raton inalambricos,CFPF,CIUDAD DE MEXICO,CUAUHTEMOC,16/01/2025,,,,30,$29.68,$0.99,30,$-,$-,$-,$-,$29.68,$4.75,$34.43
F-4FED0B16E5,AUTORIZADO,ENERO_25,,1,Monitor 24 pulgadas,FECOR,CIUDAD DE MEXICO,ALVARO OBREGON,22/01/2024,,,,30,$91.12,$3.04,30,$-,$-,$-,$-,$91.12,$14.58,$105.70
F-C66D9B732C,AUTORIZADO,FEB-MAY_23,FASE INICIAL,1,Computadora de Escritorio Estandar,SA_COAH,COAHUILA,TORREON,24/04/2023,,,,30,$607.34,$20.24,30,$-,$-,$-,$-,$607.34,$97.17,$704.51
F-B6F428EC76,AUTORIZADO (PAGO REACTIVADO)_mayo,SEP_COMP_24,BAJO DEMANDA,1,Monitor 24 pulgadas,CA_FEMDH,CIUDAD DE MEXICO,CUAUHTEMOC,13/03/2024,,3,$8.82,30,$91.12,$3.04,0,-,-,$8.82,$91.12,$99.94,$15.99,$115.93
F-8878439744,AUTORIZADO,JUNIO_25,BAJO DEMANDA,2,Teclado y raton inalambricos,SA_HGO,HIDALGO,TULA DE ALLENDE,28/05/2025,,,,30,$29.68,$0.99,30,$-,$-,$-,$-,$29.68,$4.75,$34.43
F-FDEB240B15,AUTORIZADO,OCT_24,,1,Computadora Portatil Estandar,CDMX,CIUDAD DE MEXICO,CUAUHTEMOC,31/05/2024,,,,30,$664.99,$22.17,30,$-,$-,$-,$-,$664.99,$106.40,$771.39
F-6CD3F6B3E3,PAUSADO (MAYO 2026),JUNIO_25,BAJO DEMANDA,1,Computadora Portatil Estandar,INACIPE,CIUDAD DE MEXICO,TLALPAN,02/05/2025,,12,,30,$664.99,$22.17,0,-,-,-,,$-,$-,$-
F-D16B4CA253,AUTORIZADO,FEB-MAY_23,FASE INICIAL,1,Computadora de Escritorio Estandar,CECC,CIUDAD DE MEXICO,CUAUHTÉMOC,28/04/2023,,,,30,$607.34,$20.24,30,$-,$-,$-,$-,$607.34,$97.17,$704.51
F-BA180BCF15,AUTORIZADO,OCTUBRE_25,BAJO DEMANDA,1,Computadora de Escritorio All in One,CFPF,CIUDAD DE MEXICO,CUAUHTEMOC,08/10/2025,,,,30,$708.18,$23.61,30,$-,$-,$-,$-,$708.18,$113.31,$821.49
F-D533132B7B,AUTORIZADO,FEB-MAY_23,FASE INICIAL,1,Computadora de Escritorio Desarrollador,DGSA,CIUDAD DE MEXICO,VENUSTIANO CARRANZA,11/05/2023,,,,30,$940.65,$31.36,30,$-,$-,$-,$-,$940.65,$150.50,"$1,091.15"
F-0131F1A07E,DEVOLUCION (FRACCION DE SALIDA),FEB-MAY_23,FASE INICIAL,2,Computadora de Escritorio Estandar,SA_GRO,GUERRERO,ACAPULCO DE JUAREZ,02/05/2023,,,,30,$607.34,$20.24,26,$-,$-,$-,$-,$526.36,$84.22,$610.58
F-82BE0A4F2F,AUTORIZADO,SEP_COMP_24,BAJO DEMANDA,1,Computadora Portatil Estandar,CDMX,CIUDAD DE MEXICO,CUAUHTEMOC,09/01/2024,,,,30,$664.99,$22.17,30,$-,$-,$-,$-,$664.99,$106.40,$771.39
F-3CFBC8F4DB,AUTORIZADO,,"""776""_INICIAL",1,Computadora de Escritorio Estandar,CFSPC,CIUDAD DE MEXICO,CUAUHTEMOC,17/07/2023,,,,30,$607.34,$20.24,30,$-,$-,$-,$-,$607.34,$97.17,$704.51
F-D1D1C3F959,PAUSADO (JUNIO 2026),FEB-MAY_23,FASE INICIAL,1,Computadora de Escritorio Estandar,FEMDH,CIUDAD DE MEXICO,CUAUHTEMOC,27/03/2023,15,15,,30,$607.34,$20.24,15,$-,$-,$-,$-,$303.67,$48.59,$352.26
F-08FBEA218E,PAUSADO (JUNIO 2026),MARZO_2026,BAJO DEMANDA,1,Computadora Portatil Estandar,FEMDH,CIUDAD DE MEXICO,CUAUHTEMOC,11/12/2025,16,14,,30,$664.99,$22.17,16,$-,$-,$-,$-,$354.66,$56.75,$411.41
